Application,ProcessID,SwapChainAddress,Runtime,SyncInterval,PresentFlags,AllowsTearing,PresentMode,Dropped,TimeInSeconds,MsBetweenPresents,MsBetweenDisplayChange,MsInPresentAPI
DemoGame.exe,7412,0x1F2A3B4C,DXGI,0,0,1,Hardware: Independent Flip,0,0.006769,6.7693,6.7693,0.4210
DemoGame.exe,7412,0x1F2A3B4C,DXGI,0,0,1,Hardware: Independent Flip,0,0.013484,6.7148,6.7148,0.4210
DemoGame.exe,7412,0x1F2A3B4C,DXGI,0,0,1,Hardware: Independent Flip,0,0.020317,6.8330,6.8330,0.4210
DemoGame.exe,7412,0x1F2A3B4C,DXGI,0,0,1,Hardware: Independent Flip,0,0.027520,7.2028,7.2028,0.4210
DemoGame.exe,7412,0x1F2A3B4C,DXGI,0,0,1,Hardware: Independent Flip,0,0.034669,7.1495,7.1495,0.4210
DemoGame.exe,7412,0x1F2A3B4C,DXGI,0,0,1,Hardware: Independent Flip,0,0.041890,7.2202,7.2202,0.4210
DemoGame.exe,7412,0x1F2A3B4C,DXGI,0,0,1,Hardware: Independent Flip,0,0.049108,7.2187,7.2187,0.4210
DemoGame.exe,7412,0x1F2A3B4C,DXGI,0,0,1,Hardware: Independent Flip,0,0.055869,6.7605,6.7605,0.4210
DemoGame.exe,7412,0x1F2A3B4C,DXGI,0,0,1,Hardware: Independent Flip,0,0.062745,6.8761,6.8761,0.4210
DemoGame.exe,7412,0x1F2A3B4C,DXGI,0,0,1,Hardware: Independent Flip,0,0.069565,6.8204,6.8204,0.4210
DemoGame.exe,7412,0x1F2A3B4C,DXGI,0,0,1,Hardware: Independent Flip,0,0.076390,6.8244,6.8244,0.4210
DemoGame.exe,7412,0x1F2A3B4C,DXGI,0,0,1,Hardware: Independent Flip,0,0.083203,6.8135,6.8135,0.4210
DemoGame.exe,7412,0x1F2A3B4C,DXGI,0,0,1,Hardware: Independent Flip,0,0.090300,7.0968,7.0968,0.4210
DemoGame.exe,7412,0x1F2A3B4C,DXGI,0,0,1,Hardware: Independent Flip,0,0.096974,6.6745,6.6745,0.4210
DemoGame.exe,7412,0x1F2A3B4C,DXGI,0,0,1,Hardware: Independent Flip,0,0.104125,7.1507,7.1507,0.4210
DemoGame.exe,7412,0x1F2A3B4C,DXGI,0,0,1,Hardware: Independent Flip,0,0.110778,6.6529,6.6529,0.4210
DemoGame.exe,7412,0x1F2A3B4C,DXGI,0,0,1,Hardware: Independent Flip,0,0.117952,7.1735,7.1735,0.4210
DemoGame.exe,7412,0x1F2A3B4C,DXGI,0,0,1,Hardware: Independent Flip,0,0.125156,7.2047,7.2047,0.4210
DemoGame.exe,7412,0x1F2A3B4C,DXGI,0,0,1,Hardware: Independent Flip,0,0.132322,7.1662,7.1662,0.4210
DemoGame.exe,7412,0x1F2A3B4C,DXGI,0,0,1,Hardware: Independent Flip,0,0.138971,6.6485,6.6485,0.4210
DemoGame.exe,7412,0x1F2A3B4C,DXGI,0,0,1,Hardware: Independent Flip,0,0.145894,6.9229,6.9229,0.4210
DemoGame.exe,7412,0x1F2A3B4C,DXGI,0,0,1,Hardware: Independent Flip,0,0.153056,7.1619,7.1619,0.4210
DemoGame.exe,7412,0x1F2A3B4C,DXGI,0,0,1,Hardware: Independent Flip,0,0.160271,7.2150,7.2150,0.4210
DemoGame.exe,7412,0x1F2A3B4C,DXGI,0,0,1,Hardware: Independent Flip,0,0.166979,6.7088,6.7088,0.4210
DemoGame.exe,7412,0x1F2A3B4C,DXGI,0,0,1,Hardware: Independent Flip,0,0.174064,7.0841,7.0841,0.4210
DemoGame.exe,7412,0x1F2A3B4C,DXGI,0,0,1,Hardware: Independent Flip,0,0.180985,6.9212,6.9212,0.4210
DemoGame.exe,7412,0x1F2A3B4C,DXGI,0,0,1,Hardware: Independent Flip,0,0.187893,6.9079,6.9079,0.4210
DemoGame.exe,7412,0x1F2A3B4C,DXGI,0,0,1,Hardware: Independent Flip,0,0.194599,6.7061,6.7061,0.4210
DemoGame.exe,7412,0x1F2A3B4C,DXGI,0,0,1,Hardware: Independent Flip,0,0.201749,7.1502,7.1502,0.4210
DemoGame.exe,7412,0x1F2A3B4C,DXGI,0,0,1,Hardware: Independent Flip,0,0.208901,7.1521,7.1521,0.4210
DemoGame.exe,7412,0x1F2A3B4C,DXGI,0,0,1,Hardware: Independent Flip,0,0.216012,7.1107,7.1107,0.4210
DemoGame.exe,7412,0x1F2A3B4C,DXGI,0,0,1,Hardware: Independent Flip,0,0.223033,7.0209,7.0209,0.4210
DemoGame.exe,7412,0x1F2A3B4C,DXGI,0,0,1,Hardware: Independent Flip,0,0.230239,7.2061,7.2061,0.4210
DemoGame.exe,7412,0x1F2A3B4C,DXGI,0,0,1,Hardware: Independent Flip,0,0.237188,6.9488,6.9488,0.4210
DemoGame.exe,7412,0x1F2A3B4C,DXGI,0,0,1,Hardware: Independent Flip,0,0.244128,6.9407,6.9407,0.4210
DemoGame.exe,7412,0x1F2A3B4C,DXGI,0,0,1,Hardware: Independent Flip,0,0.251196,7.0675,7.0675,0.4210
DemoGame.exe,7412,0x1F2A3B4C,DXGI,0,0,1,Hardware: Independent Flip,0,0.258160,6.9640,6.9640,0.4210
DemoGame.exe,7412,0x1F2A3B4C,DXGI,0,0,1,Hardware: Independent Flip,0,0.265131,6.9710,6.9710,0.4210
DemoGame.exe,7412,0x1F2A3B4C,DXGI,0,0,1,Hardware: Independent Flip,0,0.271959,6.8282,6.8282,0.4210
DemoGame.exe,7412,0x1F2A3B4C,DXGI,0,0,1,Hardware: Independent Flip,0,0.278669,6.7101,6.7101,0.4210
DemoGame.exe,7412,0x1F2A3B4C,DXGI,0,0,1,Hardware: Independent Flip,0,0.285862,7.1928,7.1928,0.4210
DemoGame.exe,7412,0x1F2A3B4C,DXGI,0,0,1,Hardware: Independent Flip,0,0.292606,6.7439,6.7439,0.4210
DemoGame.exe,7412,0x1F2A3B4C,DXGI,0,0,1,Hardware: Independent Flip,0,0.299297,6.6915,6.6915,0.4210
DemoGame.exe,7412,0x1F2A3B4C,DXGI,0,0,1,Hardware: Independent Flip,0,0.306285,6.9882,6.9882,0.4210
DemoGame.exe,7412,0x1F2A3B4C,DXGI,0,0,1,Hardware: Independent Flip,0,0.313422,7.1370,7.1370,0.4210
DemoGame.exe,7412,0x1F2A3B4C,DXGI,0,0,1,Hardware: Independent Flip,0,0.320193,6.7702,6.7702,0.4210
DemoGame.exe,7412,0x1F2A3B4C,DXGI,0,0,1,Hardware: Independent Flip,0,0.326964,6.7719,6.7719,0.4210
DemoGame.exe,7412,0x1F2A3B4C,DXGI,0,0,1,Hardware: Independent Flip,0,0.333850,6.8855,6.8855,0.4210
DemoGame.exe,7412,0x1F2A3B4C,DXGI,0,0,1,Hardware: Independent Flip,0,0.340952,7.1020,7.1020,0.4210
DemoGame.exe,7412,0x1F2A3B4C,DXGI,0,0,1,Hardware: Independent Flip,0,0.348155,7.2031,7.2031,0.4210
DemoGame.exe,7412,0x1F2A3B4C,DXGI,0,0,1,Hardware: Independent Flip,0,0.355244,7.0891,7.0891,0.4210
DemoGame.exe,7412,0x1F2A3B4C,DXGI,0,0,1,Hardware: Independent Flip,0,0.362071,6.8271,6.8271,0.4210
DemoGame.exe,7412,0x1F2A3B4C,DXGI,0,0,1,Hardware: Independent Flip,0,0.368892,6.8208,6.8208,0.4210
DemoGame.exe,7412,0x1F2A3B4C,DXGI,0,0,1,Hardware: Independent Flip,0,0.376059,7.1665,7.1665,0.4210
DemoGame.exe,7412,0x1F2A3B4C,DXGI,0,0,1,Hardware: Independent Flip,0,0.383244,7.1852,7.1852,0.4210
DemoGame.exe,7412,0x1F2A3B4C,DXGI,0,0,1,Hardware: Independent Flip,0,0.390095,6.8514,6.8514,0.4210
DemoGame.exe,7412,0x1F2A3B4C,DXGI,0,0,1,Hardware: Independent Flip,0,0.396839,6.7438,6.7438,0.4210
DemoGame.exe,7412,0x1F2A3B4C,DXGI,0,0,1,Hardware: Independent Flip,0,0.403607,6.7681,6.7681,0.4210
DemoGame.exe,7412,0x1F2A3B4C,DXGI,0,0,1,Hardware: Independent Flip,0,0.410370,6.7627,6.7627,0.4210
DemoGame.exe,7412,0x1F2A3B4C,DXGI,0,0,1,Hardware: Independent Flip,0,0.417242,6.8723,6.8723,0.4210
DemoGame.exe,7412,0x1F2A3B4C,DXGI,0,0,1,Hardware: Independent Flip,0,0.424198,6.9563,6.9563,0.4210
DemoGame.exe,7412,0x1F2A3B4C,DXGI,0,0,1,Hardware: Independent Flip,0,0.431355,7.1566,7.1566,0.4210
DemoGame.exe,7412,0x1F2A3B4C,DXGI,0,0,1,Hardware: Independent Flip,0,0.438209,6.8544,6.8544,0.4210
DemoGame.exe,7412,0x1F2A3B4C,DXGI,0,0,1,Hardware: Independent Flip,0,0.445177,6.9679,6.9679,0.4210
DemoGame.exe,7412,0x1F2A3B4C,DXGI,0,0,1,Hardware: Independent Flip,0,0.452131,6.9537,6.9537,0.4210
DemoGame.exe,7412,0x1F2A3B4C,DXGI,0,0,1,Hardware: Independent Flip,0,0.459178,7.0474,7.0474,0.4210
DemoGame.exe,7412,0x1F2A3B4C,DXGI,0,0,1,Hardware: Independent Flip,0,0.466030,6.8514,6.8514,0.4210
DemoGame.exe,7412,0x1F2A3B4C,DXGI,0,0,1,Hardware: Independent Flip,0,0.472822,6.7921,6.7921,0.4210
DemoGame.exe,7412,0x1F2A3B4C,DXGI,0,0,1,Hardware: Independent Flip,0,0.479800,6.9778,6.9778,0.4210
DemoGame.exe,7412,0x1F2A3B4C,DXGI,0,0,1,Hardware: Independent Flip,0,0.486527,6.7272,6.7272,0.4210
DemoGame.exe,7412,0x1F2A3B4C,DXGI,0,0,1,Hardware: Independent Flip,0,0.493460,6.9328,6.9328,0.4210
DemoGame.exe,7412,0x1F2A3B4C,DXGI,0,0,1,Hardware: Independent Flip,0,0.500306,6.8465,6.8465,0.4210
DemoGame.exe,7412,0x1F2A3B4C,DXGI,0,0,1,Hardware: Independent Flip,0,0.507327,7.0205,7.0205,0.4210
DemoGame.exe,7412,0x1F2A3B4C,DXGI,0,0,1,Hardware: Independent Flip,0,0.514427,7.1001,7.1001,0.4210
DemoGame.exe,7412,0x1F2A3B4C,DXGI,0,0,1,Hardware: Independent Flip,0,0.521126,6.6997,6.6997,0.4210
DemoGame.exe,7412,0x1F2A3B4C,DXGI,0,0,1,Hardware: Independent Flip,0,0.527950,6.8230,6.8230,0.4210
DemoGame.exe,7412,0x1F2A3B4C,DXGI,0,0,1,Hardware: Independent Flip,0,0.535064,7.1145,7.1145,0.4210
DemoGame.exe,7412,0x1F2A3B4C,DXGI,0,0,1,Hardware: Independent Flip,0,0.541935,6.8707,6.8707,0.4210
DemoGame.exe,7412,0x1F2A3B4C,DXGI,0,0,1,Hardware: Independent Flip,0,0.548751,6.8159,6.8159,0.4210
DemoGame.exe,7412,0x1F2A3B4C,DXGI,0,0,1,Hardware: Independent Flip,0,0.555709,6.9579,6.9579,0.4210
DemoGame.exe,7412,0x1F2A3B4C,DXGI,0,0,1,Hardware: Independent Flip,0,0.562502,6.7933,6.7933,0.4210
DemoGame.exe,7412,0x1F2A3B4C,DXGI,0,0,1,Hardware: Independent Flip,0,0.569168,6.6664,6.6664,0.4210
DemoGame.exe,7412,0x1F2A3B4C,DXGI,0,0,1,Hardware: Independent Flip,0,0.576016,6.8481,6.8481,0.4210
DemoGame.exe,7412,0x1F2A3B4C,DXGI,0,0,1,Hardware: Independent Flip,0,0.583207,7.1911,7.1911,0.4210
DemoGame.exe,7412,0x1F2A3B4C,DXGI,0,0,1,Hardware: Independent Flip,0,0.589914,6.7070,6.7070,0.4210
DemoGame.exe,7412,0x1F2A3B4C,DXGI,0,0,1,Hardware: Independent Flip,0,0.596842,6.9275,6.9275,0.4210
DemoGame.exe,7412,0x1F2A3B4C,DXGI,0,0,1,Hardware: Independent Flip,0,0.603686,6.8442,6.8442,0.4210
DemoGame.exe,7412,0x1F2A3B4C,DXGI,0,0,1,Hardware: Independent Flip,0,0.610370,6.6836,6.6836,0.4210
DemoGame.exe,7412,0x1F2A3B4C,DXGI,0,0,1,Hardware: Independent Flip,0,0.617377,7.0076,7.0076,0.4210
DemoGame.exe,7412,0x1F2A3B4C,DXGI,0,0,1,Hardware: Independent Flip,0,0.624111,6.7333,6.7333,0.4210
DemoGame.exe,7412,0x1F2A3B4C,DXGI,0,0,1,Hardware: Independent Flip,0,0.631078,6.9677,6.9677,0.4210
DemoGame.exe,7412,0x1F2A3B4C,DXGI,0,0,1,Hardware: Independent Flip,0,0.637918,6.8399,6.8399,0.4210
DemoGame.exe,7412,0x1F2A3B4C,DXGI,0,0,1,Hardware: Independent Flip,0,0.644771,6.8523,6.8523,0.4210
DemoGame.exe,7412,0x1F2A3B4C,DXGI,0,0,1,Hardware: Independent Flip,0,0.651970,7.1999,7.1999,0.4210
DemoGame.exe,7412,0x1F2A3B4C,DXGI,0,0,1,Hardware: Independent Flip,0,0.658968,6.9978,6.9978,0.4210
DemoGame.exe,7412,0x1F2A3B4C,DXGI,0,0,1,Hardware: Independent Flip,0,0.665648,6.6801,6.6801,0.4210
DemoGame.exe,7412,0x1F2A3B4C,DXGI,0,0,1,Hardware: Independent Flip,0,0.672782,7.1335,7.1335,0.4210
DemoGame.exe,7412,0x1F2A3B4C,DXGI,0,0,1,Hardware: Independent Flip,0,0.679749,6.9675,6.9675,0.4210
DemoGame.exe,7412,0x1F2A3B4C,DXGI,0,0,1,Hardware: Independent Flip,0,0.686428,6.6785,6.6785,0.4210
DemoGame.exe,7412,0x1F2A3B4C,DXGI,0,0,1,Hardware: Independent Flip,0,0.693161,6.7335,6.7335,0.4210
DemoGame.exe,7412,0x1F2A3B4C,DXGI,0,0,1,Hardware: Independent Flip,0,0.700324,7.1628,7.1628,0.4210
DemoGame.exe,7412,0x1F2A3B4C,DXGI,0,0,1,Hardware: Independent Flip,0,0.707548,7.2238,7.2238,0.4210
DemoGame.exe,7412,0x1F2A3B4C,DXGI,0,0,1,Hardware: Independent Flip,0,0.714700,7.1517,7.1517,0.4210
DemoGame.exe,7412,0x1F2A3B4C,DXGI,0,0,1,Hardware: Independent Flip,0,0.721719,7.0188,7.0188,0.4210
DemoGame.exe,7412,0x1F2A3B4C,DXGI,0,0,1,Hardware: Independent Flip,0,0.728633,6.9142,6.9142,0.4210
DemoGame.exe,7412,0x1F2A3B4C,DXGI,0,0,1,Hardware: Independent Flip,0,0.735519,6.8866,6.8866,0.4210
DemoGame.exe,7412,0x1F2A3B4C,DXGI,0,0,1,Hardware: Independent Flip,0,0.742570,7.0506,7.0506,0.4210
DemoGame.exe,7412,0x1F2A3B4C,DXGI,0,0,1,Hardware: Independent Flip,0,0.749535,6.9647,6.9647,0.4210
DemoGame.exe,7412,0x1F2A3B4C,DXGI,0,0,1,Hardware: Independent Flip,0,0.756646,7.1108,7.1108,0.4210
DemoGame.exe,7412,0x1F2A3B4C,DXGI,0,0,1,Hardware: Independent Flip,0,0.763652,7.0062,7.0062,0.4210
DemoGame.exe,7412,0x1F2A3B4C,DXGI,0,0,1,Hardware: Independent Flip,0,0.770633,6.9809,6.9809,0.4210
DemoGame.exe,7412,0x1F2A3B4C,DXGI,0,0,1,Hardware: Independent Flip,0,0.777750,7.1171,7.1171,0.4210
DemoGame.exe,7412,0x1F2A3B4C,DXGI,0,0,1,Hardware: Independent Flip,0,0.784946,7.1963,7.1963,0.4210
DemoGame.exe,7412,0x1F2A3B4C,DXGI,0,0,1,Hardware: Independent Flip,0,0.791995,7.0487,7.0487,0.4210
DemoGame.exe,7412,0x1F2A3B4C,DXGI,0,0,1,Hardware: Independent Flip,0,0.798718,6.7230,6.7230,0.4210
DemoGame.exe,7412,0x1F2A3B4C,DXGI,0,0,1,Hardware: Independent Flip,0,0.805652,6.9339,6.9339,0.4210
DemoGame.exe,7412,0x1F2A3B4C,DXGI,0,0,1,Hardware: Independent Flip,0,0.812604,6.9525,6.9525,0.4210
DemoGame.exe,7412,0x1F2A3B4C,DXGI,0,0,1,Hardware: Independent Flip,0,0.819511,6.9073,6.9073,0.4210
DemoGame.exe,7412,0x1F2A3B4C,DXGI,0,0,1,Hardware: Independent Flip,0,0.826416,6.9049,6.9049,0.4210
DemoGame.exe,7412,0x1F2A3B4C,DXGI,0,0,1,Hardware: Independent Flip,0,0.833087,6.6702,6.6702,0.4210
DemoGame.exe,7412,0x1F2A3B4C,DXGI,0,0,1,Hardware: Independent Flip,0,0.839934,6.8473,6.8473,0.4210
DemoGame.exe,7412,0x1F2A3B4C,DXGI,0,0,1,Hardware: Independent Flip,0,0.846746,6.8117,6.8117,0.4210
DemoGame.exe,7412,0x1F2A3B4C,DXGI,0,0,1,Hardware: Independent Flip,0,0.853774,7.0285,7.0285,0.4210
DemoGame.exe,7412,0x1F2A3B4C,DXGI,0,0,1,Hardware: Independent Flip,0,0.860663,6.8885,6.8885,0.4210
DemoGame.exe,7412,0x1F2A3B4C,DXGI,0,0,1,Hardware: Independent Flip,0,0.867666,7.0035,7.0035,0.4210
DemoGame.exe,7412,0x1F2A3B4C,DXGI,0,0,1,Hardware: Independent Flip,0,0.874403,6.7369,6.7369,0.4210
DemoGame.exe,7412,0x1F2A3B4C,DXGI,0,0,1,Hardware: Independent Flip,0,0.881641,7.2382,7.2382,0.4210
DemoGame.exe,7412,0x1F2A3B4C,DXGI,0,0,1,Hardware: Independent Flip,0,0.888706,7.0646,7.0646,0.4210
DemoGame.exe,7412,0x1F2A3B4C,DXGI,0,0,1,Hardware: Independent Flip,0,0.895452,6.7463,6.7463,0.4210
DemoGame.exe,7412,0x1F2A3B4C,DXGI,0,0,1,Hardware: Independent Flip,0,0.902116,6.6636,6.6636,0.4210
DemoGame.exe,7412,0x1F2A3B4C,DXGI,0,0,1,Hardware: Independent Flip,0,0.909049,6.9335,6.9335,0.4210
DemoGame.exe,7412,0x1F2A3B4C,DXGI,0,0,1,Hardware: Independent Flip,0,0.915840,6.7910,6.7910,0.4210
DemoGame.exe,7412,0x1F2A3B4C,DXGI,0,0,1,Hardware: Independent Flip,0,0.922676,6.8362,6.8362,0.4210
DemoGame.exe,7412,0x1F2A3B4C,DXGI,0,0,1,Hardware: Independent Flip,0,0.929403,6.7263,6.7263,0.4210
DemoGame.exe,7412,0x1F2A3B4C,DXGI,0,0,1,Hardware: Independent Flip,0,0.936442,7.0391,7.0391,0.4210
DemoGame.exe,7412,0x1F2A3B4C,DXGI,0,0,1,Hardware: Independent Flip,0,0.943255,6.8135,6.8135,0.4210
DemoGame.exe,7412,0x1F2A3B4C,DXGI,0,0,1,Hardware: Independent Flip,0,0.950014,6.7586,6.7586,0.4210
DemoGame.exe,7412,0x1F2A3B4C,DXGI,0,0,1,Hardware: Independent Flip,0,0.957087,7.0733,7.0733,0.4210
DemoGame.exe,7412,0x1F2A3B4C,DXGI,0,0,1,Hardware: Independent Flip,0,0.964008,6.9209,6.9209,0.4210
DemoGame.exe,7412,0x1F2A3B4C,DXGI,0,0,1,Hardware: Independent Flip,0,0.971072,7.0644,7.0644,0.4210
DemoGame.exe,7412,0x1F2A3B4C,DXGI,0,0,1,Hardware: Independent Flip,0,0.978193,7.1209,7.1209,0.4210
DemoGame.exe,7412,0x1F2A3B4C,DXGI,0,0,1,Hardware: Independent Flip,0,0.985317,7.1234,7.1234,0.4210
DemoGame.exe,7412,0x1F2A3B4C,DXGI,0,0,1,Hardware: Independent Flip,0,0.992134,6.8169,6.8169,0.4210
DemoGame.exe,7412,0x1F2A3B4C,DXGI,0,0,1,Hardware: Independent Flip,0,0.998779,6.6454,6.6454,0.4210
DemoGame.exe,7412,0x1F2A3B4C,DXGI,0,0,1,Hardware: Independent Flip,0,1.005775,6.9964,6.9964,0.4210
DemoGame.exe,7412,0x1F2A3B4C,DXGI,0,0,1,Hardware: Independent Flip,0,1.012870,7.0946,7.0946,0.4210
DemoGame.exe,7412,0x1F2A3B4C,DXGI,0,0,1,Hardware: Independent Flip,0,1.019758,6.8876,6.8876,0.4210
DemoGame.exe,7412,0x1F2A3B4C,DXGI,0,0,1,Hardware: Independent Flip,0,1.026805,7.0476,7.0476,0.4210
DemoGame.exe,7412,0x1F2A3B4C,DXGI,0,0,1,Hardware: Independent Flip,0,1.033926,7.1209,7.1209,0.4210
DemoGame.exe,7412,0x1F2A3B4C,DXGI,0,0,1,Hardware: Independent Flip,0,1.040634,6.7079,6.7079,0.4210
DemoGame.exe,7412,0x1F2A3B4C,DXGI,0,0,1,Hardware: Independent Flip,0,1.047606,6.9716,6.9716,0.4210
DemoGame.exe,7412,0x1F2A3B4C,DXGI,0,0,1,Hardware: Independent Flip,0,1.054476,6.8702,6.8702,0.4210
DemoGame.exe,7412,0x1F2A3B4C,DXGI,0,0,1,Hardware: Independent Flip,0,1.061182,6.7066,6.7066,0.4210
DemoGame.exe,7412,0x1F2A3B4C,DXGI,0,0,1,Hardware: Independent Flip,0,1.067835,6.6524,6.6524,0.4210
DemoGame.exe,7412,0x1F2A3B4C,DXGI,0,0,1,Hardware: Independent Flip,0,1.074965,7.1303,7.1303,0.4210
DemoGame.exe,7412,0x1F2A3B4C,DXGI,0,0,1,Hardware: Independent Flip,0,1.081960,6.9951,6.9951,0.4210
DemoGame.exe,7412,0x1F2A3B4C,DXGI,0,0,1,Hardware: Independent Flip,0,1.088800,6.8393,6.8393,0.4210
DemoGame.exe,7412,0x1F2A3B4C,DXGI,0,0,1,Hardware: Independent Flip,0,1.095707,6.9073,6.9073,0.4210
DemoGame.exe,7412,0x1F2A3B4C,DXGI,0,0,1,Hardware: Independent Flip,0,1.102366,6.6593,6.6593,0.4210
DemoGame.exe,7412,0x1F2A3B4C,DXGI,0,0,1,Hardware: Independent Flip,0,1.109187,6.8213,6.8213,0.4210
DemoGame.exe,7412,0x1F2A3B4C,DXGI,0,0,1,Hardware: Independent Flip,0,1.116080,6.8924,6.8924,0.4210
DemoGame.exe,7412,0x1F2A3B4C,DXGI,0,0,1,Hardware: Independent Flip,0,1.123310,7.2300,7.2300,0.4210
DemoGame.exe,7412,0x1F2A3B4C,DXGI,0,0,1,Hardware: Independent Flip,0,1.130172,6.8625,6.8625,0.4210
DemoGame.exe,7412,0x1F2A3B4C,DXGI,0,0,1,Hardware: Independent Flip,0,1.137263,7.0912,7.0912,0.4210
DemoGame.exe,7412,0x1F2A3B4C,DXGI,0,0,1,Hardware: Independent Flip,0,1.143980,6.7166,6.7166,0.4210
DemoGame.exe,7412,0x1F2A3B4C,DXGI,0,0,1,Hardware: Independent Flip,0,1.150814,6.8340,6.8340,0.4210
DemoGame.exe,7412,0x1F2A3B4C,DXGI,0,0,1,Hardware: Independent Flip,0,1.157739,6.9249,6.9249,0.4210
DemoGame.exe,7412,0x1F2A3B4C,DXGI,0,0,1,Hardware: Independent Flip,0,1.164853,7.1139,7.1139,0.4210
DemoGame.exe,7412,0x1F2A3B4C,DXGI,0,0,1,Hardware: Independent Flip,0,1.171507,6.6537,6.6537,0.4210
DemoGame.exe,7412,0x1F2A3B4C,DXGI,0,0,1,Hardware: Independent Flip,0,1.178660,7.1534,7.1534,0.4210
DemoGame.exe,7412,0x1F2A3B4C,DXGI,0,0,1,Hardware: Independent Flip,0,1.185479,6.8193,6.8193,0.4210
DemoGame.exe,7412,0x1F2A3B4C,DXGI,0,0,1,Hardware: Independent Flip,0,1.192602,7.1232,7.1232,0.4210
DemoGame.exe,7412,0x1F2A3B4C,DXGI,0,0,1,Hardware: Independent Flip,0,1.199833,7.2304,7.2304,0.4210
DemoGame.exe,7412,0x1F2A3B4C,DXGI,0,0,1,Hardware: Independent Flip,0,1.206917,7.0846,7.0846,0.4210
DemoGame.exe,7412,0x1F2A3B4C,DXGI,0,0,1,Hardware: Independent Flip,0,1.213711,6.7933,6.7933,0.4210
DemoGame.exe,7412,0x1F2A3B4C,DXGI,0,0,1,Hardware: Independent Flip,0,1.220679,6.9678,6.9678,0.4210
DemoGame.exe,7412,0x1F2A3B4C,DXGI,0,0,1,Hardware: Independent Flip,0,1.227917,7.2389,7.2389,0.4210
DemoGame.exe,7412,0x1F2A3B4C,DXGI,0,0,1,Hardware: Independent Flip,0,1.234944,7.0270,7.0270,0.4210
DemoGame.exe,7412,0x1F2A3B4C,DXGI,0,0,1,Hardware: Independent Flip,0,1.242081,7.1361,7.1361,0.4210
DemoGame.exe,7412,0x1F2A3B4C,DXGI,0,0,1,Hardware: Independent Flip,0,1.249233,7.1529,7.1529,0.4210
DemoGame.exe,7412,0x1F2A3B4C,DXGI,0,0,1,Hardware: Independent Flip,0,1.256327,7.0933,7.0933,0.4210
DemoGame.exe,7412,0x1F2A3B4C,DXGI,0,0,1,Hardware: Independent Flip,0,1.263161,6.8347,6.8347,0.4210
DemoGame.exe,7412,0x1F2A3B4C,DXGI,0,0,1,Hardware: Independent Flip,0,1.270349,7.1877,7.1877,0.4210
DemoGame.exe,7412,0x1F2A3B4C,DXGI,0,0,1,Hardware: Independent Flip,0,1.277032,6.6824,6.6824,0.4210
DemoGame.exe,7412,0x1F2A3B4C,DXGI,0,0,1,Hardware: Independent Flip,0,1.283968,6.9360,6.9360,0.4210
DemoGame.exe,7412,0x1F2A3B4C,DXGI,0,0,1,Hardware: Independent Flip,0,1.290675,6.7073,6.7073,0.4210
DemoGame.exe,7412,0x1F2A3B4C,DXGI,0,0,1,Hardware: Independent Flip,0,1.297403,6.7284,6.7284,0.4210
DemoGame.exe,7412,0x1F2A3B4C,DXGI,0,0,1,Hardware: Independent Flip,0,1.304231,6.8278,6.8278,0.4210
DemoGame.exe,7412,0x1F2A3B4C,DXGI,0,0,1,Hardware: Independent Flip,0,1.311071,6.8401,6.8401,0.4210
DemoGame.exe,7412,0x1F2A3B4C,DXGI,0,0,1,Hardware: Independent Flip,0,1.317759,6.6880,6.6880,0.4210
DemoGame.exe,7412,0x1F2A3B4C,DXGI,0,0,1,Hardware: Independent Flip,0,1.324977,7.2182,7.2182,0.4210
DemoGame.exe,7412,0x1F2A3B4C,DXGI,0,0,1,Hardware: Independent Flip,0,1.332073,7.0954,7.0954,0.4210
DemoGame.exe,7412,0x1F2A3B4C,DXGI,0,0,1,Hardware: Independent Flip,0,1.339131,7.0580,7.0580,0.4210
DemoGame.exe,7412,0x1F2A3B4C,DXGI,0,0,1,Hardware: Independent Flip,0,1.345874,6.7436,6.7436,0.4210
DemoGame.exe,7412,0x1F2A3B4C,DXGI,0,0,1,Hardware: Independent Flip,0,1.352690,6.8160,6.8160,0.4210
DemoGame.exe,7412,0x1F2A3B4C,DXGI,0,0,1,Hardware: Independent Flip,0,1.359825,7.1349,7.1349,0.4210
DemoGame.exe,7412,0x1F2A3B4C,DXGI,0,0,1,Hardware: Independent Flip,0,1.366730,6.9050,6.9050,0.4210
DemoGame.exe,7412,0x1F2A3B4C,DXGI,0,0,1,Hardware: Independent Flip,0,1.373700,6.9697,6.9697,0.4210
DemoGame.exe,7412,0x1F2A3B4C,DXGI,0,0,1,Hardware: Independent Flip,0,1.380873,7.1728,7.1728,0.4210
DemoGame.exe,7412,0x1F2A3B4C,DXGI,0,0,1,Hardware: Independent Flip,0,1.387679,6.8064,6.8064,0.4210
DemoGame.exe,7412,0x1F2A3B4C,DXGI,0,0,1,Hardware: Independent Flip,0,1.394493,6.8136,6.8136,0.4210
DemoGame.exe,7412,0x1F2A3B4C,DXGI,0,0,1,Hardware: Independent Flip,0,1.401510,7.0177,7.0177,0.4210
DemoGame.exe,7412,0x1F2A3B4C,DXGI,0,0,1,Hardware: Independent Flip,0,1.408548,7.0379,7.0379,0.4210
DemoGame.exe,7412,0x1F2A3B4C,DXGI,0,0,1,Hardware: Independent Flip,0,1.415760,7.2115,7.2115,0.4210
DemoGame.exe,7412,0x1F2A3B4C,DXGI,0,0,1,Hardware: Independent Flip,0,1.422892,7.1326,7.1326,0.4210
DemoGame.exe,7412,0x1F2A3B4C,DXGI,0,0,1,Hardware: Independent Flip,0,1.429985,7.0924,7.0924,0.4210
DemoGame.exe,7412,0x1F2A3B4C,DXGI,0,0,1,Hardware: Independent Flip,0,1.436868,6.8838,6.8838,0.4210
DemoGame.exe,7412,0x1F2A3B4C,DXGI,0,0,1,Hardware: Independent Flip,0,1.443734,6.8660,6.8660,0.4210
DemoGame.exe,7412,0x1F2A3B4C,DXGI,0,0,1,Hardware: Independent Flip,0,1.450838,7.1031,7.1031,0.4210
DemoGame.exe,7412,0x1F2A3B4C,DXGI,0,0,1,Hardware: Independent Flip,0,1.457644,6.8065,6.8065,0.4210
DemoGame.exe,7412,0x1F2A3B4C,DXGI,0,0,1,Hardware: Independent Flip,0,1.464644,7.0003,7.0003,0.4210
DemoGame.exe,7412,0x1F2A3B4C,DXGI,0,0,1,Hardware: Independent Flip,0,1.471701,7.0563,7.0563,0.4210
DemoGame.exe,7412,0x1F2A3B4C,DXGI,0,0,1,Hardware: Independent Flip,0,1.478716,7.0152,7.0152,0.4210
DemoGame.exe,7412,0x1F2A3B4C,DXGI,0,0,1,Hardware: Independent Flip,0,1.485466,6.7504,6.7504,0.4210
DemoGame.exe,7412,0x1F2A3B4C,DXGI,0,0,1,Hardware: Independent Flip,0,1.492438,6.9720,6.9720,0.4210
DemoGame.exe,7412,0x1F2A3B4C,DXGI,0,0,1,Hardware: Independent Flip,0,1.499140,6.7017,6.7017,0.4210
DemoGame.exe,7412,0x1F2A3B4C,DXGI,0,0,1,Hardware: Independent Flip,0,1.505826,6.6863,6.6863,0.4210
DemoGame.exe,7412,0x1F2A3B4C,DXGI,0,0,1,Hardware: Independent Flip,0,1.512650,6.8241,6.8241,0.4210
DemoGame.exe,7412,0x1F2A3B4C,DXGI,0,0,1,Hardware: Independent Flip,0,1.519449,6.7992,6.7992,0.4210
DemoGame.exe,7412,0x1F2A3B4C,DXGI,0,0,1,Hardware: Independent Flip,0,1.526103,6.6533,6.6533,0.4210
DemoGame.exe,7412,0x1F2A3B4C,DXGI,0,0,1,Hardware: Independent Flip,0,1.532852,6.7496,6.7496,0.4210
DemoGame.exe,7412,0x1F2A3B4C,DXGI,0,0,1,Hardware: Independent Flip,0,1.539593,6.7411,6.7411,0.4210
DemoGame.exe,7412,0x1F2A3B4C,DXGI,0,0,1,Hardware: Independent Flip,0,1.546511,6.9178,6.9178,0.4210
DemoGame.exe,7412,0x1F2A3B4C,DXGI,0,0,1,Hardware: Independent Flip,0,1.553721,7.2097,7.2097,0.4210
DemoGame.exe,7412,0x1F2A3B4C,DXGI,0,0,1,Hardware: Independent Flip,0,1.560900,7.1792,7.1792,0.4210
DemoGame.exe,7412,0x1F2A3B4C,DXGI,0,0,1,Hardware: Independent Flip,0,1.567868,6.9679,6.9679,0.4210
DemoGame.exe,7412,0x1F2A3B4C,DXGI,0,0,1,Hardware: Independent Flip,0,1.574577,6.7093,6.7093,0.4210
DemoGame.exe,7412,0x1F2A3B4C,DXGI,0,0,1,Hardware: Independent Flip,0,1.581708,7.1308,7.1308,0.4210
DemoGame.exe,7412,0x1F2A3B4C,DXGI,0,0,1,Hardware: Independent Flip,0,1.588621,6.9126,6.9126,0.4210
DemoGame.exe,7412,0x1F2A3B4C,DXGI,0,0,1,Hardware: Independent Flip,0,1.595523,6.9024,6.9024,0.4210
DemoGame.exe,7412,0x1F2A3B4C,DXGI,0,0,1,Hardware: Independent Flip,0,1.602230,6.7068,6.7068,0.4210
DemoGame.exe,7412,0x1F2A3B4C,DXGI,0,0,1,Hardware: Independent Flip,0,1.609143,6.9131,6.9131,0.4210
DemoGame.exe,7412,0x1F2A3B4C,DXGI,0,0,1,Hardware: Independent Flip,0,1.616241,7.0982,7.0982,0.4210
DemoGame.exe,7412,0x1F2A3B4C,DXGI,0,0,1,Hardware: Independent Flip,0,1.623215,6.9737,6.9737,0.4210
DemoGame.exe,7412,0x1F2A3B4C,DXGI,0,0,1,Hardware: Independent Flip,0,1.630198,6.9833,6.9833,0.4210
DemoGame.exe,7412,0x1F2A3B4C,DXGI,0,0,1,Hardware: Independent Flip,0,1.636918,6.7195,6.7195,0.4210
DemoGame.exe,7412,0x1F2A3B4C,DXGI,0,0,1,Hardware: Independent Flip,0,1.643959,7.0408,7.0408,0.4210
DemoGame.exe,7412,0x1F2A3B4C,DXGI,0,0,1,Hardware: Independent Flip,0,1.651179,7.2203,7.2203,0.4210
DemoGame.exe,7412,0x1F2A3B4C,DXGI,0,0,1,Hardware: Independent Flip,0,1.657973,6.7938,6.7938,0.4210
DemoGame.exe,7412,0x1F2A3B4C,DXGI,0,0,1,Hardware: Independent Flip,0,1.665060,7.0876,7.0876,0.4210
DemoGame.exe,7412,0x1F2A3B4C,DXGI,0,0,1,Hardware: Independent Flip,0,1.672128,7.0675,7.0675,0.4210
DemoGame.exe,7412,0x1F2A3B4C,DXGI,0,0,1,Hardware: Independent Flip,0,1.679234,7.1064,7.1064,0.4210
DemoGame.exe,7412,0x1F2A3B4C,DXGI,0,0,1,Hardware: Independent Flip,0,1.686203,6.9688,6.9688,0.4210
DemoGame.exe,7412,0x1F2A3B4C,DXGI,0,0,1,Hardware: Independent Flip,0,1.692881,6.6776,6.6776,0.4210
DemoGame.exe,7412,0x1F2A3B4C,DXGI,0,0,1,Hardware: Independent Flip,0,1.699812,6.9317,6.9317,0.4210
DemoGame.exe,7412,0x1F2A3B4C,DXGI,0,0,1,Hardware: Independent Flip,0,1.706618,6.8059,6.8059,0.4210
DemoGame.exe,7412,0x1F2A3B4C,DXGI,0,0,1,Hardware: Independent Flip,0,1.713342,6.7242,6.7242,0.4210
DemoGame.exe,7412,0x1F2A3B4C,DXGI,0,0,1,Hardware: Independent Flip,0,1.720294,6.9516,6.9516,0.4210
DemoGame.exe,7412,0x1F2A3B4C,DXGI,0,0,1,Hardware: Independent Flip,0,1.727310,7.0155,7.0155,0.4210
DemoGame.exe,7412,0x1F2A3B4C,DXGI,0,0,1,Hardware: Independent Flip,0,1.734068,6.7583,6.7583,0.4210
DemoGame.exe,7412,0x1F2A3B4C,DXGI,0,0,1,Hardware: Independent Flip,0,1.741160,7.0926,7.0926,0.4210
DemoGame.exe,7412,0x1F2A3B4C,DXGI,0,0,1,Hardware: Independent Flip,0,1.747885,6.7249,6.7249,0.4210
DemoGame.exe,7412,0x1F2A3B4C,DXGI,0,0,1,Hardware: Independent Flip,0,1.754700,6.8145,6.8145,0.4210
DemoGame.exe,7412,0x1F2A3B4C,DXGI,0,0,1,Hardware: Independent Flip,0,1.761863,7.1635,7.1635,0.4210
DemoGame.exe,7412,0x1F2A3B4C,DXGI,0,0,1,Hardware: Independent Flip,0,1.768564,6.7008,6.7008,0.4210
DemoGame.exe,7412,0x1F2A3B4C,DXGI,0,0,1,Hardware: Independent Flip,0,1.775281,6.7165,6.7165,0.4210
DemoGame.exe,7412,0x1F2A3B4C,DXGI,0,0,1,Hardware: Independent Flip,0,1.782025,6.7439,6.7439,0.4210
DemoGame.exe,7412,0x1F2A3B4C,DXGI,0,0,1,Hardware: Independent Flip,0,1.789097,7.0722,7.0722,0.4210
DemoGame.exe,7412,0x1F2A3B4C,DXGI,0,0,1,Hardware: Independent Flip,0,1.795773,6.6762,6.6762,0.4210
DemoGame.exe,7412,0x1F2A3B4C,DXGI,0,0,1,Hardware: Independent Flip,0,1.802582,6.8086,6.8086,0.4210
DemoGame.exe,7412,0x1F2A3B4C,DXGI,0,0,1,Hardware: Independent Flip,0,1.809609,7.0271,7.0271,0.4210
DemoGame.exe,7412,0x1F2A3B4C,DXGI,0,0,1,Hardware: Independent Flip,0,1.816606,6.9969,6.9969,0.4210
DemoGame.exe,7412,0x1F2A3B4C,DXGI,0,0,1,Hardware: Independent Flip,0,1.823803,7.1974,7.1974,0.4210
DemoGame.exe,7412,0x1F2A3B4C,DXGI,0,0,1,Hardware: Independent Flip,0,1.830648,6.8446,6.8446,0.4210
DemoGame.exe,7412,0x1F2A3B4C,DXGI,0,0,1,Hardware: Independent Flip,0,1.837391,6.7436,6.7436,0.4210
DemoGame.exe,7412,0x1F2A3B4C,DXGI,0,0,1,Hardware: Independent Flip,0,1.844123,6.7311,6.7311,0.4210
DemoGame.exe,7412,0x1F2A3B4C,DXGI,0,0,1,Hardware: Independent Flip,0,1.851325,7.2021,7.2021,0.4210
DemoGame.exe,7412,0x1F2A3B4C,DXGI,0,0,1,Hardware: Independent Flip,0,1.858010,6.6855,6.6855,0.4210
DemoGame.exe,7412,0x1F2A3B4C,DXGI,0,0,1,Hardware: Independent Flip,0,1.865021,7.0111,7.0111,0.4210
DemoGame.exe,7412,0x1F2A3B4C,DXGI,0,0,1,Hardware: Independent Flip,0,1.871918,6.8965,6.8965,0.4210
DemoGame.exe,7412,0x1F2A3B4C,DXGI,0,0,1,Hardware: Independent Flip,0,1.878823,6.9049,6.9049,0.4210
DemoGame.exe,7412,0x1F2A3B4C,DXGI,0,0,1,Hardware: Independent Flip,0,1.885533,6.7100,6.7100,0.4210
DemoGame.exe,7412,0x1F2A3B4C,DXGI,0,0,1,Hardware: Independent Flip,0,1.892207,6.6743,6.6743,0.4210
DemoGame.exe,7412,0x1F2A3B4C,DXGI,0,0,1,Hardware: Independent Flip,0,1.899163,6.9555,6.9555,0.4210
DemoGame.exe,7412,0x1F2A3B4C,DXGI,0,0,1,Hardware: Independent Flip,0,1.905992,6.8297,6.8297,0.4210
DemoGame.exe,7412,0x1F2A3B4C,DXGI,0,0,1,Hardware: Independent Flip,0,1.912880,6.8872,6.8872,0.4210
DemoGame.exe,7412,0x1F2A3B4C,DXGI,0,0,1,Hardware: Independent Flip,0,1.919896,7.0163,7.0163,0.4210
DemoGame.exe,7412,0x1F2A3B4C,DXGI,0,0,1,Hardware: Independent Flip,0,1.926780,6.8842,6.8842,0.4210
DemoGame.exe,7412,0x1F2A3B4C,DXGI,0,0,1,Hardware: Independent Flip,0,1.933702,6.9220,6.9220,0.4210
DemoGame.exe,7412,0x1F2A3B4C,DXGI,0,0,1,Hardware: Independent Flip,0,1.940719,7.0174,7.0174,0.4210
DemoGame.exe,7412,0x1F2A3B4C,DXGI,0,0,1,Hardware: Independent Flip,0,1.947607,6.8878,6.8878,0.4210
DemoGame.exe,7412,0x1F2A3B4C,DXGI,0,0,1,Hardware: Independent Flip,0,1.954609,7.0016,7.0016,0.4210
DemoGame.exe,7412,0x1F2A3B4C,DXGI,0,0,1,Hardware: Independent Flip,0,1.961368,6.7593,6.7593,0.4210
DemoGame.exe,7412,0x1F2A3B4C,DXGI,0,0,1,Hardware: Independent Flip,0,1.968166,6.7983,6.7983,0.4210
DemoGame.exe,7412,0x1F2A3B4C,DXGI,0,0,1,Hardware: Independent Flip,0,1.975220,7.0538,7.0538,0.4210
DemoGame.exe,7412,0x1F2A3B4C,DXGI,0,0,1,Hardware: Independent Flip,0,1.982446,7.2260,7.2260,0.4210
DemoGame.exe,7412,0x1F2A3B4C,DXGI,0,0,1,Hardware: Independent Flip,0,1.989189,6.7426,6.7426,0.4210
DemoGame.exe,7412,0x1F2A3B4C,DXGI,0,0,1,Hardware: Independent Flip,0,1.996367,7.1787,7.1787,0.4210
DemoGame.exe,7412,0x1F2A3B4C,DXGI,0,0,1,Hardware: Independent Flip,0,2.013006,16.6385,16.6385,0.4210
DemoGame.exe,7412,0x1F2A3B4C,DXGI,0,0,1,Hardware: Independent Flip,0,2.019917,6.9108,6.9108,0.4210
DemoGame.exe,7412,0x1F2A3B4C,DXGI,0,0,1,Hardware: Independent Flip,0,2.027136,7.2197,7.2197,0.4210
DemoGame.exe,7412,0x1F2A3B4C,DXGI,0,0,1,Hardware: Independent Flip,0,2.034349,7.2126,7.2126,0.4210
DemoGame.exe,7412,0x1F2A3B4C,DXGI,0,0,1,Hardware: Independent Flip,0,2.041537,7.1880,7.1880,0.4210
DemoGame.exe,7412,0x1F2A3B4C,DXGI,0,0,1,Hardware: Independent Flip,0,2.048766,7.2291,7.2291,0.4210
DemoGame.exe,7412,0x1F2A3B4C,DXGI,0,0,1,Hardware: Independent Flip,0,2.055471,6.7045,6.7045,0.4210
DemoGame.exe,7412,0x1F2A3B4C,DXGI,0,0,1,Hardware: Independent Flip,0,2.062185,6.7146,6.7146,0.4210
DemoGame.exe,7412,0x1F2A3B4C,DXGI,0,0,1,Hardware: Independent Flip,0,2.069338,7.1529,7.1529,0.4210
DemoGame.exe,7412,0x1F2A3B4C,DXGI,0,0,1,Hardware: Independent Flip,0,2.076106,6.7681,6.7681,0.4210
DemoGame.exe,7412,0x1F2A3B4C,DXGI,0,0,1,Hardware: Independent Flip,0,2.083284,7.1780,7.1780,0.4210
DemoGame.exe,7412,0x1F2A3B4C,DXGI,0,0,1,Hardware: Independent Flip,0,2.090129,6.8446,6.8446,0.4210
DemoGame.exe,7412,0x1F2A3B4C,DXGI,0,0,1,Hardware: Independent Flip,0,2.096977,6.8478,6.8478,0.4210
DemoGame.exe,7412,0x1F2A3B4C,DXGI,0,0,1,Hardware: Independent Flip,0,2.103659,6.6827,6.6827,0.4210
DemoGame.exe,7412,0x1F2A3B4C,DXGI,0,0,1,Hardware: Independent Flip,0,2.110844,7.1846,7.1846,0.4210
DemoGame.exe,7412,0x1F2A3B4C,DXGI,0,0,1,Hardware: Independent Flip,0,2.117607,6.7631,6.7631,0.4210
DemoGame.exe,7412,0x1F2A3B4C,DXGI,0,0,1,Hardware: Independent Flip,0,2.124704,7.0973,7.0973,0.4210
DemoGame.exe,7412,0x1F2A3B4C,DXGI,0,0,1,Hardware: Independent Flip,0,2.131731,7.0266,7.0266,0.4210
DemoGame.exe,7412,0x1F2A3B4C,DXGI,0,0,1,Hardware: Independent Flip,0,2.138425,6.6946,6.6946,0.4210
DemoGame.exe,7412,0x1F2A3B4C,DXGI,0,0,1,Hardware: Independent Flip,0,2.145528,7.1030,7.1030,0.4210
DemoGame.exe,7412,0x1F2A3B4C,DXGI,0,0,1,Hardware: Independent Flip,0,2.152506,6.9778,6.9778,0.4210
DemoGame.exe,7412,0x1F2A3B4C,DXGI,0,0,1,Hardware: Independent Flip,0,2.159564,7.0576,7.0576,0.4210
DemoGame.exe,7412,0x1F2A3B4C,DXGI,0,0,1,Hardware: Independent Flip,0,2.166508,6.9442,6.9442,0.4210
DemoGame.exe,7412,0x1F2A3B4C,DXGI,0,0,1,Hardware: Independent Flip,0,2.173612,7.1037,7.1037,0.4210
DemoGame.exe,7412,0x1F2A3B4C,DXGI,0,0,1,Hardware: Independent Flip,0,2.180406,6.7942,6.7942,0.4210
DemoGame.exe,7412,0x1F2A3B4C,DXGI,0,0,1,Hardware: Independent Flip,0,2.187309,6.9029,6.9029,0.4210
DemoGame.exe,7412,0x1F2A3B4C,DXGI,0,0,1,Hardware: Independent Flip,0,2.194474,7.1649,7.1649,0.4210
DemoGame.exe,7412,0x1F2A3B4C,DXGI,0,0,1,Hardware: Independent Flip,0,2.201143,6.6695,6.6695,0.4210
DemoGame.exe,7412,0x1F2A3B4C,DXGI,0,0,1,Hardware: Independent Flip,0,2.208025,6.8816,6.8816,0.4210
DemoGame.exe,7412,0x1F2A3B4C,DXGI,0,0,1,Hardware: Independent Flip,0,2.215068,7.0431,7.0431,0.4210
DemoGame.exe,7412,0x1F2A3B4C,DXGI,0,0,1,Hardware: Independent Flip,0,2.222103,7.0348,7.0348,0.4210
DemoGame.exe,7412,0x1F2A3B4C,DXGI,0,0,1,Hardware: Independent Flip,0,2.228864,6.7617,6.7617,0.4210
DemoGame.exe,7412,0x1F2A3B4C,DXGI,0,0,1,Hardware: Independent Flip,0,2.236097,7.2325,7.2325,0.4210
DemoGame.exe,7412,0x1F2A3B4C,DXGI,0,0,1,Hardware: Independent Flip,0,2.242764,6.6674,6.6674,0.4210
DemoGame.exe,7412,0x1F2A3B4C,DXGI,0,0,1,Hardware: Independent Flip,0,2.249777,7.0126,7.0126,0.4210
DemoGame.exe,7412,0x1F2A3B4C,DXGI,0,0,1,Hardware: Independent Flip,0,2.256521,6.7443,6.7443,0.4210
DemoGame.exe,7412,0x1F2A3B4C,DXGI,0,0,1,Hardware: Independent Flip,0,2.263442,6.9208,6.9208,0.4210
DemoGame.exe,7412,0x1F2A3B4C,DXGI,0,0,1,Hardware: Independent Flip,0,2.270378,6.9364,6.9364,0.4210
DemoGame.exe,7412,0x1F2A3B4C,DXGI,0,0,1,Hardware: Independent Flip,0,2.277144,6.7660,6.7660,0.4210
DemoGame.exe,7412,0x1F2A3B4C,DXGI,0,0,1,Hardware: Independent Flip,0,2.283834,6.6892,6.6892,0.4210
DemoGame.exe,7412,0x1F2A3B4C,DXGI,0,0,1,Hardware: Independent Flip,0,2.290729,6.8950,6.8950,0.4210
DemoGame.exe,7412,0x1F2A3B4C,DXGI,0,0,1,Hardware: Independent Flip,0,2.297488,6.7591,6.7591,0.4210
DemoGame.exe,7412,0x1F2A3B4C,DXGI,0,0,1,Hardware: Independent Flip,0,2.304466,6.9783,6.9783,0.4210
DemoGame.exe,7412,0x1F2A3B4C,DXGI,0,0,1,Hardware: Independent Flip,0,2.311358,6.8922,6.8922,0.4210
DemoGame.exe,7412,0x1F2A3B4C,DXGI,0,0,1,Hardware: Independent Flip,0,2.318309,6.9502,6.9502,0.4210
DemoGame.exe,7412,0x1F2A3B4C,DXGI,0,0,1,Hardware: Independent Flip,0,2.325030,6.7214,6.7214,0.4210
DemoGame.exe,7412,0x1F2A3B4C,DXGI,0,0,1,Hardware: Independent Flip,0,2.331844,6.8136,6.8136,0.4210
DemoGame.exe,7412,0x1F2A3B4C,DXGI,0,0,1,Hardware: Independent Flip,0,2.338693,6.8491,6.8491,0.4210
DemoGame.exe,7412,0x1F2A3B4C,DXGI,0,0,1,Hardware: Independent Flip,0,2.345754,7.0611,7.0611,0.4210
DemoGame.exe,7412,0x1F2A3B4C,DXGI,0,0,1,Hardware: Independent Flip,0,2.352994,7.2402,7.2402,0.4210
DemoGame.exe,7412,0x1F2A3B4C,DXGI,0,0,1,Hardware: Independent Flip,0,2.359939,6.9450,6.9450,0.4210
DemoGame.exe,7412,0x1F2A3B4C,DXGI,0,0,1,Hardware: Independent Flip,0,2.366610,6.6712,6.6712,0.4210
DemoGame.exe,7412,0x1F2A3B4C,DXGI,0,0,1,Hardware: Independent Flip,0,2.373786,7.1754,7.1754,0.4210
DemoGame.exe,7412,0x1F2A3B4C,DXGI,0,0,1,Hardware: Independent Flip,0,2.380669,6.8836,6.8836,0.4210
DemoGame.exe,7412,0x1F2A3B4C,DXGI,0,0,1,Hardware: Independent Flip,0,2.387514,6.8449,6.8449,0.4210
DemoGame.exe,7412,0x1F2A3B4C,DXGI,0,0,1,Hardware: Independent Flip,0,2.394617,7.1033,7.1033,0.4210
DemoGame.exe,7412,0x1F2A3B4C,DXGI,0,0,1,Hardware: Independent Flip,0,2.401828,7.2106,7.2106,0.4210
DemoGame.exe,7412,0x1F2A3B4C,DXGI,0,0,1,Hardware: Independent Flip,0,2.408588,6.7600,6.7600,0.4210
DemoGame.exe,7412,0x1F2A3B4C,DXGI,0,0,1,Hardware: Independent Flip,0,2.415650,7.0623,7.0623,0.4210
DemoGame.exe,7412,0x1F2A3B4C,DXGI,0,0,1,Hardware: Independent Flip,0,2.422579,6.9292,6.9292,0.4210
DemoGame.exe,7412,0x1F2A3B4C,DXGI,0,0,1,Hardware: Independent Flip,0,2.429288,6.7082,6.7082,0.4210
DemoGame.exe,7412,0x1F2A3B4C,DXGI,0,0,1,Hardware: Independent Flip,0,2.435967,6.6791,6.6791,0.4210
DemoGame.exe,7412,0x1F2A3B4C,DXGI,0,0,1,Hardware: Independent Flip,0,2.443044,7.0770,7.0770,0.4210
DemoGame.exe,7412,0x1F2A3B4C,DXGI,0,0,1,Hardware: Independent Flip,0,2.449797,6.7538,6.7538,0.4210
DemoGame.exe,7412,0x1F2A3B4C,DXGI,0,0,1,Hardware: Independent Flip,0,2.456775,6.9773,6.9773,0.4210
DemoGame.exe,7412,0x1F2A3B4C,DXGI,0,0,1,Hardware: Independent Flip,0,2.463835,7.0604,7.0604,0.4210
DemoGame.exe,7412,0x1F2A3B4C,DXGI,0,0,1,Hardware: Independent Flip,0,2.470691,6.8560,6.8560,0.4210
DemoGame.exe,7412,0x1F2A3B4C,DXGI,0,0,1,Hardware: Independent Flip,0,2.477515,6.8243,6.8243,0.4210
DemoGame.exe,7412,0x1F2A3B4C,DXGI,0,0,1,Hardware: Independent Flip,0,2.484429,6.9141,6.9141,0.4210
DemoGame.exe,7412,0x1F2A3B4C,DXGI,0,0,1,Hardware: Independent Flip,0,2.491514,7.0843,7.0843,0.4210
DemoGame.exe,7412,0x1F2A3B4C,DXGI,0,0,1,Hardware: Independent Flip,0,2.498600,7.0862,7.0862,0.4210
DemoGame.exe,7412,0x1F2A3B4C,DXGI,0,0,1,Hardware: Independent Flip,0,2.505405,6.8049,6.8049,0.4210
DemoGame.exe,7412,0x1F2A3B4C,DXGI,0,0,1,Hardware: Independent Flip,0,2.512310,6.9046,6.9046,0.4210
DemoGame.exe,7412,0x1F2A3B4C,DXGI,0,0,1,Hardware: Independent Flip,0,2.518959,6.6494,6.6494,0.4210
DemoGame.exe,7412,0x1F2A3B4C,DXGI,0,0,1,Hardware: Independent Flip,0,2.525811,6.8520,6.8520,0.4210
DemoGame.exe,7412,0x1F2A3B4C,DXGI,0,0,1,Hardware: Independent Flip,0,2.532674,6.8627,6.8627,0.4210
DemoGame.exe,7412,0x1F2A3B4C,DXGI,0,0,1,Hardware: Independent Flip,0,2.539397,6.7232,6.7232,0.4210
DemoGame.exe,7412,0x1F2A3B4C,DXGI,0,0,1,Hardware: Independent Flip,0,2.546093,6.6960,6.6960,0.4210
DemoGame.exe,7412,0x1F2A3B4C,DXGI,0,0,1,Hardware: Independent Flip,0,2.552890,6.7974,6.7974,0.4210
DemoGame.exe,7412,0x1F2A3B4C,DXGI,0,0,1,Hardware: Independent Flip,0,2.559607,6.7168,6.7168,0.4210
DemoGame.exe,7412,0x1F2A3B4C,DXGI,0,0,1,Hardware: Independent Flip,0,2.566340,6.7333,6.7333,0.4210
DemoGame.exe,7412,0x1F2A3B4C,DXGI,0,0,1,Hardware: Independent Flip,0,2.573300,6.9598,6.9598,0.4210
DemoGame.exe,7412,0x1F2A3B4C,DXGI,0,0,1,Hardware: Independent Flip,0,2.580152,6.8524,6.8524,0.4210
DemoGame.exe,7412,0x1F2A3B4C,DXGI,0,0,1,Hardware: Independent Flip,0,2.587038,6.8854,6.8854,0.4210
DemoGame.exe,7412,0x1F2A3B4C,DXGI,0,0,1,Hardware: Independent Flip,0,2.593780,6.7422,6.7422,0.4210
DemoGame.exe,7412,0x1F2A3B4C,DXGI,0,0,1,Hardware: Independent Flip,0,2.600788,7.0076,7.0076,0.4210
DemoGame.exe,7412,0x1F2A3B4C,DXGI,0,0,1,Hardware: Independent Flip,0,2.607618,6.8302,6.8302,0.4210
DemoGame.exe,7412,0x1F2A3B4C,DXGI,0,0,1,Hardware: Independent Flip,0,2.614611,6.9930,6.9930,0.4210
DemoGame.exe,7412,0x1F2A3B4C,DXGI,0,0,1,Hardware: Independent Flip,0,2.621677,7.0666,7.0666,0.4210
DemoGame.exe,7412,0x1F2A3B4C,DXGI,0,0,1,Hardware: Independent Flip,0,2.628831,7.1533,7.1533,0.4210
DemoGame.exe,7412,0x1F2A3B4C,DXGI,0,0,1,Hardware: Independent Flip,0,2.635608,6.7777,6.7777,0.4210
DemoGame.exe,7412,0x1F2A3B4C,DXGI,0,0,1,Hardware: Independent Flip,0,2.642413,6.8048,6.8048,0.4210
DemoGame.exe,7412,0x1F2A3B4C,DXGI,0,0,1,Hardware: Independent Flip,0,2.649531,7.1181,7.1181,0.4210
DemoGame.exe,7412,0x1F2A3B4C,DXGI,0,0,1,Hardware: Independent Flip,0,2.656612,7.0808,7.0808,0.4210
DemoGame.exe,7412,0x1F2A3B4C,DXGI,0,0,1,Hardware: Independent Flip,0,2.663837,7.2250,7.2250,0.4210
DemoGame.exe,7412,0x1F2A3B4C,DXGI,0,0,1,Hardware: Independent Flip,0,2.670697,6.8600,6.8600,0.4210
DemoGame.exe,7412,0x1F2A3B4C,DXGI,0,0,1,Hardware: Independent Flip,0,2.677623,6.9262,6.9262,0.4210
DemoGame.exe,7412,0x1F2A3B4C,DXGI,0,0,1,Hardware: Independent Flip,0,2.684492,6.8686,6.8686,0.4210
DemoGame.exe,7412,0x1F2A3B4C,DXGI,0,0,1,Hardware: Independent Flip,0,2.691651,7.1590,7.1590,0.4210
DemoGame.exe,7412,0x1F2A3B4C,DXGI,0,0,1,Hardware: Independent Flip,0,2.698785,7.1339,7.1339,0.4210
DemoGame.exe,7412,0x1F2A3B4C,DXGI,0,0,1,Hardware: Independent Flip,0,2.705894,7.1094,7.1094,0.4210
DemoGame.exe,7412,0x1F2A3B4C,DXGI,0,0,1,Hardware: Independent Flip,0,2.713127,7.2333,7.2333,0.4210
DemoGame.exe,7412,0x1F2A3B4C,DXGI,0,0,1,Hardware: Independent Flip,0,2.720306,7.1790,7.1790,0.4210
DemoGame.exe,7412,0x1F2A3B4C,DXGI,0,0,1,Hardware: Independent Flip,0,2.727527,7.2208,7.2208,0.4210
DemoGame.exe,7412,0x1F2A3B4C,DXGI,0,0,1,Hardware: Independent Flip,0,2.734325,6.7980,6.7980,0.4210
DemoGame.exe,7412,0x1F2A3B4C,DXGI,0,0,1,Hardware: Independent Flip,0,2.741109,6.7840,6.7840,0.4210
DemoGame.exe,7412,0x1F2A3B4C,DXGI,0,0,1,Hardware: Independent Flip,0,2.748120,7.0106,7.0106,0.4210
DemoGame.exe,7412,0x1F2A3B4C,DXGI,0,0,1,Hardware: Independent Flip,0,2.755290,7.1701,7.1701,0.4210
DemoGame.exe,7412,0x1F2A3B4C,DXGI,0,0,1,Hardware: Independent Flip,0,2.761965,6.6756,6.6756,0.4210
DemoGame.exe,7412,0x1F2A3B4C,DXGI,0,0,1,Hardware: Independent Flip,0,2.769192,7.2262,7.2262,0.4210
DemoGame.exe,7412,0x1F2A3B4C,DXGI,0,0,1,Hardware: Independent Flip,0,2.776216,7.0241,7.0241,0.4210
DemoGame.exe,7412,0x1F2A3B4C,DXGI,0,0,1,Hardware: Independent Flip,0,2.783374,7.1586,7.1586,0.4210
DemoGame.exe,7412,0x1F2A3B4C,DXGI,0,0,1,Hardware: Independent Flip,0,2.790581,7.2066,7.2066,0.4210
DemoGame.exe,7412,0x1F2A3B4C,DXGI,0,0,1,Hardware: Independent Flip,0,2.797570,6.9895,6.9895,0.4210
DemoGame.exe,7412,0x1F2A3B4C,DXGI,0,0,1,Hardware: Independent Flip,0,2.804410,6.8399,6.8399,0.4210
DemoGame.exe,7412,0x1F2A3B4C,DXGI,0,0,1,Hardware: Independent Flip,0,2.811403,6.9924,6.9924,0.4210
DemoGame.exe,7412,0x1F2A3B4C,DXGI,0,0,1,Hardware: Independent Flip,0,2.818473,7.0707,7.0707,0.4210
DemoGame.exe,7412,0x1F2A3B4C,DXGI,0,0,1,Hardware: Independent Flip,0,2.825309,6.8356,6.8356,0.4210
DemoGame.exe,7412,0x1F2A3B4C,DXGI,0,0,1,Hardware: Independent Flip,0,2.831965,6.6556,6.6556,0.4210
DemoGame.exe,7412,0x1F2A3B4C,DXGI,0,0,1,Hardware: Independent Flip,0,2.839178,7.2136,7.2136,0.4210
DemoGame.exe,7412,0x1F2A3B4C,DXGI,0,0,1,Hardware: Independent Flip,0,2.846052,6.8741,6.8741,0.4210
DemoGame.exe,7412,0x1F2A3B4C,DXGI,0,0,1,Hardware: Independent Flip,0,2.853159,7.1070,7.1070,0.4210
DemoGame.exe,7412,0x1F2A3B4C,DXGI,0,0,1,Hardware: Independent Flip,0,2.860161,7.0018,7.0018,0.4210
DemoGame.exe,7412,0x1F2A3B4C,DXGI,0,0,1,Hardware: Independent Flip,0,2.867166,7.0048,7.0048,0.4210
DemoGame.exe,7412,0x1F2A3B4C,DXGI,0,0,1,Hardware: Independent Flip,0,2.874116,6.9506,6.9506,0.4210
DemoGame.exe,7412,0x1F2A3B4C,DXGI,0,0,1,Hardware: Independent Flip,0,2.881042,6.9254,6.9254,0.4210
DemoGame.exe,7412,0x1F2A3B4C,DXGI,0,0,1,Hardware: Independent Flip,0,2.887973,6.9309,6.9309,0.4210
DemoGame.exe,7412,0x1F2A3B4C,DXGI,0,0,1,Hardware: Independent Flip,0,2.895041,7.0679,7.0679,0.4210
DemoGame.exe,7412,0x1F2A3B4C,DXGI,0,0,1,Hardware: Independent Flip,0,2.901709,6.6684,6.6684,0.4210
DemoGame.exe,7412,0x1F2A3B4C,DXGI,0,0,1,Hardware: Independent Flip,0,2.908945,7.2360,7.2360,0.4210
DemoGame.exe,7412,0x1F2A3B4C,DXGI,0,0,1,Hardware: Independent Flip,0,2.916125,7.1805,7.1805,0.4210
DemoGame.exe,7412,0x1F2A3B4C,DXGI,0,0,1,Hardware: Independent Flip,0,2.923224,7.0987,7.0987,0.4210
DemoGame.exe,7412,0x1F2A3B4C,DXGI,0,0,1,Hardware: Independent Flip,0,2.930005,6.7810,6.7810,0.4210
DemoGame.exe,7412,0x1F2A3B4C,DXGI,0,0,1,Hardware: Independent Flip,0,2.936913,6.9076,6.9076,0.4210
DemoGame.exe,7412,0x1F2A3B4C,DXGI,0,0,1,Hardware: Independent Flip,0,2.943764,6.8514,6.8514,0.4210
DemoGame.exe,7412,0x1F2A3B4C,DXGI,0,0,1,Hardware: Independent Flip,0,2.950508,6.7440,6.7440,0.4210
DemoGame.exe,7412,0x1F2A3B4C,DXGI,0,0,1,Hardware: Independent Flip,0,2.957533,7.0249,7.0249,0.4210
DemoGame.exe,7412,0x1F2A3B4C,DXGI,0,0,1,Hardware: Independent Flip,0,2.964408,6.8756,6.8756,0.4210
DemoGame.exe,7412,0x1F2A3B4C,DXGI,0,0,1,Hardware: Independent Flip,0,2.971140,6.7314,6.7314,0.4210
DemoGame.exe,7412,0x1F2A3B4C,DXGI,0,0,1,Hardware: Independent Flip,0,2.978342,7.2021,7.2021,0.4210
DemoGame.exe,7412,0x1F2A3B4C,DXGI,0,0,1,Hardware: Independent Flip,0,2.985583,7.2411,7.2411,0.4210
DemoGame.exe,7412,0x1F2A3B4C,DXGI,0,0,1,Hardware: Independent Flip,0,2.992487,6.9042,6.9042,0.4210
DemoGame.exe,7412,0x1F2A3B4C,DXGI,0,0,1,Hardware: Independent Flip,0,2.999449,6.9614,6.9614,0.4210
DemoGame.exe,7412,0x1F2A3B4C,DXGI,0,0,1,Hardware: Independent Flip,0,3.006533,7.0843,7.0843,0.4210
DemoGame.exe,7412,0x1F2A3B4C,DXGI,0,0,1,Hardware: Independent Flip,0,3.013306,6.7732,6.7732,0.4210
DemoGame.exe,7412,0x1F2A3B4C,DXGI,0,0,1,Hardware: Independent Flip,0,3.020169,6.8631,6.8631,0.4210
DemoGame.exe,7412,0x1F2A3B4C,DXGI,0,0,1,Hardware: Independent Flip,0,3.027011,6.8423,6.8423,0.4210
DemoGame.exe,7412,0x1F2A3B4C,DXGI,0,0,1,Hardware: Independent Flip,0,3.033784,6.7725,6.7725,0.4210
DemoGame.exe,7412,0x1F2A3B4C,DXGI,0,0,1,Hardware: Independent Flip,0,3.040669,6.8849,6.8849,0.4210
DemoGame.exe,7412,0x1F2A3B4C,DXGI,0,0,1,Hardware: Independent Flip,0,3.047545,6.8766,6.8766,0.4210
DemoGame.exe,7412,0x1F2A3B4C,DXGI,0,0,1,Hardware: Independent Flip,0,3.054579,7.0333,7.0333,0.4210
DemoGame.exe,7412,0x1F2A3B4C,DXGI,0,0,1,Hardware: Independent Flip,0,3.061313,6.7346,6.7346,0.4210
DemoGame.exe,7412,0x1F2A3B4C,DXGI,0,0,1,Hardware: Independent Flip,0,3.068170,6.8570,6.8570,0.4210
DemoGame.exe,7412,0x1F2A3B4C,DXGI,0,0,1,Hardware: Independent Flip,0,3.075360,7.1893,7.1893,0.4210
DemoGame.exe,7412,0x1F2A3B4C,DXGI,0,0,1,Hardware: Independent Flip,0,3.082263,6.9038,6.9038,0.4210
DemoGame.exe,7412,0x1F2A3B4C,DXGI,0,0,1,Hardware: Independent Flip,0,3.088910,6.6464,6.6464,0.4210
DemoGame.exe,7412,0x1F2A3B4C,DXGI,0,0,1,Hardware: Independent Flip,0,3.095785,6.8755,6.8755,0.4210
DemoGame.exe,7412,0x1F2A3B4C,DXGI,0,0,1,Hardware: Independent Flip,0,3.102603,6.8182,6.8182,0.4210
DemoGame.exe,7412,0x1F2A3B4C,DXGI,0,0,1,Hardware: Independent Flip,0,3.109518,6.9142,6.9142,0.4210
DemoGame.exe,7412,0x1F2A3B4C,DXGI,0,0,1,Hardware: Independent Flip,0,3.116634,7.1166,7.1166,0.4210
DemoGame.exe,7412,0x1F2A3B4C,DXGI,0,0,1,Hardware: Independent Flip,0,3.123732,7.0972,7.0972,0.4210
DemoGame.exe,7412,0x1F2A3B4C,DXGI,0,0,1,Hardware: Independent Flip,0,3.130918,7.1867,7.1867,0.4210
DemoGame.exe,7412,0x1F2A3B4C,DXGI,0,0,1,Hardware: Independent Flip,0,3.138064,7.1457,7.1457,0.4210
DemoGame.exe,7412,0x1F2A3B4C,DXGI,0,0,1,Hardware: Independent Flip,0,3.144747,6.6835,6.6835,0.4210
DemoGame.exe,7412,0x1F2A3B4C,DXGI,0,0,1,Hardware: Independent Flip,0,3.151437,6.6898,6.6898,0.4210
DemoGame.exe,7412,0x1F2A3B4C,DXGI,0,0,1,Hardware: Independent Flip,0,3.158607,7.1695,7.1695,0.4210
DemoGame.exe,7412,0x1F2A3B4C,DXGI,0,0,1,Hardware: Independent Flip,0,3.165628,7.0216,7.0216,0.4210
DemoGame.exe,7412,0x1F2A3B4C,DXGI,0,0,1,Hardware: Independent Flip,0,3.172571,6.9430,6.9430,0.4210
DemoGame.exe,7412,0x1F2A3B4C,DXGI,0,0,1,Hardware: Independent Flip,0,3.179353,6.7822,6.7822,0.4210
DemoGame.exe,7412,0x1F2A3B4C,DXGI,0,0,1,Hardware: Independent Flip,0,3.186093,6.7399,6.7399,0.4210
DemoGame.exe,7412,0x1F2A3B4C,DXGI,0,0,1,Hardware: Independent Flip,0,3.193305,7.2115,7.2115,0.4210
DemoGame.exe,7412,0x1F2A3B4C,DXGI,0,0,1,Hardware: Independent Flip,0,3.200144,6.8391,6.8391,0.4210
DemoGame.exe,7412,0x1F2A3B4C,DXGI,0,0,1,Hardware: Independent Flip,0,3.206892,6.7482,6.7482,0.4210
DemoGame.exe,7412,0x1F2A3B4C,DXGI,0,0,1,Hardware: Independent Flip,0,3.213590,6.6975,6.6975,0.4210
DemoGame.exe,7412,0x1F2A3B4C,DXGI,0,0,1,Hardware: Independent Flip,0,3.220806,7.2166,7.2166,0.4210
DemoGame.exe,7412,0x1F2A3B4C,DXGI,0,0,1,Hardware: Independent Flip,0,3.228020,7.2139,7.2139,0.4210
DemoGame.exe,7412,0x1F2A3B4C,DXGI,0,0,1,Hardware: Independent Flip,0,3.234810,6.7897,6.7897,0.4210
DemoGame.exe,7412,0x1F2A3B4C,DXGI,0,0,1,Hardware: Independent Flip,0,3.241971,7.1614,7.1614,0.4210
DemoGame.exe,7412,0x1F2A3B4C,DXGI,0,0,1,Hardware: Independent Flip,0,3.248847,6.8756,6.8756,0.4210
DemoGame.exe,7412,0x1F2A3B4C,DXGI,0,0,1,Hardware: Independent Flip,0,3.255578,6.7315,6.7315,0.4210
DemoGame.exe,7412,0x1F2A3B4C,DXGI,0,0,1,Hardware: Independent Flip,0,3.262305,6.7271,6.7271,0.4210
DemoGame.exe,7412,0x1F2A3B4C,DXGI,0,0,1,Hardware: Independent Flip,0,3.269108,6.8024,6.8024,0.4210
DemoGame.exe,7412,0x1F2A3B4C,DXGI,0,0,1,Hardware: Independent Flip,0,3.275935,6.8270,6.8270,0.4210
DemoGame.exe,7412,0x1F2A3B4C,DXGI,0,0,1,Hardware: Independent Flip,0,3.282971,7.0358,7.0358,0.4210
DemoGame.exe,7412,0x1F2A3B4C,DXGI,0,0,1,Hardware: Independent Flip,0,3.289817,6.8468,6.8468,0.4210
DemoGame.exe,7412,0x1F2A3B4C,DXGI,0,0,1,Hardware: Independent Flip,0,3.296907,7.0898,7.0898,0.4210
DemoGame.exe,7412,0x1F2A3B4C,DXGI,0,0,1,Hardware: Independent Flip,0,3.303793,6.8857,6.8857,0.4210
DemoGame.exe,7412,0x1F2A3B4C,DXGI,0,0,1,Hardware: Independent Flip,0,3.310629,6.8357,6.8357,0.4210
DemoGame.exe,7412,0x1F2A3B4C,DXGI,0,0,1,Hardware: Independent Flip,0,3.317276,6.6478,6.6478,0.4210
DemoGame.exe,7412,0x1F2A3B4C,DXGI,0,0,1,Hardware: Independent Flip,0,3.324125,6.8490,6.8490,0.4210
DemoGame.exe,7412,0x1F2A3B4C,DXGI,0,0,1,Hardware: Independent Flip,0,3.331238,7.1125,7.1125,0.4210
DemoGame.exe,7412,0x1F2A3B4C,DXGI,0,0,1,Hardware: Independent Flip,0,3.338089,6.8507,6.8507,0.4210
DemoGame.exe,7412,0x1F2A3B4C,DXGI,0,0,1,Hardware: Independent Flip,0,3.345294,7.2053,7.2053,0.4210
DemoGame.exe,7412,0x1F2A3B4C,DXGI,0,0,1,Hardware: Independent Flip,0,3.352153,6.8587,6.8587,0.4210
DemoGame.exe,7412,0x1F2A3B4C,DXGI,0,0,1,Hardware: Independent Flip,0,3.358902,6.7490,6.7490,0.4210
DemoGame.exe,7412,0x1F2A3B4C,DXGI,0,0,1,Hardware: Independent Flip,0,3.365600,6.6984,6.6984,0.4210
DemoGame.exe,7412,0x1F2A3B4C,DXGI,0,0,1,Hardware: Independent Flip,0,3.372602,7.0025,7.0025,0.4210
DemoGame.exe,7412,0x1F2A3B4C,DXGI,0,0,1,Hardware: Independent Flip,0,3.379524,6.9218,6.9218,0.4210
DemoGame.exe,7412,0x1F2A3B4C,DXGI,0,0,1,Hardware: Independent Flip,0,3.386563,7.0386,7.0386,0.4210
DemoGame.exe,7412,0x1F2A3B4C,DXGI,0,0,1,Hardware: Independent Flip,0,3.393411,6.8477,6.8477,0.4210
DemoGame.exe,7412,0x1F2A3B4C,DXGI,0,0,1,Hardware: Independent Flip,0,3.400496,7.0854,7.0854,0.4210
DemoGame.exe,7412,0x1F2A3B4C,DXGI,0,0,1,Hardware: Independent Flip,0,3.407639,7.1433,7.1433,0.4210
DemoGame.exe,7412,0x1F2A3B4C,DXGI,0,0,1,Hardware: Independent Flip,0,3.414874,7.2344,7.2344,0.4210
DemoGame.exe,7412,0x1F2A3B4C,DXGI,0,0,1,Hardware: Independent Flip,0,3.421663,6.7890,6.7890,0.4210
DemoGame.exe,7412,0x1F2A3B4C,DXGI,0,0,1,Hardware: Independent Flip,0,3.428572,6.9090,6.9090,0.4210
DemoGame.exe,7412,0x1F2A3B4C,DXGI,0,0,1,Hardware: Independent Flip,0,3.435410,6.8382,6.8382,0.4210
DemoGame.exe,7412,0x1F2A3B4C,DXGI,0,0,1,Hardware: Independent Flip,0,3.442640,7.2305,7.2305,0.4210
DemoGame.exe,7412,0x1F2A3B4C,DXGI,0,0,1,Hardware: Independent Flip,0,3.449444,6.8035,6.8035,0.4210
DemoGame.exe,7412,0x1F2A3B4C,DXGI,0,0,1,Hardware: Independent Flip,0,3.456661,7.2167,7.2167,0.4210
DemoGame.exe,7412,0x1F2A3B4C,DXGI,0,0,1,Hardware: Independent Flip,0,3.463594,6.9339,6.9339,0.4210
DemoGame.exe,7412,0x1F2A3B4C,DXGI,0,0,1,Hardware: Independent Flip,0,3.470695,7.1007,7.1007,0.4210
DemoGame.exe,7412,0x1F2A3B4C,DXGI,0,0,1,Hardware: Independent Flip,0,3.477653,6.9581,6.9581,0.4210
DemoGame.exe,7412,0x1F2A3B4C,DXGI,0,0,1,Hardware: Independent Flip,0,3.484840,7.1865,7.1865,0.4210
DemoGame.exe,7412,0x1F2A3B4C,DXGI,0,0,1,Hardware: Independent Flip,0,3.491666,6.8267,6.8267,0.4210
DemoGame.exe,7412,0x1F2A3B4C,DXGI,0,0,1,Hardware: Independent Flip,0,3.498700,7.0335,7.0335,0.4210
DemoGame.exe,7412,0x1F2A3B4C,DXGI,0,0,1,Hardware: Independent Flip,0,3.505639,6.9388,6.9388,0.4210
DemoGame.exe,7412,0x1F2A3B4C,DXGI,0,0,1,Hardware: Independent Flip,0,3.512643,7.0037,7.0037,0.4210
DemoGame.exe,7412,0x1F2A3B4C,DXGI,0,0,1,Hardware: Independent Flip,0,3.519396,6.7538,6.7538,0.4210
DemoGame.exe,7412,0x1F2A3B4C,DXGI,0,0,1,Hardware: Independent Flip,0,3.526477,7.0808,7.0808,0.4210
DemoGame.exe,7412,0x1F2A3B4C,DXGI,0,0,1,Hardware: Independent Flip,0,3.533321,6.8439,6.8439,0.4210
DemoGame.exe,7412,0x1F2A3B4C,DXGI,0,0,1,Hardware: Independent Flip,0,3.540249,6.9278,6.9278,0.4210
DemoGame.exe,7412,0x1F2A3B4C,DXGI,0,0,1,Hardware: Independent Flip,0,3.547079,6.8299,6.8299,0.4210
DemoGame.exe,7412,0x1F2A3B4C,DXGI,0,0,1,Hardware: Independent Flip,0,3.554018,6.9392,6.9392,0.4210
DemoGame.exe,7412,0x1F2A3B4C,DXGI,0,0,1,Hardware: Independent Flip,0,3.561195,7.1771,7.1771,0.4210
DemoGame.exe,7412,0x1F2A3B4C,DXGI,0,0,1,Hardware: Independent Flip,0,3.568067,6.8714,6.8714,0.4210
DemoGame.exe,7412,0x1F2A3B4C,DXGI,0,0,1,Hardware: Independent Flip,0,3.575071,7.0048,7.0048,0.4210
DemoGame.exe,7412,0x1F2A3B4C,DXGI,0,0,1,Hardware: Independent Flip,0,3.581949,6.8778,6.8778,0.4210
DemoGame.exe,7412,0x1F2A3B4C,DXGI,0,0,1,Hardware: Independent Flip,0,3.589083,7.1334,7.1334,0.4210
DemoGame.exe,7412,0x1F2A3B4C,DXGI,0,0,1,Hardware: Independent Flip,0,3.596275,7.1925,7.1925,0.4210
DemoGame.exe,7412,0x1F2A3B4C,DXGI,0,0,1,Hardware: Independent Flip,0,3.603437,7.1622,7.1622,0.4210
DemoGame.exe,7412,0x1F2A3B4C,DXGI,0,0,1,Hardware: Independent Flip,0,3.610293,6.8554,6.8554,0.4210
DemoGame.exe,7412,0x1F2A3B4C,DXGI,0,0,1,Hardware: Independent Flip,0,3.617405,7.1118,7.1118,0.4210
DemoGame.exe,7412,0x1F2A3B4C,DXGI,0,0,1,Hardware: Independent Flip,0,3.624171,6.7668,6.7668,0.4210
DemoGame.exe,7412,0x1F2A3B4C,DXGI,0,0,1,Hardware: Independent Flip,0,3.630843,6.6719,6.6719,0.4210
DemoGame.exe,7412,0x1F2A3B4C,DXGI,0,0,1,Hardware: Independent Flip,0,3.637733,6.8901,6.8901,0.4210
DemoGame.exe,7412,0x1F2A3B4C,DXGI,0,0,1,Hardware: Independent Flip,0,3.644561,6.8278,6.8278,0.4210
DemoGame.exe,7412,0x1F2A3B4C,DXGI,0,0,1,Hardware: Independent Flip,0,3.651373,6.8120,6.8120,0.4210
DemoGame.exe,7412,0x1F2A3B4C,DXGI,0,0,1,Hardware: Independent Flip,0,3.658055,6.6820,6.6820,0.4210
DemoGame.exe,7412,0x1F2A3B4C,DXGI,0,0,1,Hardware: Independent Flip,0,3.664826,6.7708,6.7708,0.4210
DemoGame.exe,7412,0x1F2A3B4C,DXGI,0,0,1,Hardware: Independent Flip,0,3.671479,6.6526,6.6526,0.4210
DemoGame.exe,7412,0x1F2A3B4C,DXGI,0,0,1,Hardware: Independent Flip,0,3.678582,7.1034,7.1034,0.4210
DemoGame.exe,7412,0x1F2A3B4C,DXGI,0,0,1,Hardware: Independent Flip,0,3.685308,6.7262,6.7262,0.4210
DemoGame.exe,7412,0x1F2A3B4C,DXGI,0,0,1,Hardware: Independent Flip,0,3.692171,6.8630,6.8630,0.4210
DemoGame.exe,7412,0x1F2A3B4C,DXGI,0,0,1,Hardware: Independent Flip,0,3.699129,6.9579,6.9579,0.4210
DemoGame.exe,7412,0x1F2A3B4C,DXGI,0,0,1,Hardware: Independent Flip,0,3.706121,6.9923,6.9923,0.4210
DemoGame.exe,7412,0x1F2A3B4C,DXGI,0,0,1,Hardware: Independent Flip,0,3.712920,6.7984,6.7984,0.4210
DemoGame.exe,7412,0x1F2A3B4C,DXGI,0,0,1,Hardware: Independent Flip,0,3.719828,6.9082,6.9082,0.4210
DemoGame.exe,7412,0x1F2A3B4C,DXGI,0,0,1,Hardware: Independent Flip,0,3.726851,7.0226,7.0226,0.4210
DemoGame.exe,7412,0x1F2A3B4C,DXGI,0,0,1,Hardware: Independent Flip,0,3.733920,7.0692,7.0692,0.4210
DemoGame.exe,7412,0x1F2A3B4C,DXGI,0,0,1,Hardware: Independent Flip,0,3.740974,7.0542,7.0542,0.4210
DemoGame.exe,7412,0x1F2A3B4C,DXGI,0,0,1,Hardware: Independent Flip,0,3.747912,6.9386,6.9386,0.4210
DemoGame.exe,7412,0x1F2A3B4C,DXGI,0,0,1,Hardware: Independent Flip,0,3.754805,6.8927,6.8927,0.4210
DemoGame.exe,7412,0x1F2A3B4C,DXGI,0,0,1,Hardware: Independent Flip,0,3.761890,7.0851,7.0851,0.4210
DemoGame.exe,7412,0x1F2A3B4C,DXGI,0,0,1,Hardware: Independent Flip,0,3.768729,6.8387,6.8387,0.4210
DemoGame.exe,7412,0x1F2A3B4C,DXGI,0,0,1,Hardware: Independent Flip,0,3.775893,7.1640,7.1640,0.4210
DemoGame.exe,7412,0x1F2A3B4C,DXGI,0,0,1,Hardware: Independent Flip,0,3.782792,6.8995,6.8995,0.4210
DemoGame.exe,7412,0x1F2A3B4C,DXGI,0,0,1,Hardware: Independent Flip,0,3.789640,6.8481,6.8481,0.4210
DemoGame.exe,7412,0x1F2A3B4C,DXGI,0,0,1,Hardware: Independent Flip,0,3.796342,6.7012,6.7012,0.4210
DemoGame.exe,7412,0x1F2A3B4C,DXGI,0,0,1,Hardware: Independent Flip,0,3.803503,7.1616,7.1616,0.4210
DemoGame.exe,7412,0x1F2A3B4C,DXGI,0,0,1,Hardware: Independent Flip,0,3.810651,7.1482,7.1482,0.4210
DemoGame.exe,7412,0x1F2A3B4C,DXGI,0,0,1,Hardware: Independent Flip,0,3.817856,7.2044,7.2044,0.4210
DemoGame.exe,7412,0x1F2A3B4C,DXGI,0,0,1,Hardware: Independent Flip,0,3.824597,6.7410,6.7410,0.4210
DemoGame.exe,7412,0x1F2A3B4C,DXGI,0,0,1,Hardware: Independent Flip,0,3.831452,6.8550,6.8550,0.4210
DemoGame.exe,7412,0x1F2A3B4C,DXGI,0,0,1,Hardware: Independent Flip,0,3.838150,6.6985,6.6985,0.4210
DemoGame.exe,7412,0x1F2A3B4C,DXGI,0,0,1,Hardware: Independent Flip,0,3.844873,6.7225,6.7225,0.4210
DemoGame.exe,7412,0x1F2A3B4C,DXGI,0,0,1,Hardware: Independent Flip,0,3.852106,7.2329,7.2329,0.4210
DemoGame.exe,7412,0x1F2A3B4C,DXGI,0,0,1,Hardware: Independent Flip,0,3.858941,6.8353,6.8353,0.4210
DemoGame.exe,7412,0x1F2A3B4C,DXGI,0,0,1,Hardware: Independent Flip,0,3.866100,7.1586,7.1586,0.4210
DemoGame.exe,7412,0x1F2A3B4C,DXGI,0,0,1,Hardware: Independent Flip,0,3.873280,7.1806,7.1806,0.4210
DemoGame.exe,7412,0x1F2A3B4C,DXGI,0,0,1,Hardware: Independent Flip,0,3.880130,6.8497,6.8497,0.4210
DemoGame.exe,7412,0x1F2A3B4C,DXGI,0,0,1,Hardware: Independent Flip,0,3.886901,6.7708,6.7708,0.4210
DemoGame.exe,7412,0x1F2A3B4C,DXGI,0,0,1,Hardware: Independent Flip,0,3.893866,6.9658,6.9658,0.4210
DemoGame.exe,7412,0x1F2A3B4C,DXGI,0,0,1,Hardware: Independent Flip,0,3.901094,7.2271,7.2271,0.4210
DemoGame.exe,7412,0x1F2A3B4C,DXGI,0,0,1,Hardware: Independent Flip,0,3.908166,7.0722,7.0722,0.4210
DemoGame.exe,7412,0x1F2A3B4C,DXGI,0,0,1,Hardware: Independent Flip,0,3.915150,6.9845,6.9845,0.4210
DemoGame.exe,7412,0x1F2A3B4C,DXGI,0,0,1,Hardware: Independent Flip,0,3.921996,6.8456,6.8456,0.4210
DemoGame.exe,7412,0x1F2A3B4C,DXGI,0,0,1,Hardware: Independent Flip,0,3.929207,7.2110,7.2110,0.4210
DemoGame.exe,7412,0x1F2A3B4C,DXGI,0,0,1,Hardware: Independent Flip,0,3.936432,7.2253,7.2253,0.4210
DemoGame.exe,7412,0x1F2A3B4C,DXGI,0,0,1,Hardware: Independent Flip,0,3.943261,6.8288,6.8288,0.4210
DemoGame.exe,7412,0x1F2A3B4C,DXGI,0,0,1,Hardware: Independent Flip,0,3.949978,6.7171,6.7171,0.4210
DemoGame.exe,7412,0x1F2A3B4C,DXGI,0,0,1,Hardware: Independent Flip,0,3.956719,6.7407,6.7407,0.4210
DemoGame.exe,7412,0x1F2A3B4C,DXGI,0,0,1,Hardware: Independent Flip,0,3.963818,7.0991,7.0991,0.4210
DemoGame.exe,7412,0x1F2A3B4C,DXGI,0,0,1,Hardware: Independent Flip,0,3.970526,6.7082,6.7082,0.4210
DemoGame.exe,7412,0x1F2A3B4C,DXGI,0,0,1,Hardware: Independent Flip,0,3.977308,6.7824,6.7824,0.4210
DemoGame.exe,7412,0x1F2A3B4C,DXGI,0,0,1,Hardware: Independent Flip,0,3.984176,6.8676,6.8676,0.4210
DemoGame.exe,7412,0x1F2A3B4C,DXGI,0,0,1,Hardware: Independent Flip,0,3.991383,7.2067,7.2067,0.4210
DemoGame.exe,7412,0x1F2A3B4C,DXGI,0,0,1,Hardware: Independent Flip,0,3.998053,6.6707,6.6707,0.4210
DemoGame.exe,7412,0x1F2A3B4C,DXGI,0,0,1,Hardware: Independent Flip,0,4.005226,7.1722,7.1722,0.4210
DemoGame.exe,7412,0x1F2A3B4C,DXGI,0,0,1,Hardware: Independent Flip,0,4.021699,16.4735,16.4735,0.4210
DemoGame.exe,7412,0x1F2A3B4C,DXGI,0,0,1,Hardware: Independent Flip,0,4.028934,7.2346,7.2346,0.4210
DemoGame.exe,7412,0x1F2A3B4C,DXGI,0,0,1,Hardware: Independent Flip,0,4.036158,7.2238,7.2238,0.4210
DemoGame.exe,7412,0x1F2A3B4C,DXGI,0,0,1,Hardware: Independent Flip,0,4.042912,6.7548,6.7548,0.4210
DemoGame.exe,7412,0x1F2A3B4C,DXGI,0,0,1,Hardware: Independent Flip,0,4.049677,6.7644,6.7644,0.4210
DemoGame.exe,7412,0x1F2A3B4C,DXGI,0,0,1,Hardware: Independent Flip,0,4.056543,6.8666,6.8666,0.4210
DemoGame.exe,7412,0x1F2A3B4C,DXGI,0,0,1,Hardware: Independent Flip,0,4.063235,6.6922,6.6922,0.4210
DemoGame.exe,7412,0x1F2A3B4C,DXGI,0,0,1,Hardware: Independent Flip,0,4.070242,7.0064,7.0064,0.4210
DemoGame.exe,7412,0x1F2A3B4C,DXGI,0,0,1,Hardware: Independent Flip,0,4.077357,7.1152,7.1152,0.4210
DemoGame.exe,7412,0x1F2A3B4C,DXGI,0,0,1,Hardware: Independent Flip,0,4.084166,6.8085,6.8085,0.4210
DemoGame.exe,7412,0x1F2A3B4C,DXGI,0,0,1,Hardware: Independent Flip,0,4.091045,6.8795,6.8795,0.4210
DemoGame.exe,7412,0x1F2A3B4C,DXGI,0,0,1,Hardware: Independent Flip,0,4.098048,7.0034,7.0034,0.4210
DemoGame.exe,7412,0x1F2A3B4C,DXGI,0,0,1,Hardware: Independent Flip,0,4.105255,7.2071,7.2071,0.4210
DemoGame.exe,7412,0x1F2A3B4C,DXGI,0,0,1,Hardware: Independent Flip,0,4.112249,6.9935,6.9935,0.4210
DemoGame.exe,7412,0x1F2A3B4C,DXGI,0,0,1,Hardware: Independent Flip,0,4.119335,7.0860,7.0860,0.4210
DemoGame.exe,7412,0x1F2A3B4C,DXGI,0,0,1,Hardware: Independent Flip,0,4.126199,6.8635,6.8635,0.4210
DemoGame.exe,7412,0x1F2A3B4C,DXGI,0,0,1,Hardware: Independent Flip,0,4.133126,6.9274,6.9274,0.4210
DemoGame.exe,7412,0x1F2A3B4C,DXGI,0,0,1,Hardware: Independent Flip,0,4.140343,7.2169,7.2169,0.4210
DemoGame.exe,7412,0x1F2A3B4C,DXGI,0,0,1,Hardware: Independent Flip,0,4.147252,6.9096,6.9096,0.4210
DemoGame.exe,7412,0x1F2A3B4C,DXGI,0,0,1,Hardware: Independent Flip,0,4.153909,6.6569,6.6569,0.4210
DemoGame.exe,7412,0x1F2A3B4C,DXGI,0,0,1,Hardware: Independent Flip,0,4.161007,7.0981,7.0981,0.4210
DemoGame.exe,7412,0x1F2A3B4C,DXGI,0,0,1,Hardware: Independent Flip,0,4.167970,6.9624,6.9624,0.4210
DemoGame.exe,7412,0x1F2A3B4C,DXGI,0,0,1,Hardware: Independent Flip,0,4.174902,6.9325,6.9325,0.4210
DemoGame.exe,7412,0x1F2A3B4C,DXGI,0,0,1,Hardware: Independent Flip,0,4.181769,6.8668,6.8668,0.4210
DemoGame.exe,7412,0x1F2A3B4C,DXGI,0,0,1,Hardware: Independent Flip,0,4.188885,7.1164,7.1164,0.4210
DemoGame.exe,7412,0x1F2A3B4C,DXGI,0,0,1,Hardware: Independent Flip,0,4.195974,7.0885,7.0885,0.4210
DemoGame.exe,7412,0x1F2A3B4C,DXGI,0,0,1,Hardware: Independent Flip,0,4.203025,7.0515,7.0515,0.4210
DemoGame.exe,7412,0x1F2A3B4C,DXGI,0,0,1,Hardware: Independent Flip,0,4.209775,6.7493,6.7493,0.4210
DemoGame.exe,7412,0x1F2A3B4C,DXGI,0,0,1,Hardware: Independent Flip,0,4.216452,6.6768,6.6768,0.4210
DemoGame.exe,7412,0x1F2A3B4C,DXGI,0,0,1,Hardware: Independent Flip,0,4.223168,6.7166,6.7166,0.4210
DemoGame.exe,7412,0x1F2A3B4C,DXGI,0,0,1,Hardware: Independent Flip,0,4.230243,7.0749,7.0749,0.4210
DemoGame.exe,7412,0x1F2A3B4C,DXGI,0,0,1,Hardware: Independent Flip,0,4.237003,6.7598,6.7598,0.4210
DemoGame.exe,7412,0x1F2A3B4C,DXGI,0,0,1,Hardware: Independent Flip,0,4.244209,7.2062,7.2062,0.4210
DemoGame.exe,7412,0x1F2A3B4C,DXGI,0,0,1,Hardware: Independent Flip,0,4.251116,6.9071,6.9071,0.4210
DemoGame.exe,7412,0x1F2A3B4C,DXGI,0,0,1,Hardware: Independent Flip,0,4.258167,7.0507,7.0507,0.4210
DemoGame.exe,7412,0x1F2A3B4C,DXGI,0,0,1,Hardware: Independent Flip,0,4.265357,7.1900,7.1900,0.4210
DemoGame.exe,7412,0x1F2A3B4C,DXGI,0,0,1,Hardware: Independent Flip,0,4.272227,6.8699,6.8699,0.4210
DemoGame.exe,7412,0x1F2A3B4C,DXGI,0,0,1,Hardware: Independent Flip,0,4.278887,6.6600,6.6600,0.4210
DemoGame.exe,7412,0x1F2A3B4C,DXGI,0,0,1,Hardware: Independent Flip,0,4.285732,6.8454,6.8454,0.4210
DemoGame.exe,7412,0x1F2A3B4C,DXGI,0,0,1,Hardware: Independent Flip,0,4.292737,7.0045,7.0045,0.4210
DemoGame.exe,7412,0x1F2A3B4C,DXGI,0,0,1,Hardware: Independent Flip,0,4.299761,7.0240,7.0240,0.4210
DemoGame.exe,7412,0x1F2A3B4C,DXGI,0,0,1,Hardware: Independent Flip,0,4.306983,7.2222,7.2222,0.4210
DemoGame.exe,7412,0x1F2A3B4C,DXGI,0,0,1,Hardware: Independent Flip,0,4.313957,6.9744,6.9744,0.4210
DemoGame.exe,7412,0x1F2A3B4C,DXGI,0,0,1,Hardware: Independent Flip,0,4.321004,7.0465,7.0465,0.4210
DemoGame.exe,7412,0x1F2A3B4C,DXGI,0,0,1,Hardware: Independent Flip,0,4.327993,6.9898,6.9898,0.4210
DemoGame.exe,7412,0x1F2A3B4C,DXGI,0,0,1,Hardware: Independent Flip,0,4.335063,7.0694,7.0694,0.4210
DemoGame.exe,7412,0x1F2A3B4C,DXGI,0,0,1,Hardware: Independent Flip,0,4.341817,6.7540,6.7540,0.4210
DemoGame.exe,7412,0x1F2A3B4C,DXGI,0,0,1,Hardware: Independent Flip,0,4.348808,6.9911,6.9911,0.4210
DemoGame.exe,7412,0x1F2A3B4C,DXGI,0,0,1,Hardware: Independent Flip,0,4.355465,6.6572,6.6572,0.4210
DemoGame.exe,7412,0x1F2A3B4C,DXGI,0,0,1,Hardware: Independent Flip,0,4.362554,7.0887,7.0887,0.4210
DemoGame.exe,7412,0x1F2A3B4C,DXGI,0,0,1,Hardware: Independent Flip,0,4.369653,7.0990,7.0990,0.4210
DemoGame.exe,7412,0x1F2A3B4C,DXGI,0,0,1,Hardware: Independent Flip,0,4.376548,6.8948,6.8948,0.4210
DemoGame.exe,7412,0x1F2A3B4C,DXGI,0,0,1,Hardware: Independent Flip,0,4.383489,6.9411,6.9411,0.4210
DemoGame.exe,7412,0x1F2A3B4C,DXGI,0,0,1,Hardware: Independent Flip,0,4.390146,6.6579,6.6579,0.4210
DemoGame.exe,7412,0x1F2A3B4C,DXGI,0,0,1,Hardware: Independent Flip,0,4.396864,6.7180,6.7180,0.4210
DemoGame.exe,7412,0x1F2A3B4C,DXGI,0,0,1,Hardware: Independent Flip,0,4.403898,7.0336,7.0336,0.4210
DemoGame.exe,7412,0x1F2A3B4C,DXGI,0,0,1,Hardware: Independent Flip,0,4.410844,6.9461,6.9461,0.4210
DemoGame.exe,7412,0x1F2A3B4C,DXGI,0,0,1,Hardware: Independent Flip,0,4.417845,7.0010,7.0010,0.4210
DemoGame.exe,7412,0x1F2A3B4C,DXGI,0,0,1,Hardware: Independent Flip,0,4.424728,6.8824,6.8824,0.4210
DemoGame.exe,7412,0x1F2A3B4C,DXGI,0,0,1,Hardware: Independent Flip,0,4.431647,6.9199,6.9199,0.4210
DemoGame.exe,7412,0x1F2A3B4C,DXGI,0,0,1,Hardware: Independent Flip,0,4.438707,7.0591,7.0591,0.4210
DemoGame.exe,7412,0x1F2A3B4C,DXGI,0,0,1,Hardware: Independent Flip,0,4.445893,7.1869,7.1869,0.4210
DemoGame.exe,7412,0x1F2A3B4C,DXGI,0,0,1,Hardware: Independent Flip,0,4.452867,6.9736,6.9736,0.4210
DemoGame.exe,7412,0x1F2A3B4C,DXGI,0,0,1,Hardware: Independent Flip,0,4.459910,7.0426,7.0426,0.4210
DemoGame.exe,7412,0x1F2A3B4C,DXGI,0,0,1,Hardware: Independent Flip,0,4.466887,6.9776,6.9776,0.4210
DemoGame.exe,7412,0x1F2A3B4C,DXGI,0,0,1,Hardware: Independent Flip,0,4.473651,6.7637,6.7637,0.4210
DemoGame.exe,7412,0x1F2A3B4C,DXGI,0,0,1,Hardware: Independent Flip,0,4.480692,7.0413,7.0413,0.4210
DemoGame.exe,7412,0x1F2A3B4C,DXGI,0,0,1,Hardware: Independent Flip,0,4.487636,6.9440,6.9440,0.4210
DemoGame.exe,7412,0x1F2A3B4C,DXGI,0,0,1,Hardware: Independent Flip,0,4.494823,7.1869,7.1869,0.4210
DemoGame.exe,7412,0x1F2A3B4C,DXGI,0,0,1,Hardware: Independent Flip,0,4.501963,7.1399,7.1399,0.4210
DemoGame.exe,7412,0x1F2A3B4C,DXGI,0,0,1,Hardware: Independent Flip,0,4.509201,7.2376,7.2376,0.4210
DemoGame.exe,7412,0x1F2A3B4C,DXGI,0,0,1,Hardware: Independent Flip,0,4.516112,6.9114,6.9114,0.4210
DemoGame.exe,7412,0x1F2A3B4C,DXGI,0,0,1,Hardware: Independent Flip,0,4.523127,7.0155,7.0155,0.4210
DemoGame.exe,7412,0x1F2A3B4C,DXGI,0,0,1,Hardware: Independent Flip,0,4.530277,7.1491,7.1491,0.4210
DemoGame.exe,7412,0x1F2A3B4C,DXGI,0,0,1,Hardware: Independent Flip,0,4.537153,6.8768,6.8768,0.4210
DemoGame.exe,7412,0x1F2A3B4C,DXGI,0,0,1,Hardware: Independent Flip,0,4.544273,7.1200,7.1200,0.4210
DemoGame.exe,7412,0x1F2A3B4C,DXGI,0,0,1,Hardware: Independent Flip,0,4.551505,7.2320,7.2320,0.4210
DemoGame.exe,7412,0x1F2A3B4C,DXGI,0,0,1,Hardware: Independent Flip,0,4.558635,7.1300,7.1300,0.4210
DemoGame.exe,7412,0x1F2A3B4C,DXGI,0,0,1,Hardware: Independent Flip,0,4.565756,7.1209,7.1209,0.4210
DemoGame.exe,7412,0x1F2A3B4C,DXGI,0,0,1,Hardware: Independent Flip,0,4.572447,6.6910,6.6910,0.4210
DemoGame.exe,7412,0x1F2A3B4C,DXGI,0,0,1,Hardware: Independent Flip,0,4.579426,6.9786,6.9786,0.4210
DemoGame.exe,7412,0x1F2A3B4C,DXGI,0,0,1,Hardware: Independent Flip,0,4.586130,6.7044,6.7044,0.4210
DemoGame.exe,7412,0x1F2A3B4C,DXGI,0,0,1,Hardware: Independent Flip,0,4.592866,6.7361,6.7361,0.4210
DemoGame.exe,7412,0x1F2A3B4C,DXGI,0,0,1,Hardware: Independent Flip,0,4.599698,6.8321,6.8321,0.4210
DemoGame.exe,7412,0x1F2A3B4C,DXGI,0,0,1,Hardware: Independent Flip,0,4.606560,6.8616,6.8616,0.4210
DemoGame.exe,7412,0x1F2A3B4C,DXGI,0,0,1,Hardware: Independent Flip,0,4.613384,6.8241,6.8241,0.4210
DemoGame.exe,7412,0x1F2A3B4C,DXGI,0,0,1,Hardware: Independent Flip,0,4.620447,7.0627,7.0627,0.4210
DemoGame.exe,7412,0x1F2A3B4C,DXGI,0,0,1,Hardware: Independent Flip,0,4.627639,7.1923,7.1923,0.4210
DemoGame.exe,7412,0x1F2A3B4C,DXGI,0,0,1,Hardware: Independent Flip,0,4.634472,6.8331,6.8331,0.4210
DemoGame.exe,7412,0x1F2A3B4C,DXGI,0,0,1,Hardware: Independent Flip,0,4.641133,6.6611,6.6611,0.4210
DemoGame.exe,7412,0x1F2A3B4C,DXGI,0,0,1,Hardware: Independent Flip,0,4.648021,6.8879,6.8879,0.4210
DemoGame.exe,7412,0x1F2A3B4C,DXGI,0,0,1,Hardware: Independent Flip,0,4.655134,7.1129,7.1129,0.4210
DemoGame.exe,7412,0x1F2A3B4C,DXGI,0,0,1,Hardware: Independent Flip,0,4.662156,7.0216,7.0216,0.4210
DemoGame.exe,7412,0x1F2A3B4C,DXGI,0,0,1,Hardware: Independent Flip,0,4.669325,7.1694,7.1694,0.4210
DemoGame.exe,7412,0x1F2A3B4C,DXGI,0,0,1,Hardware: Independent Flip,0,4.676515,7.1894,7.1894,0.4210
DemoGame.exe,7412,0x1F2A3B4C,DXGI,0,0,1,Hardware: Independent Flip,0,4.683596,7.0811,7.0811,0.4210
DemoGame.exe,7412,0x1F2A3B4C,DXGI,0,0,1,Hardware: Independent Flip,0,4.690488,6.8926,6.8926,0.4210
DemoGame.exe,7412,0x1F2A3B4C,DXGI,0,0,1,Hardware: Independent Flip,0,4.697664,7.1758,7.1758,0.4210
DemoGame.exe,7412,0x1F2A3B4C,DXGI,0,0,1,Hardware: Independent Flip,0,4.704377,6.7130,6.7130,0.4210
DemoGame.exe,7412,0x1F2A3B4C,DXGI,0,0,1,Hardware: Independent Flip,0,4.711247,6.8702,6.8702,0.4210
DemoGame.exe,7412,0x1F2A3B4C,DXGI,0,0,1,Hardware: Independent Flip,0,4.717919,6.6722,6.6722,0.4210
DemoGame.exe,7412,0x1F2A3B4C,DXGI,0,0,1,Hardware: Independent Flip,0,4.724973,7.0540,7.0540,0.4210
DemoGame.exe,7412,0x1F2A3B4C,DXGI,0,0,1,Hardware: Independent Flip,0,4.732022,7.0483,7.0483,0.4210
DemoGame.exe,7412,0x1F2A3B4C,DXGI,0,0,1,Hardware: Independent Flip,0,4.738783,6.7612,6.7612,0.4210
DemoGame.exe,7412,0x1F2A3B4C,DXGI,0,0,1,Hardware: Independent Flip,0,4.745878,7.0950,7.0950,0.4210
DemoGame.exe,7412,0x1F2A3B4C,DXGI,0,0,1,Hardware: Independent Flip,0,4.752710,6.8316,6.8316,0.4210
DemoGame.exe,7412,0x1F2A3B4C,DXGI,0,0,1,Hardware: Independent Flip,0,4.759833,7.1233,7.1233,0.4210
DemoGame.exe,7412,0x1F2A3B4C,DXGI,0,0,1,Hardware: Independent Flip,0,4.766869,7.0359,7.0359,0.4210
DemoGame.exe,7412,0x1F2A3B4C,DXGI,0,0,1,Hardware: Independent Flip,0,4.773894,7.0250,7.0250,0.4210
DemoGame.exe,7412,0x1F2A3B4C,DXGI,0,0,1,Hardware: Independent Flip,0,4.780736,6.8421,6.8421,0.4210
DemoGame.exe,7412,0x1F2A3B4C,DXGI,0,0,1,Hardware: Independent Flip,0,4.787781,7.0456,7.0456,0.4210
DemoGame.exe,7412,0x1F2A3B4C,DXGI,0,0,1,Hardware: Independent Flip,0,4.794841,7.0601,7.0601,0.4210
DemoGame.exe,7412,0x1F2A3B4C,DXGI,0,0,1,Hardware: Independent Flip,0,4.801966,7.1241,7.1241,0.4210
DemoGame.exe,7412,0x1F2A3B4C,DXGI,0,0,1,Hardware: Independent Flip,0,4.808801,6.8354,6.8354,0.4210
DemoGame.exe,7412,0x1F2A3B4C,DXGI,0,0,1,Hardware: Independent Flip,0,4.815986,7.1854,7.1854,0.4210
DemoGame.exe,7412,0x1F2A3B4C,DXGI,0,0,1,Hardware: Independent Flip,0,4.822985,6.9987,6.9987,0.4210
DemoGame.exe,7412,0x1F2A3B4C,DXGI,0,0,1,Hardware: Independent Flip,0,4.830080,7.0947,7.0947,0.4210
DemoGame.exe,7412,0x1F2A3B4C,DXGI,0,0,1,Hardware: Independent Flip,0,4.836865,6.7855,6.7855,0.4210
DemoGame.exe,7412,0x1F2A3B4C,DXGI,0,0,1,Hardware: Independent Flip,0,4.843690,6.8250,6.8250,0.4210
DemoGame.exe,7412,0x1F2A3B4C,DXGI,0,0,1,Hardware: Independent Flip,0,4.850488,6.7974,6.7974,0.4210
DemoGame.exe,7412,0x1F2A3B4C,DXGI,0,0,1,Hardware: Independent Flip,0,4.857433,6.9450,6.9450,0.4210
DemoGame.exe,7412,0x1F2A3B4C,DXGI,0,0,1,Hardware: Independent Flip,0,4.864526,7.0930,7.0930,0.4210
DemoGame.exe,7412,0x1F2A3B4C,DXGI,0,0,1,Hardware: Independent Flip,0,4.871281,6.7549,6.7549,0.4210
DemoGame.exe,7412,0x1F2A3B4C,DXGI,0,0,1,Hardware: Independent Flip,0,4.878450,7.1698,7.1698,0.4210
DemoGame.exe,7412,0x1F2A3B4C,DXGI,0,0,1,Hardware: Independent Flip,0,4.885346,6.8960,6.8960,0.4210
DemoGame.exe,7412,0x1F2A3B4C,DXGI,0,0,1,Hardware: Independent Flip,0,4.892115,6.7688,6.7688,0.4210
DemoGame.exe,7412,0x1F2A3B4C,DXGI,0,0,1,Hardware: Independent Flip,0,4.899249,7.1338,7.1338,0.4210
DemoGame.exe,7412,0x1F2A3B4C,DXGI,0,0,1,Hardware: Independent Flip,0,4.906339,7.0900,7.0900,0.4210
DemoGame.exe,7412,0x1F2A3B4C,DXGI,0,0,1,Hardware: Independent Flip,0,4.913543,7.2037,7.2037,0.4210
DemoGame.exe,7412,0x1F2A3B4C,DXGI,0,0,1,Hardware: Independent Flip,0,4.920582,7.0397,7.0397,0.4210
DemoGame.exe,7412,0x1F2A3B4C,DXGI,0,0,1,Hardware: Independent Flip,0,4.927454,6.8714,6.8714,0.4210
DemoGame.exe,7412,0x1F2A3B4C,DXGI,0,0,1,Hardware: Independent Flip,0,4.934154,6.7002,6.7002,0.4210
DemoGame.exe,7412,0x1F2A3B4C,DXGI,0,0,1,Hardware: Independent Flip,0,4.941215,7.0610,7.0610,0.4210
DemoGame.exe,7412,0x1F2A3B4C,DXGI,0,0,1,Hardware: Independent Flip,0,4.948110,6.8948,6.8948,0.4210
DemoGame.exe,7412,0x1F2A3B4C,DXGI,0,0,1,Hardware: Independent Flip,0,4.954773,6.6628,6.6628,0.4210
DemoGame.exe,7412,0x1F2A3B4C,DXGI,0,0,1,Hardware: Independent Flip,0,4.961941,7.1686,7.1686,0.4210
DemoGame.exe,7412,0x1F2A3B4C,DXGI,0,0,1,Hardware: Independent Flip,0,4.968841,6.9001,6.9001,0.4210
DemoGame.exe,7412,0x1F2A3B4C,DXGI,0,0,1,Hardware: Independent Flip,0,4.976060,7.2189,7.2189,0.4210
DemoGame.exe,7412,0x1F2A3B4C,DXGI,0,0,1,Hardware: Independent Flip,0,4.983041,6.9810,6.9810,0.4210
DemoGame.exe,7412,0x1F2A3B4C,DXGI,0,0,1,Hardware: Independent Flip,0,4.989715,6.6740,6.6740,0.4210
DemoGame.exe,7412,0x1F2A3B4C,DXGI,0,0,1,Hardware: Independent Flip,0,4.996660,6.9449,6.9449,0.4210
DemoGame.exe,7412,0x1F2A3B4C,DXGI,0,0,1,Hardware: Independent Flip,0,5.003331,6.6708,6.6708,0.4210
DemoGame.exe,7412,0x1F2A3B4C,DXGI,0,0,1,Hardware: Independent Flip,0,5.010142,6.8112,6.8112,0.4210
DemoGame.exe,7412,0x1F2A3B4C,DXGI,0,0,1,Hardware: Independent Flip,0,5.017377,7.2350,7.2350,0.4210
DemoGame.exe,7412,0x1F2A3B4C,DXGI,0,0,1,Hardware: Independent Flip,0,5.024237,6.8595,6.8595,0.4210
DemoGame.exe,7412,0x1F2A3B4C,DXGI,0,0,1,Hardware: Independent Flip,0,5.031309,7.0718,7.0718,0.4210
DemoGame.exe,7412,0x1F2A3B4C,DXGI,0,0,1,Hardware: Independent Flip,0,5.038541,7.2328,7.2328,0.4210
DemoGame.exe,7412,0x1F2A3B4C,DXGI,0,0,1,Hardware: Independent Flip,0,5.045372,6.8302,6.8302,0.4210
DemoGame.exe,7412,0x1F2A3B4C,DXGI,0,0,1,Hardware: Independent Flip,0,5.052600,7.2281,7.2281,0.4210
DemoGame.exe,7412,0x1F2A3B4C,DXGI,0,0,1,Hardware: Independent Flip,0,5.059434,6.8348,6.8348,0.4210
DemoGame.exe,7412,0x1F2A3B4C,DXGI,0,0,1,Hardware: Independent Flip,0,5.066665,7.2304,7.2304,0.4210
DemoGame.exe,7412,0x1F2A3B4C,DXGI,0,0,1,Hardware: Independent Flip,0,5.073416,6.7511,6.7511,0.4210
DemoGame.exe,7412,0x1F2A3B4C,DXGI,0,0,1,Hardware: Independent Flip,0,5.080411,6.9948,6.9948,0.4210
DemoGame.exe,7412,0x1F2A3B4C,DXGI,0,0,1,Hardware: Independent Flip,0,5.087570,7.1595,7.1595,0.4210
DemoGame.exe,7412,0x1F2A3B4C,DXGI,0,0,1,Hardware: Independent Flip,0,5.094739,7.1692,7.1692,0.4210
DemoGame.exe,7412,0x1F2A3B4C,DXGI,0,0,1,Hardware: Independent Flip,0,5.101562,6.8232,6.8232,0.4210
DemoGame.exe,7412,0x1F2A3B4C,DXGI,0,0,1,Hardware: Independent Flip,0,5.108506,6.9430,6.9430,0.4210
DemoGame.exe,7412,0x1F2A3B4C,DXGI,0,0,1,Hardware: Independent Flip,0,5.115628,7.1225,7.1225,0.4210
DemoGame.exe,7412,0x1F2A3B4C,DXGI,0,0,1,Hardware: Independent Flip,0,5.122737,7.1092,7.1092,0.4210
DemoGame.exe,7412,0x1F2A3B4C,DXGI,0,0,1,Hardware: Independent Flip,0,5.129708,6.9703,6.9703,0.4210
DemoGame.exe,7412,0x1F2A3B4C,DXGI,0,0,1,Hardware: Independent Flip,0,5.136649,6.9418,6.9418,0.4210
DemoGame.exe,7412,0x1F2A3B4C,DXGI,0,0,1,Hardware: Independent Flip,0,5.143327,6.6772,6.6772,0.4210
DemoGame.exe,7412,0x1F2A3B4C,DXGI,0,0,1,Hardware: Independent Flip,0,5.150403,7.0762,7.0762,0.4210
DemoGame.exe,7412,0x1F2A3B4C,DXGI,0,0,1,Hardware: Independent Flip,0,5.157632,7.2293,7.2293,0.4210
DemoGame.exe,7412,0x1F2A3B4C,DXGI,0,0,1,Hardware: Independent Flip,0,5.164847,7.2146,7.2146,0.4210
DemoGame.exe,7412,0x1F2A3B4C,DXGI,0,0,1,Hardware: Independent Flip,0,5.171836,6.9893,6.9893,0.4210
DemoGame.exe,7412,0x1F2A3B4C,DXGI,0,0,1,Hardware: Independent Flip,0,5.179079,7.2431,7.2431,0.4210
DemoGame.exe,7412,0x1F2A3B4C,DXGI,0,0,1,Hardware: Independent Flip,0,5.185952,6.8733,6.8733,0.4210
DemoGame.exe,7412,0x1F2A3B4C,DXGI,0,0,1,Hardware: Independent Flip,0,5.192769,6.8166,6.8166,0.4210
DemoGame.exe,7412,0x1F2A3B4C,DXGI,0,0,1,Hardware: Independent Flip,0,5.199430,6.6608,6.6608,0.4210
DemoGame.exe,7412,0x1F2A3B4C,DXGI,0,0,1,Hardware: Independent Flip,0,5.206172,6.7426,6.7426,0.4210
DemoGame.exe,7412,0x1F2A3B4C,DXGI,0,0,1,Hardware: Independent Flip,0,5.213292,7.1198,7.1198,0.4210
DemoGame.exe,7412,0x1F2A3B4C,DXGI,0,0,1,Hardware: Independent Flip,0,5.220341,7.0484,7.0484,0.4210
DemoGame.exe,7412,0x1F2A3B4C,DXGI,0,0,1,Hardware: Independent Flip,0,5.227136,6.7950,6.7950,0.4210
DemoGame.exe,7412,0x1F2A3B4C,DXGI,0,0,1,Hardware: Independent Flip,0,5.234232,7.0965,7.0965,0.4210
DemoGame.exe,7412,0x1F2A3B4C,DXGI,0,0,1,Hardware: Independent Flip,0,5.241150,6.9182,6.9182,0.4210
DemoGame.exe,7412,0x1F2A3B4C,DXGI,0,0,1,Hardware: Independent Flip,0,5.248076,6.9257,6.9257,0.4210
DemoGame.exe,7412,0x1F2A3B4C,DXGI,0,0,1,Hardware: Independent Flip,0,5.254840,6.7639,6.7639,0.4210
DemoGame.exe,7412,0x1F2A3B4C,DXGI,0,0,1,Hardware: Independent Flip,0,5.261794,6.9542,6.9542,0.4210
DemoGame.exe,7412,0x1F2A3B4C,DXGI,0,0,1,Hardware: Independent Flip,0,5.268862,7.0682,7.0682,0.4210
DemoGame.exe,7412,0x1F2A3B4C,DXGI,0,0,1,Hardware: Independent Flip,0,5.275642,6.7799,6.7799,0.4210
DemoGame.exe,7412,0x1F2A3B4C,DXGI,0,0,1,Hardware: Independent Flip,0,5.282590,6.9476,6.9476,0.4210
DemoGame.exe,7412,0x1F2A3B4C,DXGI,0,0,1,Hardware: Independent Flip,0,5.289696,7.1059,7.1059,0.4210
DemoGame.exe,7412,0x1F2A3B4C,DXGI,0,0,1,Hardware: Independent Flip,0,5.296709,7.0129,7.0129,0.4210
DemoGame.exe,7412,0x1F2A3B4C,DXGI,0,0,1,Hardware: Independent Flip,0,5.303762,7.0533,7.0533,0.4210
DemoGame.exe,7412,0x1F2A3B4C,DXGI,0,0,1,Hardware: Independent Flip,0,5.310527,6.7643,6.7643,0.4210
DemoGame.exe,7412,0x1F2A3B4C,DXGI,0,0,1,Hardware: Independent Flip,0,5.317476,6.9495,6.9495,0.4210
DemoGame.exe,7412,0x1F2A3B4C,DXGI,0,0,1,Hardware: Independent Flip,0,5.324622,7.1455,7.1455,0.4210
DemoGame.exe,7412,0x1F2A3B4C,DXGI,0,0,1,Hardware: Independent Flip,0,5.331591,6.9696,6.9696,0.4210
DemoGame.exe,7412,0x1F2A3B4C,DXGI,0,0,1,Hardware: Independent Flip,0,5.338675,7.0836,7.0836,0.4210
DemoGame.exe,7412,0x1F2A3B4C,DXGI,0,0,1,Hardware: Independent Flip,0,5.345544,6.8695,6.8695,0.4210
DemoGame.exe,7412,0x1F2A3B4C,DXGI,0,0,1,Hardware: Independent Flip,0,5.352566,7.0216,7.0216,0.4210
DemoGame.exe,7412,0x1F2A3B4C,DXGI,0,0,1,Hardware: Independent Flip,0,5.359320,6.7537,6.7537,0.4210
DemoGame.exe,7412,0x1F2A3B4C,DXGI,0,0,1,Hardware: Independent Flip,0,5.365974,6.6548,6.6548,0.4210
DemoGame.exe,7412,0x1F2A3B4C,DXGI,0,0,1,Hardware: Independent Flip,0,5.372951,6.9761,6.9761,0.4210
DemoGame.exe,7412,0x1F2A3B4C,DXGI,0,0,1,Hardware: Independent Flip,0,5.379862,6.9117,6.9117,0.4210
DemoGame.exe,7412,0x1F2A3B4C,DXGI,0,0,1,Hardware: Independent Flip,0,5.386701,6.8385,6.8385,0.4210
DemoGame.exe,7412,0x1F2A3B4C,DXGI,0,0,1,Hardware: Independent Flip,0,5.393527,6.8259,6.8259,0.4210
DemoGame.exe,7412,0x1F2A3B4C,DXGI,0,0,1,Hardware: Independent Flip,0,5.400191,6.6644,6.6644,0.4210
DemoGame.exe,7412,0x1F2A3B4C,DXGI,0,0,1,Hardware: Independent Flip,0,5.407305,7.1142,7.1142,0.4210
DemoGame.exe,7412,0x1F2A3B4C,DXGI,0,0,1,Hardware: Independent Flip,0,5.414378,7.0728,7.0728,0.4210
DemoGame.exe,7412,0x1F2A3B4C,DXGI,0,0,1,Hardware: Independent Flip,0,5.421382,7.0036,7.0036,0.4210
DemoGame.exe,7412,0x1F2A3B4C,DXGI,0,0,1,Hardware: Independent Flip,0,5.428039,6.6575,6.6575,0.4210
DemoGame.exe,7412,0x1F2A3B4C,DXGI,0,0,1,Hardware: Independent Flip,0,5.435250,7.2113,7.2113,0.4210
DemoGame.exe,7412,0x1F2A3B4C,DXGI,0,0,1,Hardware: Independent Flip,0,5.441987,6.7362,6.7362,0.4210
DemoGame.exe,7412,0x1F2A3B4C,DXGI,0,0,1,Hardware: Independent Flip,0,5.448741,6.7546,6.7546,0.4210
DemoGame.exe,7412,0x1F2A3B4C,DXGI,0,0,1,Hardware: Independent Flip,0,5.455688,6.9466,6.9466,0.4210
DemoGame.exe,7412,0x1F2A3B4C,DXGI,0,0,1,Hardware: Independent Flip,0,5.462532,6.8437,6.8437,0.4210
DemoGame.exe,7412,0x1F2A3B4C,DXGI,0,0,1,Hardware: Independent Flip,0,5.469239,6.7070,6.7070,0.4210
DemoGame.exe,7412,0x1F2A3B4C,DXGI,0,0,1,Hardware: Independent Flip,0,5.476134,6.8950,6.8950,0.4210
DemoGame.exe,7412,0x1F2A3B4C,DXGI,0,0,1,Hardware: Independent Flip,0,5.483275,7.1414,7.1414,0.4210
DemoGame.exe,7412,0x1F2A3B4C,DXGI,0,0,1,Hardware: Independent Flip,0,5.490098,6.8231,6.8231,0.4210
DemoGame.exe,7412,0x1F2A3B4C,DXGI,0,0,1,Hardware: Independent Flip,0,5.496910,6.8123,6.8123,0.4210
DemoGame.exe,7412,0x1F2A3B4C,DXGI,0,0,1,Hardware: Independent Flip,0,5.503595,6.6851,6.6851,0.4210
DemoGame.exe,7412,0x1F2A3B4C,DXGI,0,0,1,Hardware: Independent Flip,0,5.510430,6.8343,6.8343,0.4210
DemoGame.exe,7412,0x1F2A3B4C,DXGI,0,0,1,Hardware: Independent Flip,0,5.517668,7.2382,7.2382,0.4210
DemoGame.exe,7412,0x1F2A3B4C,DXGI,0,0,1,Hardware: Independent Flip,0,5.524483,6.8153,6.8153,0.4210
DemoGame.exe,7412,0x1F2A3B4C,DXGI,0,0,1,Hardware: Independent Flip,0,5.531191,6.7073,6.7073,0.4210
DemoGame.exe,7412,0x1F2A3B4C,DXGI,0,0,1,Hardware: Independent Flip,0,5.538011,6.8200,6.8200,0.4210
DemoGame.exe,7412,0x1F2A3B4C,DXGI,0,0,1,Hardware: Independent Flip,0,5.545105,7.0943,7.0943,0.4210
DemoGame.exe,7412,0x1F2A3B4C,DXGI,0,0,1,Hardware: Independent Flip,0,5.551789,6.6838,6.6838,0.4210
DemoGame.exe,7412,0x1F2A3B4C,DXGI,0,0,1,Hardware: Independent Flip,0,5.558530,6.7416,6.7416,0.4210
DemoGame.exe,7412,0x1F2A3B4C,DXGI,0,0,1,Hardware: Independent Flip,0,5.565678,7.1476,7.1476,0.4210
DemoGame.exe,7412,0x1F2A3B4C,DXGI,0,0,1,Hardware: Independent Flip,0,5.572655,6.9770,6.9770,0.4210
DemoGame.exe,7412,0x1F2A3B4C,DXGI,0,0,1,Hardware: Independent Flip,0,5.579690,7.0352,7.0352,0.4210
DemoGame.exe,7412,0x1F2A3B4C,DXGI,0,0,1,Hardware: Independent Flip,0,5.586655,6.9650,6.9650,0.4210
DemoGame.exe,7412,0x1F2A3B4C,DXGI,0,0,1,Hardware: Independent Flip,0,5.593665,7.0101,7.0101,0.4210
DemoGame.exe,7412,0x1F2A3B4C,DXGI,0,0,1,Hardware: Independent Flip,0,5.600703,7.0377,7.0377,0.4210
DemoGame.exe,7412,0x1F2A3B4C,DXGI,0,0,1,Hardware: Independent Flip,0,5.607766,7.0629,7.0629,0.4210
DemoGame.exe,7412,0x1F2A3B4C,DXGI,0,0,1,Hardware: Independent Flip,0,5.614595,6.8288,6.8288,0.4210
DemoGame.exe,7412,0x1F2A3B4C,DXGI,0,0,1,Hardware: Independent Flip,0,5.621318,6.7237,6.7237,0.4210
DemoGame.exe,7412,0x1F2A3B4C,DXGI,0,0,1,Hardware: Independent Flip,0,5.628062,6.7438,6.7438,0.4210
DemoGame.exe,7412,0x1F2A3B4C,DXGI,0,0,1,Hardware: Independent Flip,0,5.634806,6.7435,6.7435,0.4210
DemoGame.exe,7412,0x1F2A3B4C,DXGI,0,0,1,Hardware: Independent Flip,0,5.641890,7.0840,7.0840,0.4210
DemoGame.exe,7412,0x1F2A3B4C,DXGI,0,0,1,Hardware: Independent Flip,0,5.649129,7.2394,7.2394,0.4210
DemoGame.exe,7412,0x1F2A3B4C,DXGI,0,0,1,Hardware: Independent Flip,0,5.656150,7.0204,7.0204,0.4210
DemoGame.exe,7412,0x1F2A3B4C,DXGI,0,0,1,Hardware: Independent Flip,0,5.663084,6.9341,6.9341,0.4210
DemoGame.exe,7412,0x1F2A3B4C,DXGI,0,0,1,Hardware: Independent Flip,0,5.670222,7.1386,7.1386,0.4210
DemoGame.exe,7412,0x1F2A3B4C,DXGI,0,0,1,Hardware: Independent Flip,0,5.677143,6.9207,6.9207,0.4210
DemoGame.exe,7412,0x1F2A3B4C,DXGI,0,0,1,Hardware: Independent Flip,0,5.684086,6.9427,6.9427,0.4210
DemoGame.exe,7412,0x1F2A3B4C,DXGI,0,0,1,Hardware: Independent Flip,0,5.691147,7.0617,7.0617,0.4210
DemoGame.exe,7412,0x1F2A3B4C,DXGI,0,0,1,Hardware: Independent Flip,0,5.697897,6.7498,6.7498,0.4210
DemoGame.exe,7412,0x1F2A3B4C,DXGI,0,0,1,Hardware: Independent Flip,0,5.704980,7.0824,7.0824,0.4210
DemoGame.exe,7412,0x1F2A3B4C,DXGI,0,0,1,Hardware: Independent Flip,0,5.711698,6.7187,6.7187,0.4210
DemoGame.exe,7412,0x1F2A3B4C,DXGI,0,0,1,Hardware: Independent Flip,0,5.718885,7.1862,7.1862,0.4210
DemoGame.exe,7412,0x1F2A3B4C,DXGI,0,0,1,Hardware: Independent Flip,0,5.725575,6.6904,6.6904,0.4210
DemoGame.exe,7412,0x1F2A3B4C,DXGI,0,0,1,Hardware: Independent Flip,0,5.732428,6.8533,6.8533,0.4210
DemoGame.exe,7412,0x1F2A3B4C,DXGI,0,0,1,Hardware: Independent Flip,0,5.739141,6.7127,6.7127,0.4210
DemoGame.exe,7412,0x1F2A3B4C,DXGI,0,0,1,Hardware: Independent Flip,0,5.746205,7.0644,7.0644,0.4210
DemoGame.exe,7412,0x1F2A3B4C,DXGI,0,0,1,Hardware: Independent Flip,0,5.753187,6.9819,6.9819,0.4210
DemoGame.exe,7412,0x1F2A3B4C,DXGI,0,0,1,Hardware: Independent Flip,0,5.759928,6.7404,6.7404,0.4210
DemoGame.exe,7412,0x1F2A3B4C,DXGI,0,0,1,Hardware: Independent Flip,0,5.766703,6.7752,6.7752,0.4210
DemoGame.exe,7412,0x1F2A3B4C,DXGI,0,0,1,Hardware: Independent Flip,0,5.773353,6.6499,6.6499,0.4210
DemoGame.exe,7412,0x1F2A3B4C,DXGI,0,0,1,Hardware: Independent Flip,0,5.780167,6.8141,6.8141,0.4210
DemoGame.exe,7412,0x1F2A3B4C,DXGI,0,0,1,Hardware: Independent Flip,0,5.787241,7.0744,7.0744,0.4210
DemoGame.exe,7412,0x1F2A3B4C,DXGI,0,0,1,Hardware: Independent Flip,0,5.794216,6.9752,6.9752,0.4210
DemoGame.exe,7412,0x1F2A3B4C,DXGI,0,0,1,Hardware: Independent Flip,0,5.801316,7.0999,7.0999,0.4210
DemoGame.exe,7412,0x1F2A3B4C,DXGI,0,0,1,Hardware: Independent Flip,0,5.808241,6.9246,6.9246,0.4210
DemoGame.exe,7412,0x1F2A3B4C,DXGI,0,0,1,Hardware: Independent Flip,0,5.815061,6.8201,6.8201,0.4210
DemoGame.exe,7412,0x1F2A3B4C,DXGI,0,0,1,Hardware: Independent Flip,0,5.822076,7.0152,7.0152,0.4210
DemoGame.exe,7412,0x1F2A3B4C,DXGI,0,0,1,Hardware: Independent Flip,0,5.829065,6.9885,6.9885,0.4210
DemoGame.exe,7412,0x1F2A3B4C,DXGI,0,0,1,Hardware: Independent Flip,0,5.836218,7.1529,7.1529,0.4210
DemoGame.exe,7412,0x1F2A3B4C,DXGI,0,0,1,Hardware: Independent Flip,0,5.843242,7.0249,7.0249,0.4210
DemoGame.exe,7412,0x1F2A3B4C,DXGI,0,0,1,Hardware: Independent Flip,0,5.850365,7.1222,7.1222,0.4210
DemoGame.exe,7412,0x1F2A3B4C,DXGI,0,0,1,Hardware: Independent Flip,0,5.857180,6.8153,6.8153,0.4210
DemoGame.exe,7412,0x1F2A3B4C,DXGI,0,0,1,Hardware: Independent Flip,0,5.864221,7.0416,7.0416,0.4210
DemoGame.exe,7412,0x1F2A3B4C,DXGI,0,0,1,Hardware: Independent Flip,0,5.870945,6.7236,6.7236,0.4210
DemoGame.exe,7412,0x1F2A3B4C,DXGI,0,0,1,Hardware: Independent Flip,0,5.877917,6.9723,6.9723,0.4210
DemoGame.exe,7412,0x1F2A3B4C,DXGI,0,0,1,Hardware: Independent Flip,0,5.884607,6.6897,6.6897,0.4210
DemoGame.exe,7412,0x1F2A3B4C,DXGI,0,0,1,Hardware: Independent Flip,0,5.891665,7.0579,7.0579,0.4210
DemoGame.exe,7412,0x1F2A3B4C,DXGI,0,0,1,Hardware: Independent Flip,0,5.898613,6.9482,6.9482,0.4210
DemoGame.exe,7412,0x1F2A3B4C,DXGI,0,0,1,Hardware: Independent Flip,0,5.905534,6.9206,6.9206,0.4210
DemoGame.exe,7412,0x1F2A3B4C,DXGI,0,0,1,Hardware: Independent Flip,0,5.912564,7.0305,7.0305,0.4210
DemoGame.exe,7412,0x1F2A3B4C,DXGI,0,0,1,Hardware: Independent Flip,0,5.919686,7.1213,7.1213,0.4210
DemoGame.exe,7412,0x1F2A3B4C,DXGI,0,0,1,Hardware: Independent Flip,0,5.926362,6.6766,6.6766,0.4210
DemoGame.exe,7412,0x1F2A3B4C,DXGI,0,0,1,Hardware: Independent Flip,0,5.933540,7.1781,7.1781,0.4210
DemoGame.exe,7412,0x1F2A3B4C,DXGI,0,0,1,Hardware: Independent Flip,0,5.940443,6.9031,6.9031,0.4210
DemoGame.exe,7412,0x1F2A3B4C,DXGI,0,0,1,Hardware: Independent Flip,0,5.947516,7.0730,7.0730,0.4210
DemoGame.exe,7412,0x1F2A3B4C,DXGI,0,0,1,Hardware: Independent Flip,0,5.954551,7.0347,7.0347,0.4210
DemoGame.exe,7412,0x1F2A3B4C,DXGI,0,0,1,Hardware: Independent Flip,0,5.961540,6.9888,6.9888,0.4210
DemoGame.exe,7412,0x1F2A3B4C,DXGI,0,0,1,Hardware: Independent Flip,0,5.968296,6.7557,6.7557,0.4210
DemoGame.exe,7412,0x1F2A3B4C,DXGI,0,0,1,Hardware: Independent Flip,0,5.975237,6.9414,6.9414,0.4210
DemoGame.exe,7412,0x1F2A3B4C,DXGI,0,0,1,Hardware: Independent Flip,0,5.982454,7.2172,7.2172,0.4210
DemoGame.exe,7412,0x1F2A3B4C,DXGI,0,0,1,Hardware: Independent Flip,0,5.989179,6.7250,6.7250,0.4210
DemoGame.exe,7412,0x1F2A3B4C,DXGI,0,0,1,Hardware: Independent Flip,0,5.995912,6.7324,6.7324,0.4210
DemoGame.exe,7412,0x1F2A3B4C,DXGI,0,0,1,Hardware: Independent Flip,0,6.003104,7.1925,7.1925,0.4210
DemoGame.exe,7412,0x1F2A3B4C,DXGI,0,0,1,Hardware: Independent Flip,0,6.009842,6.7380,6.7380,0.4210
DemoGame.exe,7412,0x1F2A3B4C,DXGI,0,0,1,Hardware: Independent Flip,0,6.017016,7.1734,7.1734,0.4210
DemoGame.exe,7412,0x1F2A3B4C,DXGI,0,0,1,Hardware: Independent Flip,0,6.033391,16.3753,16.3753,0.4210
DemoGame.exe,7412,0x1F2A3B4C,DXGI,0,0,1,Hardware: Independent Flip,0,6.040299,6.9082,6.9082,0.4210
DemoGame.exe,7412,0x1F2A3B4C,DXGI,0,0,1,Hardware: Independent Flip,0,6.047464,7.1645,7.1645,0.4210
DemoGame.exe,7412,0x1F2A3B4C,DXGI,0,0,1,Hardware: Independent Flip,0,6.054117,6.6535,6.6535,0.4210
DemoGame.exe,7412,0x1F2A3B4C,DXGI,0,0,1,Hardware: Independent Flip,0,6.061080,6.9625,6.9625,0.4210
DemoGame.exe,7412,0x1F2A3B4C,DXGI,0,0,1,Hardware: Independent Flip,0,6.068229,7.1495,7.1495,0.4210
DemoGame.exe,7412,0x1F2A3B4C,DXGI,0,0,1,Hardware: Independent Flip,0,6.075427,7.1982,7.1982,0.4210
DemoGame.exe,7412,0x1F2A3B4C,DXGI,0,0,1,Hardware: Independent Flip,0,6.082580,7.1528,7.1528,0.4210
DemoGame.exe,7412,0x1F2A3B4C,DXGI,0,0,1,Hardware: Independent Flip,0,6.089549,6.9689,6.9689,0.4210
DemoGame.exe,7412,0x1F2A3B4C,DXGI,0,0,1,Hardware: Independent Flip,0,6.096753,7.2043,7.2043,0.4210
DemoGame.exe,7412,0x1F2A3B4C,DXGI,0,0,1,Hardware: Independent Flip,0,6.103901,7.1474,7.1474,0.4210
DemoGame.exe,7412,0x1F2A3B4C,DXGI,0,0,1,Hardware: Independent Flip,0,6.110689,6.7886,6.7886,0.4210
DemoGame.exe,7412,0x1F2A3B4C,DXGI,0,0,1,Hardware: Independent Flip,0,6.117900,7.2108,7.2108,0.4210
DemoGame.exe,7412,0x1F2A3B4C,DXGI,0,0,1,Hardware: Independent Flip,0,6.125025,7.1250,7.1250,0.4210
DemoGame.exe,7412,0x1F2A3B4C,DXGI,0,0,1,Hardware: Independent Flip,0,6.131692,6.6670,6.6670,0.4210
DemoGame.exe,7412,0x1F2A3B4C,DXGI,0,0,1,Hardware: Independent Flip,0,6.138343,6.6505,6.6505,0.4210
DemoGame.exe,7412,0x1F2A3B4C,DXGI,0,0,1,Hardware: Independent Flip,0,6.145020,6.6777,6.6777,0.4210
DemoGame.exe,7412,0x1F2A3B4C,DXGI,0,0,1,Hardware: Independent Flip,0,6.152084,7.0638,7.0638,0.4210
DemoGame.exe,7412,0x1F2A3B4C,DXGI,0,0,1,Hardware: Independent Flip,0,6.159073,6.9887,6.9887,0.4210
DemoGame.exe,7412,0x1F2A3B4C,DXGI,0,0,1,Hardware: Independent Flip,0,6.165845,6.7725,6.7725,0.4210
DemoGame.exe,7412,0x1F2A3B4C,DXGI,0,0,1,Hardware: Independent Flip,0,6.172627,6.7815,6.7815,0.4210
DemoGame.exe,7412,0x1F2A3B4C,DXGI,0,0,1,Hardware: Independent Flip,0,6.179767,7.1403,7.1403,0.4210
DemoGame.exe,7412,0x1F2A3B4C,DXGI,0,0,1,Hardware: Independent Flip,0,6.186483,6.7160,6.7160,0.4210
DemoGame.exe,7412,0x1F2A3B4C,DXGI,0,0,1,Hardware: Independent Flip,0,6.193154,6.6709,6.6709,0.4210
DemoGame.exe,7412,0x1F2A3B4C,DXGI,0,0,1,Hardware: Independent Flip,0,6.200288,7.1338,7.1338,0.4210
DemoGame.exe,7412,0x1F2A3B4C,DXGI,0,0,1,Hardware: Independent Flip,0,6.207363,7.0753,7.0753,0.4210
DemoGame.exe,7412,0x1F2A3B4C,DXGI,0,0,1,Hardware: Independent Flip,0,6.214267,6.9035,6.9035,0.4210
DemoGame.exe,7412,0x1F2A3B4C,DXGI,0,0,1,Hardware: Independent Flip,0,6.220958,6.6910,6.6910,0.4210
DemoGame.exe,7412,0x1F2A3B4C,DXGI,0,0,1,Hardware: Independent Flip,0,6.228137,7.1797,7.1797,0.4210
DemoGame.exe,7412,0x1F2A3B4C,DXGI,0,0,1,Hardware: Independent Flip,0,6.235081,6.9439,6.9439,0.4210
DemoGame.exe,7412,0x1F2A3B4C,DXGI,0,0,1,Hardware: Independent Flip,0,6.242115,7.0338,7.0338,0.4210
DemoGame.exe,7412,0x1F2A3B4C,DXGI,0,0,1,Hardware: Independent Flip,0,6.248982,6.8668,6.8668,0.4210
DemoGame.exe,7412,0x1F2A3B4C,DXGI,0,0,1,Hardware: Independent Flip,0,6.255930,6.9476,6.9476,0.4210
DemoGame.exe,7412,0x1F2A3B4C,DXGI,0,0,1,Hardware: Independent Flip,0,6.262724,6.7942,6.7942,0.4210
DemoGame.exe,7412,0x1F2A3B4C,DXGI,0,0,1,Hardware: Independent Flip,0,6.269686,6.9626,6.9626,0.4210
DemoGame.exe,7412,0x1F2A3B4C,DXGI,0,0,1,Hardware: Independent Flip,0,6.276712,7.0255,7.0255,0.4210
DemoGame.exe,7412,0x1F2A3B4C,DXGI,0,0,1,Hardware: Independent Flip,0,6.283849,7.1374,7.1374,0.4210
DemoGame.exe,7412,0x1F2A3B4C,DXGI,0,0,1,Hardware: Independent Flip,0,6.290788,6.9387,6.9387,0.4210
DemoGame.exe,7412,0x1F2A3B4C,DXGI,0,0,1,Hardware: Independent Flip,0,6.297990,7.2022,7.2022,0.4210
DemoGame.exe,7412,0x1F2A3B4C,DXGI,0,0,1,Hardware: Independent Flip,0,6.305115,7.1251,7.1251,0.4210
DemoGame.exe,7412,0x1F2A3B4C,DXGI,0,0,1,Hardware: Independent Flip,0,6.312282,7.1671,7.1671,0.4210
DemoGame.exe,7412,0x1F2A3B4C,DXGI,0,0,1,Hardware: Independent Flip,0,6.319050,6.7678,6.7678,0.4210
DemoGame.exe,7412,0x1F2A3B4C,DXGI,0,0,1,Hardware: Independent Flip,0,6.325903,6.8532,6.8532,0.4210
DemoGame.exe,7412,0x1F2A3B4C,DXGI,0,0,1,Hardware: Independent Flip,0,6.332846,6.9429,6.9429,0.4210
DemoGame.exe,7412,0x1F2A3B4C,DXGI,0,0,1,Hardware: Independent Flip,0,6.340016,7.1696,7.1696,0.4210
DemoGame.exe,7412,0x1F2A3B4C,DXGI,0,0,1,Hardware: Independent Flip,0,6.346906,6.8901,6.8901,0.4210
DemoGame.exe,7412,0x1F2A3B4C,DXGI,0,0,1,Hardware: Independent Flip,0,6.353928,7.0220,7.0220,0.4210
DemoGame.exe,7412,0x1F2A3B4C,DXGI,0,0,1,Hardware: Independent Flip,0,6.360802,6.8747,6.8747,0.4210
DemoGame.exe,7412,0x1F2A3B4C,DXGI,0,0,1,Hardware: Independent Flip,0,6.367721,6.9185,6.9185,0.4210
DemoGame.exe,7412,0x1F2A3B4C,DXGI,0,0,1,Hardware: Independent Flip,0,6.374932,7.2108,7.2108,0.4210
DemoGame.exe,7412,0x1F2A3B4C,DXGI,0,0,1,Hardware: Independent Flip,0,6.381623,6.6913,6.6913,0.4210
DemoGame.exe,7412,0x1F2A3B4C,DXGI,0,0,1,Hardware: Independent Flip,0,6.388536,6.9127,6.9127,0.4210
DemoGame.exe,7412,0x1F2A3B4C,DXGI,0,0,1,Hardware: Independent Flip,0,6.395383,6.8478,6.8478,0.4210
DemoGame.exe,7412,0x1F2A3B4C,DXGI,0,0,1,Hardware: Independent Flip,0,6.402593,7.2095,7.2095,0.4210
DemoGame.exe,7412,0x1F2A3B4C,DXGI,0,0,1,Hardware: Independent Flip,0,6.409629,7.0359,7.0359,0.4210
DemoGame.exe,7412,0x1F2A3B4C,DXGI,0,0,1,Hardware: Independent Flip,0,6.416386,6.7574,6.7574,0.4210
DemoGame.exe,7412,0x1F2A3B4C,DXGI,0,0,1,Hardware: Independent Flip,0,6.423222,6.8362,6.8362,0.4210
DemoGame.exe,7412,0x1F2A3B4C,DXGI,0,0,1,Hardware: Independent Flip,0,6.430360,7.1376,7.1376,0.4210
DemoGame.exe,7412,0x1F2A3B4C,DXGI,0,0,1,Hardware: Independent Flip,0,6.437124,6.7636,6.7636,0.4210
DemoGame.exe,7412,0x1F2A3B4C,DXGI,0,0,1,Hardware: Independent Flip,0,6.444255,7.1312,7.1312,0.4210
DemoGame.exe,7412,0x1F2A3B4C,DXGI,0,0,1,Hardware: Independent Flip,0,6.451145,6.8899,6.8899,0.4210
DemoGame.exe,7412,0x1F2A3B4C,DXGI,0,0,1,Hardware: Independent Flip,0,6.458296,7.1512,7.1512,0.4210
DemoGame.exe,7412,0x1F2A3B4C,DXGI,0,0,1,Hardware: Independent Flip,0,6.465513,7.2171,7.2171,0.4210
DemoGame.exe,7412,0x1F2A3B4C,DXGI,0,0,1,Hardware: Independent Flip,0,6.472182,6.6690,6.6690,0.4210
DemoGame.exe,7412,0x1F2A3B4C,DXGI,0,0,1,Hardware: Independent Flip,0,6.478996,6.8145,6.8145,0.4210
DemoGame.exe,7412,0x1F2A3B4C,DXGI,0,0,1,Hardware: Independent Flip,0,6.485921,6.9246,6.9246,0.4210
DemoGame.exe,7412,0x1F2A3B4C,DXGI,0,0,1,Hardware: Independent Flip,0,6.493006,7.0850,7.0850,0.4210
DemoGame.exe,7412,0x1F2A3B4C,DXGI,0,0,1,Hardware: Independent Flip,0,6.500067,7.0606,7.0606,0.4210
DemoGame.exe,7412,0x1F2A3B4C,DXGI,0,0,1,Hardware: Independent Flip,0,6.506873,6.8064,6.8064,0.4210
DemoGame.exe,7412,0x1F2A3B4C,DXGI,0,0,1,Hardware: Independent Flip,0,6.513759,6.8855,6.8855,0.4210
DemoGame.exe,7412,0x1F2A3B4C,DXGI,0,0,1,Hardware: Independent Flip,0,6.520516,6.7570,6.7570,0.4210
DemoGame.exe,7412,0x1F2A3B4C,DXGI,0,0,1,Hardware: Independent Flip,0,6.527499,6.9830,6.9830,0.4210
DemoGame.exe,7412,0x1F2A3B4C,DXGI,0,0,1,Hardware: Independent Flip,0,6.534604,7.1056,7.1056,0.4210
DemoGame.exe,7412,0x1F2A3B4C,DXGI,0,0,1,Hardware: Independent Flip,0,6.541712,7.1076,7.1076,0.4210
DemoGame.exe,7412,0x1F2A3B4C,DXGI,0,0,1,Hardware: Independent Flip,0,6.548561,6.8494,6.8494,0.4210
DemoGame.exe,7412,0x1F2A3B4C,DXGI,0,0,1,Hardware: Independent Flip,0,6.555219,6.6577,6.6577,0.4210
DemoGame.exe,7412,0x1F2A3B4C,DXGI,0,0,1,Hardware: Independent Flip,0,6.562150,6.9311,6.9311,0.4210
DemoGame.exe,7412,0x1F2A3B4C,DXGI,0,0,1,Hardware: Independent Flip,0,6.569167,7.0171,7.0171,0.4210
DemoGame.exe,7412,0x1F2A3B4C,DXGI,0,0,1,Hardware: Independent Flip,0,6.575913,6.7453,6.7453,0.4210
DemoGame.exe,7412,0x1F2A3B4C,DXGI,0,0,1,Hardware: Independent Flip,0,6.582800,6.8877,6.8877,0.4210
DemoGame.exe,7412,0x1F2A3B4C,DXGI,0,0,1,Hardware: Independent Flip,0,6.589498,6.6973,6.6973,0.4210
DemoGame.exe,7412,0x1F2A3B4C,DXGI,0,0,1,Hardware: Independent Flip,0,6.596171,6.6729,6.6729,0.4210
DemoGame.exe,7412,0x1F2A3B4C,DXGI,0,0,1,Hardware: Independent Flip,0,6.603187,7.0166,7.0166,0.4210
DemoGame.exe,7412,0x1F2A3B4C,DXGI,0,0,1,Hardware: Independent Flip,0,6.610400,7.2129,7.2129,0.4210
DemoGame.exe,7412,0x1F2A3B4C,DXGI,0,0,1,Hardware: Independent Flip,0,6.617297,6.8966,6.8966,0.4210
DemoGame.exe,7412,0x1F2A3B4C,DXGI,0,0,1,Hardware: Independent Flip,0,6.624062,6.7651,6.7651,0.4210
DemoGame.exe,7412,0x1F2A3B4C,DXGI,0,0,1,Hardware: Independent Flip,0,6.630725,6.6630,6.6630,0.4210
DemoGame.exe,7412,0x1F2A3B4C,DXGI,0,0,1,Hardware: Independent Flip,0,6.637707,6.9821,6.9821,0.4210
DemoGame.exe,7412,0x1F2A3B4C,DXGI,0,0,1,Hardware: Independent Flip,0,6.644709,7.0022,7.0022,0.4210
DemoGame.exe,7412,0x1F2A3B4C,DXGI,0,0,1,Hardware: Independent Flip,0,6.651558,6.8492,6.8492,0.4210
DemoGame.exe,7412,0x1F2A3B4C,DXGI,0,0,1,Hardware: Independent Flip,0,6.658392,6.8333,6.8333,0.4210
DemoGame.exe,7412,0x1F2A3B4C,DXGI,0,0,1,Hardware: Independent Flip,0,6.665636,7.2439,7.2439,0.4210
DemoGame.exe,7412,0x1F2A3B4C,DXGI,0,0,1,Hardware: Independent Flip,0,6.672455,6.8191,6.8191,0.4210
DemoGame.exe,7412,0x1F2A3B4C,DXGI,0,0,1,Hardware: Independent Flip,0,6.679170,6.7150,6.7150,0.4210
DemoGame.exe,7412,0x1F2A3B4C,DXGI,0,0,1,Hardware: Independent Flip,0,6.686049,6.8791,6.8791,0.4210
DemoGame.exe,7412,0x1F2A3B4C,DXGI,0,0,1,Hardware: Independent Flip,0,6.692709,6.6599,6.6599,0.4210
DemoGame.exe,7412,0x1F2A3B4C,DXGI,0,0,1,Hardware: Independent Flip,0,6.699503,6.7947,6.7947,0.4210
DemoGame.exe,7412,0x1F2A3B4C,DXGI,0,0,1,Hardware: Independent Flip,0,6.706331,6.8281,6.8281,0.4210
DemoGame.exe,7412,0x1F2A3B4C,DXGI,0,0,1,Hardware: Independent Flip,0,6.713104,6.7724,6.7724,0.4210
DemoGame.exe,7412,0x1F2A3B4C,DXGI,0,0,1,Hardware: Independent Flip,0,6.719993,6.8890,6.8890,0.4210
DemoGame.exe,7412,0x1F2A3B4C,DXGI,0,0,1,Hardware: Independent Flip,0,6.727042,7.0490,7.0490,0.4210
DemoGame.exe,7412,0x1F2A3B4C,DXGI,0,0,1,Hardware: Independent Flip,0,6.734247,7.2054,7.2054,0.4210
DemoGame.exe,7412,0x1F2A3B4C,DXGI,0,0,1,Hardware: Independent Flip,0,6.740960,6.7123,6.7123,0.4210
DemoGame.exe,7412,0x1F2A3B4C,DXGI,0,0,1,Hardware: Independent Flip,0,6.747637,6.6769,6.6769,0.4210
DemoGame.exe,7412,0x1F2A3B4C,DXGI,0,0,1,Hardware: Independent Flip,0,6.754734,7.0977,7.0977,0.4210
DemoGame.exe,7412,0x1F2A3B4C,DXGI,0,0,1,Hardware: Independent Flip,0,6.761686,6.9522,6.9522,0.4210
DemoGame.exe,7412,0x1F2A3B4C,DXGI,0,0,1,Hardware: Independent Flip,0,6.768738,7.0510,7.0510,0.4210
DemoGame.exe,7412,0x1F2A3B4C,DXGI,0,0,1,Hardware: Independent Flip,0,6.775722,6.9841,6.9841,0.4210
DemoGame.exe,7412,0x1F2A3B4C,DXGI,0,0,1,Hardware: Independent Flip,0,6.782726,7.0040,7.0040,0.4210
DemoGame.exe,7412,0x1F2A3B4C,DXGI,0,0,1,Hardware: Independent Flip,0,6.789748,7.0223,7.0223,0.4210
DemoGame.exe,7412,0x1F2A3B4C,DXGI,0,0,1,Hardware: Independent Flip,0,6.796818,7.0703,7.0703,0.4210
DemoGame.exe,7412,0x1F2A3B4C,DXGI,0,0,1,Hardware: Independent Flip,0,6.803881,7.0631,7.0631,0.4210
DemoGame.exe,7412,0x1F2A3B4C,DXGI,0,0,1,Hardware: Independent Flip,0,6.810918,7.0363,7.0363,0.4210
DemoGame.exe,7412,0x1F2A3B4C,DXGI,0,0,1,Hardware: Independent Flip,0,6.818037,7.1199,7.1199,0.4210
DemoGame.exe,7412,0x1F2A3B4C,DXGI,0,0,1,Hardware: Independent Flip,0,6.825115,7.0779,7.0779,0.4210
DemoGame.exe,7412,0x1F2A3B4C,DXGI,0,0,1,Hardware: Independent Flip,0,6.831976,6.8611,6.8611,0.4210
DemoGame.exe,7412,0x1F2A3B4C,DXGI,0,0,1,Hardware: Independent Flip,0,6.838755,6.7786,6.7786,0.4210
DemoGame.exe,7412,0x1F2A3B4C,DXGI,0,0,1,Hardware: Independent Flip,0,6.845403,6.6481,6.6481,0.4210
DemoGame.exe,7412,0x1F2A3B4C,DXGI,0,0,1,Hardware: Independent Flip,0,6.852420,7.0164,7.0164,0.4210
DemoGame.exe,7412,0x1F2A3B4C,DXGI,0,0,1,Hardware: Independent Flip,0,6.859113,6.6934,6.6934,0.4210
DemoGame.exe,7412,0x1F2A3B4C,DXGI,0,0,1,Hardware: Independent Flip,0,6.866018,6.9055,6.9055,0.4210
DemoGame.exe,7412,0x1F2A3B4C,DXGI,0,0,1,Hardware: Independent Flip,0,6.872765,6.7469,6.7469,0.4210
DemoGame.exe,7412,0x1F2A3B4C,DXGI,0,0,1,Hardware: Independent Flip,0,6.879468,6.7024,6.7024,0.4210
DemoGame.exe,7412,0x1F2A3B4C,DXGI,0,0,1,Hardware: Independent Flip,0,6.886669,7.2012,7.2012,0.4210
DemoGame.exe,7412,0x1F2A3B4C,DXGI,0,0,1,Hardware: Independent Flip,0,6.893365,6.6963,6.6963,0.4210
DemoGame.exe,7412,0x1F2A3B4C,DXGI,0,0,1,Hardware: Independent Flip,0,6.900122,6.7572,6.7572,0.4210
DemoGame.exe,7412,0x1F2A3B4C,DXGI,0,0,1,Hardware: Independent Flip,0,6.906930,6.8080,6.8080,0.4210
DemoGame.exe,7412,0x1F2A3B4C,DXGI,0,0,1,Hardware: Independent Flip,0,6.913965,7.0346,7.0346,0.4210
DemoGame.exe,7412,0x1F2A3B4C,DXGI,0,0,1,Hardware: Independent Flip,0,6.920838,6.8725,6.8725,0.4210
DemoGame.exe,7412,0x1F2A3B4C,DXGI,0,0,1,Hardware: Independent Flip,0,6.927671,6.8335,6.8335,0.4210
DemoGame.exe,7412,0x1F2A3B4C,DXGI,0,0,1,Hardware: Independent Flip,0,6.934778,7.1070,7.1070,0.4210
DemoGame.exe,7412,0x1F2A3B4C,DXGI,0,0,1,Hardware: Independent Flip,0,6.941525,6.7470,6.7470,0.4210
DemoGame.exe,7412,0x1F2A3B4C,DXGI,0,0,1,Hardware: Independent Flip,0,6.948414,6.8887,6.8887,0.4210
DemoGame.exe,7412,0x1F2A3B4C,DXGI,0,0,1,Hardware: Independent Flip,0,6.955514,7.1003,7.1003,0.4210
DemoGame.exe,7412,0x1F2A3B4C,DXGI,0,0,1,Hardware: Independent Flip,0,6.962597,7.0827,7.0827,0.4210
DemoGame.exe,7412,0x1F2A3B4C,DXGI,0,0,1,Hardware: Independent Flip,0,6.969333,6.7358,6.7358,0.4210
DemoGame.exe,7412,0x1F2A3B4C,DXGI,0,0,1,Hardware: Independent Flip,0,6.976537,7.2046,7.2046,0.4210
DemoGame.exe,7412,0x1F2A3B4C,DXGI,0,0,1,Hardware: Independent Flip,0,6.983521,6.9837,6.9837,0.4210
DemoGame.exe,7412,0x1F2A3B4C,DXGI,0,0,1,Hardware: Independent Flip,0,6.990280,6.7592,6.7592,0.4210
DemoGame.exe,7412,0x1F2A3B4C,DXGI,0,0,1,Hardware: Independent Flip,0,6.997469,7.1884,7.1884,0.4210
DemoGame.exe,7412,0x1F2A3B4C,DXGI,0,0,1,Hardware: Independent Flip,0,7.004427,6.9581,6.9581,0.4210
DemoGame.exe,7412,0x1F2A3B4C,DXGI,0,0,1,Hardware: Independent Flip,0,7.011350,6.9229,6.9229,0.4210
DemoGame.exe,7412,0x1F2A3B4C,DXGI,0,0,1,Hardware: Independent Flip,0,7.018572,7.2221,7.2221,0.4210
DemoGame.exe,7412,0x1F2A3B4C,DXGI,0,0,1,Hardware: Independent Flip,0,7.025796,7.2240,7.2240,0.4210
DemoGame.exe,7412,0x1F2A3B4C,DXGI,0,0,1,Hardware: Independent Flip,0,7.032819,7.0230,7.0230,0.4210
DemoGame.exe,7412,0x1F2A3B4C,DXGI,0,0,1,Hardware: Independent Flip,0,7.039833,7.0142,7.0142,0.4210
DemoGame.exe,7412,0x1F2A3B4C,DXGI,0,0,1,Hardware: Independent Flip,0,7.046684,6.8516,6.8516,0.4210
DemoGame.exe,7412,0x1F2A3B4C,DXGI,0,0,1,Hardware: Independent Flip,0,7.053628,6.9432,6.9432,0.4210
DemoGame.exe,7412,0x1F2A3B4C,DXGI,0,0,1,Hardware: Independent Flip,0,7.060509,6.8811,6.8811,0.4210
DemoGame.exe,7412,0x1F2A3B4C,DXGI,0,0,1,Hardware: Independent Flip,0,7.067171,6.6620,6.6620,0.4210
DemoGame.exe,7412,0x1F2A3B4C,DXGI,0,0,1,Hardware: Independent Flip,0,7.074296,7.1253,7.1253,0.4210
DemoGame.exe,7412,0x1F2A3B4C,DXGI,0,0,1,Hardware: Independent Flip,0,7.081087,6.7906,6.7906,0.4210
DemoGame.exe,7412,0x1F2A3B4C,DXGI,0,0,1,Hardware: Independent Flip,0,7.088142,7.0557,7.0557,0.4210
DemoGame.exe,7412,0x1F2A3B4C,DXGI,0,0,1,Hardware: Independent Flip,0,7.094865,6.7230,6.7230,0.4210
DemoGame.exe,7412,0x1F2A3B4C,DXGI,0,0,1,Hardware: Independent Flip,0,7.102093,7.2275,7.2275,0.4210
DemoGame.exe,7412,0x1F2A3B4C,DXGI,0,0,1,Hardware: Independent Flip,0,7.109039,6.9461,6.9461,0.4210
DemoGame.exe,7412,0x1F2A3B4C,DXGI,0,0,1,Hardware: Independent Flip,0,7.116186,7.1471,7.1471,0.4210
DemoGame.exe,7412,0x1F2A3B4C,DXGI,0,0,1,Hardware: Independent Flip,0,7.122941,6.7551,6.7551,0.4210
DemoGame.exe,7412,0x1F2A3B4C,DXGI,0,0,1,Hardware: Independent Flip,0,7.130166,7.2246,7.2246,0.4210
DemoGame.exe,7412,0x1F2A3B4C,DXGI,0,0,1,Hardware: Independent Flip,0,7.137150,6.9845,6.9845,0.4210
DemoGame.exe,7412,0x1F2A3B4C,DXGI,0,0,1,Hardware: Independent Flip,0,7.143938,6.7882,6.7882,0.4210
DemoGame.exe,7412,0x1F2A3B4C,DXGI,0,0,1,Hardware: Independent Flip,0,7.150599,6.6604,6.6604,0.4210
DemoGame.exe,7412,0x1F2A3B4C,DXGI,0,0,1,Hardware: Independent Flip,0,7.157354,6.7556,6.7556,0.4210
DemoGame.exe,7412,0x1F2A3B4C,DXGI,0,0,1,Hardware: Independent Flip,0,7.164169,6.8145,6.8145,0.4210
DemoGame.exe,7412,0x1F2A3B4C,DXGI,0,0,1,Hardware: Independent Flip,0,7.171328,7.1593,7.1593,0.4210
DemoGame.exe,7412,0x1F2A3B4C,DXGI,0,0,1,Hardware: Independent Flip,0,7.178295,6.9673,6.9673,0.4210
DemoGame.exe,7412,0x1F2A3B4C,DXGI,0,0,1,Hardware: Independent Flip,0,7.185114,6.8183,6.8183,0.4210
DemoGame.exe,7412,0x1F2A3B4C,DXGI,0,0,1,Hardware: Independent Flip,0,7.192294,7.1799,7.1799,0.4210
DemoGame.exe,7412,0x1F2A3B4C,DXGI,0,0,1,Hardware: Independent Flip,0,7.198975,6.6812,6.6812,0.4210
DemoGame.exe,7412,0x1F2A3B4C,DXGI,0,0,1,Hardware: Independent Flip,0,7.205961,6.9861,6.9861,0.4210
DemoGame.exe,7412,0x1F2A3B4C,DXGI,0,0,1,Hardware: Independent Flip,0,7.212861,6.9005,6.9005,0.4210
DemoGame.exe,7412,0x1F2A3B4C,DXGI,0,0,1,Hardware: Independent Flip,0,7.219900,7.0390,7.0390,0.4210
DemoGame.exe,7412,0x1F2A3B4C,DXGI,0,0,1,Hardware: Independent Flip,0,7.227033,7.1329,7.1329,0.4210
DemoGame.exe,7412,0x1F2A3B4C,DXGI,0,0,1,Hardware: Independent Flip,0,7.234105,7.0720,7.0720,0.4210
DemoGame.exe,7412,0x1F2A3B4C,DXGI,0,0,1,Hardware: Independent Flip,0,7.241085,6.9793,6.9793,0.4210
DemoGame.exe,7412,0x1F2A3B4C,DXGI,0,0,1,Hardware: Independent Flip,0,7.248311,7.2266,7.2266,0.4210
DemoGame.exe,7412,0x1F2A3B4C,DXGI,0,0,1,Hardware: Independent Flip,0,7.255080,6.7688,6.7688,0.4210
DemoGame.exe,7412,0x1F2A3B4C,DXGI,0,0,1,Hardware: Independent Flip,0,7.261802,6.7224,6.7224,0.4210
DemoGame.exe,7412,0x1F2A3B4C,DXGI,0,0,1,Hardware: Independent Flip,0,7.268625,6.8222,6.8222,0.4210
DemoGame.exe,7412,0x1F2A3B4C,DXGI,0,0,1,Hardware: Independent Flip,0,7.275551,6.9261,6.9261,0.4210
DemoGame.exe,7412,0x1F2A3B4C,DXGI,0,0,1,Hardware: Independent Flip,0,7.282700,7.1496,7.1496,0.4210
DemoGame.exe,7412,0x1F2A3B4C,DXGI,0,0,1,Hardware: Independent Flip,0,7.289809,7.1088,7.1088,0.4210
DemoGame.exe,7412,0x1F2A3B4C,DXGI,0,0,1,Hardware: Independent Flip,0,7.296607,6.7975,6.7975,0.4210
DemoGame.exe,7412,0x1F2A3B4C,DXGI,0,0,1,Hardware: Independent Flip,0,7.303461,6.8545,6.8545,0.4210
DemoGame.exe,7412,0x1F2A3B4C,DXGI,0,0,1,Hardware: Independent Flip,0,7.310413,6.9523,6.9523,0.4210
DemoGame.exe,7412,0x1F2A3B4C,DXGI,0,0,1,Hardware: Independent Flip,0,7.317374,6.9604,6.9604,0.4210
DemoGame.exe,7412,0x1F2A3B4C,DXGI,0,0,1,Hardware: Independent Flip,0,7.324309,6.9353,6.9353,0.4210
DemoGame.exe,7412,0x1F2A3B4C,DXGI,0,0,1,Hardware: Independent Flip,0,7.331119,6.8097,6.8097,0.4210
DemoGame.exe,7412,0x1F2A3B4C,DXGI,0,0,1,Hardware: Independent Flip,0,7.338236,7.1168,7.1168,0.4210
DemoGame.exe,7412,0x1F2A3B4C,DXGI,0,0,1,Hardware: Independent Flip,0,7.345016,6.7806,6.7806,0.4210
DemoGame.exe,7412,0x1F2A3B4C,DXGI,0,0,1,Hardware: Independent Flip,0,7.351849,6.8328,6.8328,0.4210
DemoGame.exe,7412,0x1F2A3B4C,DXGI,0,0,1,Hardware: Independent Flip,0,7.358942,7.0935,7.0935,0.4210
DemoGame.exe,7412,0x1F2A3B4C,DXGI,0,0,1,Hardware: Independent Flip,0,7.365946,7.0030,7.0030,0.4210
DemoGame.exe,7412,0x1F2A3B4C,DXGI,0,0,1,Hardware: Independent Flip,0,7.372964,7.0187,7.0187,0.4210
DemoGame.exe,7412,0x1F2A3B4C,DXGI,0,0,1,Hardware: Independent Flip,0,7.380008,7.0442,7.0442,0.4210
DemoGame.exe,7412,0x1F2A3B4C,DXGI,0,0,1,Hardware: Independent Flip,0,7.386950,6.9417,6.9417,0.4210
DemoGame.exe,7412,0x1F2A3B4C,DXGI,0,0,1,Hardware: Independent Flip,0,7.393761,6.8113,6.8113,0.4210
DemoGame.exe,7412,0x1F2A3B4C,DXGI,0,0,1,Hardware: Independent Flip,0,7.400813,7.0516,7.0516,0.4210
DemoGame.exe,7412,0x1F2A3B4C,DXGI,0,0,1,Hardware: Independent Flip,0,7.407522,6.7087,6.7087,0.4210
DemoGame.exe,7412,0x1F2A3B4C,DXGI,0,0,1,Hardware: Independent Flip,0,7.414221,6.6997,6.6997,0.4210
DemoGame.exe,7412,0x1F2A3B4C,DXGI,0,0,1,Hardware: Independent Flip,0,7.421061,6.8399,6.8399,0.4210
DemoGame.exe,7412,0x1F2A3B4C,DXGI,0,0,1,Hardware: Independent Flip,0,7.427977,6.9157,6.9157,0.4210
DemoGame.exe,7412,0x1F2A3B4C,DXGI,0,0,1,Hardware: Independent Flip,0,7.434883,6.9060,6.9060,0.4210
DemoGame.exe,7412,0x1F2A3B4C,DXGI,0,0,1,Hardware: Independent Flip,0,7.442022,7.1390,7.1390,0.4210
DemoGame.exe,7412,0x1F2A3B4C,DXGI,0,0,1,Hardware: Independent Flip,0,7.449027,7.0055,7.0055,0.4210
DemoGame.exe,7412,0x1F2A3B4C,DXGI,0,0,1,Hardware: Independent Flip,0,7.455758,6.7303,6.7303,0.4210
DemoGame.exe,7412,0x1F2A3B4C,DXGI,0,0,1,Hardware: Independent Flip,0,7.462659,6.9017,6.9017,0.4210
DemoGame.exe,7412,0x1F2A3B4C,DXGI,0,0,1,Hardware: Independent Flip,0,7.469887,7.2277,7.2277,0.4210
DemoGame.exe,7412,0x1F2A3B4C,DXGI,0,0,1,Hardware: Independent Flip,0,7.476875,6.9877,6.9877,0.4210
DemoGame.exe,7412,0x1F2A3B4C,DXGI,0,0,1,Hardware: Independent Flip,0,7.483520,6.6449,6.6449,0.4210
DemoGame.exe,7412,0x1F2A3B4C,DXGI,0,0,1,Hardware: Independent Flip,0,7.490341,6.8213,6.8213,0.4210
DemoGame.exe,7412,0x1F2A3B4C,DXGI,0,0,1,Hardware: Independent Flip,0,7.497410,7.0687,7.0687,0.4210
DemoGame.exe,7412,0x1F2A3B4C,DXGI,0,0,1,Hardware: Independent Flip,0,7.504587,7.1768,7.1768,0.4210
DemoGame.exe,7412,0x1F2A3B4C,DXGI,0,0,1,Hardware: Independent Flip,0,7.511529,6.9426,6.9426,0.4210
DemoGame.exe,7412,0x1F2A3B4C,DXGI,0,0,1,Hardware: Independent Flip,0,7.518608,7.0790,7.0790,0.4210
DemoGame.exe,7412,0x1F2A3B4C,DXGI,0,0,1,Hardware: Independent Flip,0,7.525532,6.9234,6.9234,0.4210
DemoGame.exe,7412,0x1F2A3B4C,DXGI,0,0,1,Hardware: Independent Flip,0,7.532638,7.1069,7.1069,0.4210
DemoGame.exe,7412,0x1F2A3B4C,DXGI,0,0,1,Hardware: Independent Flip,0,7.539784,7.1451,7.1451,0.4210
DemoGame.exe,7412,0x1F2A3B4C,DXGI,0,0,1,Hardware: Independent Flip,0,7.546890,7.1062,7.1062,0.4210
DemoGame.exe,7412,0x1F2A3B4C,DXGI,0,0,1,Hardware: Independent Flip,0,7.553733,6.8430,6.8430,0.4210
DemoGame.exe,7412,0x1F2A3B4C,DXGI,0,0,1,Hardware: Independent Flip,0,7.560409,6.6760,6.6760,0.4210
DemoGame.exe,7412,0x1F2A3B4C,DXGI,0,0,1,Hardware: Independent Flip,0,7.567061,6.6526,6.6526,0.4210
DemoGame.exe,7412,0x1F2A3B4C,DXGI,0,0,1,Hardware: Independent Flip,0,7.573768,6.7071,6.7071,0.4210
DemoGame.exe,7412,0x1F2A3B4C,DXGI,0,0,1,Hardware: Independent Flip,0,7.580913,7.1446,7.1446,0.4210
DemoGame.exe,7412,0x1F2A3B4C,DXGI,0,0,1,Hardware: Independent Flip,0,7.587710,6.7973,6.7973,0.4210
DemoGame.exe,7412,0x1F2A3B4C,DXGI,0,0,1,Hardware: Independent Flip,0,7.594761,7.0510,7.0510,0.4210
DemoGame.exe,7412,0x1F2A3B4C,DXGI,0,0,1,Hardware: Independent Flip,0,7.601441,6.6799,6.6799,0.4210
DemoGame.exe,7412,0x1F2A3B4C,DXGI,0,0,1,Hardware: Independent Flip,0,7.608199,6.7582,6.7582,0.4210
DemoGame.exe,7412,0x1F2A3B4C,DXGI,0,0,1,Hardware: Independent Flip,0,7.614871,6.6719,6.6719,0.4210
DemoGame.exe,7412,0x1F2A3B4C,DXGI,0,0,1,Hardware: Independent Flip,0,7.621553,6.6816,6.6816,0.4210
DemoGame.exe,7412,0x1F2A3B4C,DXGI,0,0,1,Hardware: Independent Flip,0,7.628612,7.0593,7.0593,0.4210
DemoGame.exe,7412,0x1F2A3B4C,DXGI,0,0,1,Hardware: Independent Flip,0,7.635573,6.9612,6.9612,0.4210
DemoGame.exe,7412,0x1F2A3B4C,DXGI,0,0,1,Hardware: Independent Flip,0,7.642231,6.6577,6.6577,0.4210
DemoGame.exe,7412,0x1F2A3B4C,DXGI,0,0,1,Hardware: Independent Flip,0,7.648998,6.7665,6.7665,0.4210
DemoGame.exe,7412,0x1F2A3B4C,DXGI,0,0,1,Hardware: Independent Flip,0,7.655728,6.7302,6.7302,0.4210
DemoGame.exe,7412,0x1F2A3B4C,DXGI,0,0,1,Hardware: Independent Flip,0,7.662606,6.8779,6.8779,0.4210
DemoGame.exe,7412,0x1F2A3B4C,DXGI,0,0,1,Hardware: Independent Flip,0,7.669452,6.8468,6.8468,0.4210
DemoGame.exe,7412,0x1F2A3B4C,DXGI,0,0,1,Hardware: Independent Flip,0,7.676355,6.9025,6.9025,0.4210
DemoGame.exe,7412,0x1F2A3B4C,DXGI,0,0,1,Hardware: Independent Flip,0,7.683448,7.0930,7.0930,0.4210
DemoGame.exe,7412,0x1F2A3B4C,DXGI,0,0,1,Hardware: Independent Flip,0,7.690314,6.8660,6.8660,0.4210
DemoGame.exe,7412,0x1F2A3B4C,DXGI,0,0,1,Hardware: Independent Flip,0,7.697017,6.7027,6.7027,0.4210
DemoGame.exe,7412,0x1F2A3B4C,DXGI,0,0,1,Hardware: Independent Flip,0,7.703968,6.9516,6.9516,0.4210
DemoGame.exe,7412,0x1F2A3B4C,DXGI,0,0,1,Hardware: Independent Flip,0,7.711034,7.0660,7.0660,0.4210
DemoGame.exe,7412,0x1F2A3B4C,DXGI,0,0,1,Hardware: Independent Flip,0,7.718150,7.1160,7.1160,0.4210
DemoGame.exe,7412,0x1F2A3B4C,DXGI,0,0,1,Hardware: Independent Flip,0,7.725353,7.2033,7.2033,0.4210
DemoGame.exe,7412,0x1F2A3B4C,DXGI,0,0,1,Hardware: Independent Flip,0,7.732361,7.0081,7.0081,0.4210
DemoGame.exe,7412,0x1F2A3B4C,DXGI,0,0,1,Hardware: Independent Flip,0,7.739522,7.1607,7.1607,0.4210
DemoGame.exe,7412,0x1F2A3B4C,DXGI,0,0,1,Hardware: Independent Flip,0,7.746227,6.7044,6.7044,0.4210
DemoGame.exe,7412,0x1F2A3B4C,DXGI,0,0,1,Hardware: Independent Flip,0,7.753410,7.1837,7.1837,0.4210
DemoGame.exe,7412,0x1F2A3B4C,DXGI,0,0,1,Hardware: Independent Flip,0,7.760175,6.7647,6.7647,0.4210
DemoGame.exe,7412,0x1F2A3B4C,DXGI,0,0,1,Hardware: Independent Flip,0,7.767254,7.0788,7.0788,0.4210
DemoGame.exe,7412,0x1F2A3B4C,DXGI,0,0,1,Hardware: Independent Flip,0,7.774164,6.9103,6.9103,0.4210
DemoGame.exe,7412,0x1F2A3B4C,DXGI,0,0,1,Hardware: Independent Flip,0,7.781354,7.1894,7.1894,0.4210
DemoGame.exe,7412,0x1F2A3B4C,DXGI,0,0,1,Hardware: Independent Flip,0,7.788463,7.1097,7.1097,0.4210
DemoGame.exe,7412,0x1F2A3B4C,DXGI,0,0,1,Hardware: Independent Flip,0,7.795131,6.6677,6.6677,0.4210
DemoGame.exe,7412,0x1F2A3B4C,DXGI,0,0,1,Hardware: Independent Flip,0,7.801962,6.8313,6.8313,0.4210
DemoGame.exe,7412,0x1F2A3B4C,DXGI,0,0,1,Hardware: Independent Flip,0,7.808815,6.8526,6.8526,0.4210
DemoGame.exe,7412,0x1F2A3B4C,DXGI,0,0,1,Hardware: Independent Flip,0,7.815820,7.0054,7.0054,0.4210
DemoGame.exe,7412,0x1F2A3B4C,DXGI,0,0,1,Hardware: Independent Flip,0,7.822806,6.9857,6.9857,0.4210
DemoGame.exe,7412,0x1F2A3B4C,DXGI,0,0,1,Hardware: Independent Flip,0,7.830005,7.1986,7.1986,0.4210
DemoGame.exe,7412,0x1F2A3B4C,DXGI,0,0,1,Hardware: Independent Flip,0,7.836699,6.6944,6.6944,0.4210
DemoGame.exe,7412,0x1F2A3B4C,DXGI,0,0,1,Hardware: Independent Flip,0,7.843486,6.7875,6.7875,0.4210
DemoGame.exe,7412,0x1F2A3B4C,DXGI,0,0,1,Hardware: Independent Flip,0,7.850686,7.1999,7.1999,0.4210
DemoGame.exe,7412,0x1F2A3B4C,DXGI,0,0,1,Hardware: Independent Flip,0,7.857636,6.9501,6.9501,0.4210
DemoGame.exe,7412,0x1F2A3B4C,DXGI,0,0,1,Hardware: Independent Flip,0,7.864466,6.8296,6.8296,0.4210
DemoGame.exe,7412,0x1F2A3B4C,DXGI,0,0,1,Hardware: Independent Flip,0,7.871570,7.1041,7.1041,0.4210
DemoGame.exe,7412,0x1F2A3B4C,DXGI,0,0,1,Hardware: Independent Flip,0,7.878625,7.0550,7.0550,0.4210
DemoGame.exe,7412,0x1F2A3B4C,DXGI,0,0,1,Hardware: Independent Flip,0,7.885679,7.0543,7.0543,0.4210
DemoGame.exe,7412,0x1F2A3B4C,DXGI,0,0,1,Hardware: Independent Flip,0,7.892536,6.8564,6.8564,0.4210
DemoGame.exe,7412,0x1F2A3B4C,DXGI,0,0,1,Hardware: Independent Flip,0,7.899381,6.8451,6.8451,0.4210
DemoGame.exe,7412,0x1F2A3B4C,DXGI,0,0,1,Hardware: Independent Flip,0,7.906101,6.7206,6.7206,0.4210
DemoGame.exe,7412,0x1F2A3B4C,DXGI,0,0,1,Hardware: Independent Flip,0,7.912950,6.8484,6.8484,0.4210
DemoGame.exe,7412,0x1F2A3B4C,DXGI,0,0,1,Hardware: Independent Flip,0,7.919646,6.6961,6.6961,0.4210
DemoGame.exe,7412,0x1F2A3B4C,DXGI,0,0,1,Hardware: Independent Flip,0,7.926530,6.8842,6.8842,0.4210
DemoGame.exe,7412,0x1F2A3B4C,DXGI,0,0,1,Hardware: Independent Flip,0,7.933314,6.7843,6.7843,0.4210
DemoGame.exe,7412,0x1F2A3B4C,DXGI,0,0,1,Hardware: Independent Flip,0,7.940283,6.9684,6.9684,0.4210
DemoGame.exe,7412,0x1F2A3B4C,DXGI,0,0,1,Hardware: Independent Flip,0,7.947113,6.8306,6.8306,0.4210
DemoGame.exe,7412,0x1F2A3B4C,DXGI,0,0,1,Hardware: Independent Flip,0,7.953949,6.8351,6.8351,0.4210
DemoGame.exe,7412,0x1F2A3B4C,DXGI,0,0,1,Hardware: Independent Flip,0,7.961134,7.1854,7.1854,0.4210
DemoGame.exe,7412,0x1F2A3B4C,DXGI,0,0,1,Hardware: Independent Flip,0,7.968167,7.0332,7.0332,0.4210
DemoGame.exe,7412,0x1F2A3B4C,DXGI,0,0,1,Hardware: Independent Flip,0,7.975301,7.1343,7.1343,0.4210
DemoGame.exe,7412,0x1F2A3B4C,DXGI,0,0,1,Hardware: Independent Flip,0,7.982521,7.2195,7.2195,0.4210
DemoGame.exe,7412,0x1F2A3B4C,DXGI,0,0,1,Hardware: Independent Flip,0,7.989339,6.8185,6.8185,0.4210
DemoGame.exe,7412,0x1F2A3B4C,DXGI,0,0,1,Hardware: Independent Flip,0,7.996491,7.1511,7.1511,0.4210
DemoGame.exe,7412,0x1F2A3B4C,DXGI,0,0,1,Hardware: Independent Flip,0,8.003337,6.8468,6.8468,0.4210
DemoGame.exe,7412,0x1F2A3B4C,DXGI,0,0,1,Hardware: Independent Flip,0,8.010130,6.7930,6.7930,0.4210
DemoGame.exe,7412,0x1F2A3B4C,DXGI,0,0,1,Hardware: Independent Flip,0,8.017146,7.0158,7.0158,0.4210
DemoGame.exe,7412,0x1F2A3B4C,DXGI,0,0,1,Hardware: Independent Flip,0,8.023938,6.7920,6.7920,0.4210
DemoGame.exe,7412,0x1F2A3B4C,DXGI,0,0,1,Hardware: Independent Flip,0,8.040403,16.4645,16.4645,0.4210
DemoGame.exe,7412,0x1F2A3B4C,DXGI,0,0,1,Hardware: Independent Flip,0,8.047545,7.1429,7.1429,0.4210
DemoGame.exe,7412,0x1F2A3B4C,DXGI,0,0,1,Hardware: Independent Flip,0,8.054215,6.6693,6.6693,0.4210
DemoGame.exe,7412,0x1F2A3B4C,DXGI,0,0,1,Hardware: Independent Flip,0,8.061300,7.0855,7.0855,0.4210
DemoGame.exe,7412,0x1F2A3B4C,DXGI,0,0,1,Hardware: Independent Flip,0,8.068461,7.1608,7.1608,0.4210
DemoGame.exe,7412,0x1F2A3B4C,DXGI,0,0,1,Hardware: Independent Flip,0,8.075599,7.1384,7.1384,0.4210
DemoGame.exe,7412,0x1F2A3B4C,DXGI,0,0,1,Hardware: Independent Flip,0,8.082415,6.8156,6.8156,0.4210
DemoGame.exe,7412,0x1F2A3B4C,DXGI,0,0,1,Hardware: Independent Flip,0,8.089574,7.1592,7.1592,0.4210
DemoGame.exe,7412,0x1F2A3B4C,DXGI,0,0,1,Hardware: Independent Flip,0,8.096570,6.9957,6.9957,0.4210
DemoGame.exe,7412,0x1F2A3B4C,DXGI,0,0,1,Hardware: Independent Flip,0,8.103330,6.7599,6.7599,0.4210
DemoGame.exe,7412,0x1F2A3B4C,DXGI,0,0,1,Hardware: Independent Flip,0,8.110260,6.9304,6.9304,0.4210
DemoGame.exe,7412,0x1F2A3B4C,DXGI,0,0,1,Hardware: Independent Flip,0,8.117003,6.7431,6.7431,0.4210
DemoGame.exe,7412,0x1F2A3B4C,DXGI,0,0,1,Hardware: Independent Flip,0,8.124200,7.1971,7.1971,0.4210
DemoGame.exe,7412,0x1F2A3B4C,DXGI,0,0,1,Hardware: Independent Flip,0,8.130951,6.7504,6.7504,0.4210
DemoGame.exe,7412,0x1F2A3B4C,DXGI,0,0,1,Hardware: Independent Flip,0,8.138043,7.0920,7.0920,0.4210
DemoGame.exe,7412,0x1F2A3B4C,DXGI,0,0,1,Hardware: Independent Flip,0,8.145025,6.9826,6.9826,0.4210
DemoGame.exe,7412,0x1F2A3B4C,DXGI,0,0,1,Hardware: Independent Flip,0,8.151714,6.6881,6.6881,0.4210
DemoGame.exe,7412,0x1F2A3B4C,DXGI,0,0,1,Hardware: Independent Flip,0,8.158588,6.8744,6.8744,0.4210
DemoGame.exe,7412,0x1F2A3B4C,DXGI,0,0,1,Hardware: Independent Flip,0,8.165446,6.8582,6.8582,0.4210
DemoGame.exe,7412,0x1F2A3B4C,DXGI,0,0,1,Hardware: Independent Flip,0,8.172395,6.9492,6.9492,0.4210
DemoGame.exe,7412,0x1F2A3B4C,DXGI,0,0,1,Hardware: Independent Flip,0,8.179365,6.9694,6.9694,0.4210
DemoGame.exe,7412,0x1F2A3B4C,DXGI,0,0,1,Hardware: Independent Flip,0,8.186308,6.9432,6.9432,0.4210
DemoGame.exe,7412,0x1F2A3B4C,DXGI,0,0,1,Hardware: Independent Flip,0,8.192953,6.6447,6.6447,0.4210
DemoGame.exe,7412,0x1F2A3B4C,DXGI,0,0,1,Hardware: Independent Flip,0,8.199614,6.6615,6.6615,0.4210
DemoGame.exe,7412,0x1F2A3B4C,DXGI,0,0,1,Hardware: Independent Flip,0,8.206678,7.0640,7.0640,0.4210
DemoGame.exe,7412,0x1F2A3B4C,DXGI,0,0,1,Hardware: Independent Flip,0,8.213875,7.1965,7.1965,0.4210
DemoGame.exe,7412,0x1F2A3B4C,DXGI,0,0,1,Hardware: Independent Flip,0,8.220583,6.7083,6.7083,0.4210
DemoGame.exe,7412,0x1F2A3B4C,DXGI,0,0,1,Hardware: Independent Flip,0,8.227302,6.7189,6.7189,0.4210
DemoGame.exe,7412,0x1F2A3B4C,DXGI,0,0,1,Hardware: Independent Flip,0,8.234515,7.2130,7.2130,0.4210
DemoGame.exe,7412,0x1F2A3B4C,DXGI,0,0,1,Hardware: Independent Flip,0,8.241208,6.6927,6.6927,0.4210
DemoGame.exe,7412,0x1F2A3B4C,DXGI,0,0,1,Hardware: Independent Flip,0,8.247955,6.7473,6.7473,0.4210
DemoGame.exe,7412,0x1F2A3B4C,DXGI,0,0,1,Hardware: Independent Flip,0,8.254635,6.6806,6.6806,0.4210
DemoGame.exe,7412,0x1F2A3B4C,DXGI,0,0,1,Hardware: Independent Flip,0,8.261368,6.7323,6.7323,0.4210
DemoGame.exe,7412,0x1F2A3B4C,DXGI,0,0,1,Hardware: Independent Flip,0,8.268275,6.9070,6.9070,0.4210
DemoGame.exe,7412,0x1F2A3B4C,DXGI,0,0,1,Hardware: Independent Flip,0,8.275230,6.9554,6.9554,0.4210
DemoGame.exe,7412,0x1F2A3B4C,DXGI,0,0,1,Hardware: Independent Flip,0,8.282188,6.9575,6.9575,0.4210
DemoGame.exe,7412,0x1F2A3B4C,DXGI,0,0,1,Hardware: Independent Flip,0,8.289008,6.8198,6.8198,0.4210
DemoGame.exe,7412,0x1F2A3B4C,DXGI,0,0,1,Hardware: Independent Flip,0,8.295887,6.8791,6.8791,0.4210
DemoGame.exe,7412,0x1F2A3B4C,DXGI,0,0,1,Hardware: Independent Flip,0,8.302818,6.9316,6.9316,0.4210
DemoGame.exe,7412,0x1F2A3B4C,DXGI,0,0,1,Hardware: Independent Flip,0,8.309620,6.8017,6.8017,0.4210
DemoGame.exe,7412,0x1F2A3B4C,DXGI,0,0,1,Hardware: Independent Flip,0,8.316333,6.7126,6.7126,0.4210
DemoGame.exe,7412,0x1F2A3B4C,DXGI,0,0,1,Hardware: Independent Flip,0,8.323202,6.8691,6.8691,0.4210
DemoGame.exe,7412,0x1F2A3B4C,DXGI,0,0,1,Hardware: Independent Flip,0,8.330418,7.2168,7.2168,0.4210
DemoGame.exe,7412,0x1F2A3B4C,DXGI,0,0,1,Hardware: Independent Flip,0,8.337133,6.7147,6.7147,0.4210
DemoGame.exe,7412,0x1F2A3B4C,DXGI,0,0,1,Hardware: Independent Flip,0,8.344282,7.1487,7.1487,0.4210
DemoGame.exe,7412,0x1F2A3B4C,DXGI,0,0,1,Hardware: Independent Flip,0,8.351368,7.0862,7.0862,0.4210
DemoGame.exe,7412,0x1F2A3B4C,DXGI,0,0,1,Hardware: Independent Flip,0,8.358448,7.0801,7.0801,0.4210
DemoGame.exe,7412,0x1F2A3B4C,DXGI,0,0,1,Hardware: Independent Flip,0,8.365476,7.0279,7.0279,0.4210
DemoGame.exe,7412,0x1F2A3B4C,DXGI,0,0,1,Hardware: Independent Flip,0,8.372248,6.7714,6.7714,0.4210
DemoGame.exe,7412,0x1F2A3B4C,DXGI,0,0,1,Hardware: Independent Flip,0,8.379327,7.0799,7.0799,0.4210
DemoGame.exe,7412,0x1F2A3B4C,DXGI,0,0,1,Hardware: Independent Flip,0,8.386434,7.1070,7.1070,0.4210
DemoGame.exe,7412,0x1F2A3B4C,DXGI,0,0,1,Hardware: Independent Flip,0,8.393651,7.2164,7.2164,0.4210
DemoGame.exe,7412,0x1F2A3B4C,DXGI,0,0,1,Hardware: Independent Flip,0,8.400830,7.1788,7.1788,0.4210
DemoGame.exe,7412,0x1F2A3B4C,DXGI,0,0,1,Hardware: Independent Flip,0,8.407540,6.7106,6.7106,0.4210
DemoGame.exe,7412,0x1F2A3B4C,DXGI,0,0,1,Hardware: Independent Flip,0,8.414607,7.0666,7.0666,0.4210
DemoGame.exe,7412,0x1F2A3B4C,DXGI,0,0,1,Hardware: Independent Flip,0,8.421650,7.0436,7.0436,0.4210
DemoGame.exe,7412,0x1F2A3B4C,DXGI,0,0,1,Hardware: Independent Flip,0,8.428793,7.1422,7.1422,0.4210
DemoGame.exe,7412,0x1F2A3B4C,DXGI,0,0,1,Hardware: Independent Flip,0,8.435444,6.6518,6.6518,0.4210
DemoGame.exe,7412,0x1F2A3B4C,DXGI,0,0,1,Hardware: Independent Flip,0,8.442110,6.6655,6.6655,0.4210
DemoGame.exe,7412,0x1F2A3B4C,DXGI,0,0,1,Hardware: Independent Flip,0,8.449318,7.2082,7.2082,0.4210
DemoGame.exe,7412,0x1F2A3B4C,DXGI,0,0,1,Hardware: Independent Flip,0,8.456392,7.0741,7.0741,0.4210
DemoGame.exe,7412,0x1F2A3B4C,DXGI,0,0,1,Hardware: Independent Flip,0,8.463133,6.7407,6.7407,0.4210
DemoGame.exe,7412,0x1F2A3B4C,DXGI,0,0,1,Hardware: Independent Flip,0,8.470323,7.1902,7.1902,0.4210
DemoGame.exe,7412,0x1F2A3B4C,DXGI,0,0,1,Hardware: Independent Flip,0,8.477270,6.9470,6.9470,0.4210
DemoGame.exe,7412,0x1F2A3B4C,DXGI,0,0,1,Hardware: Independent Flip,0,8.483927,6.6566,6.6566,0.4210
DemoGame.exe,7412,0x1F2A3B4C,DXGI,0,0,1,Hardware: Independent Flip,0,8.490821,6.8938,6.8938,0.4210
DemoGame.exe,7412,0x1F2A3B4C,DXGI,0,0,1,Hardware: Independent Flip,0,8.497475,6.6548,6.6548,0.4210
DemoGame.exe,7412,0x1F2A3B4C,DXGI,0,0,1,Hardware: Independent Flip,0,8.504409,6.9341,6.9341,0.4210
DemoGame.exe,7412,0x1F2A3B4C,DXGI,0,0,1,Hardware: Independent Flip,0,8.511448,7.0389,7.0389,0.4210
DemoGame.exe,7412,0x1F2A3B4C,DXGI,0,0,1,Hardware: Independent Flip,0,8.518227,6.7785,6.7785,0.4210
DemoGame.exe,7412,0x1F2A3B4C,DXGI,0,0,1,Hardware: Independent Flip,0,8.525034,6.8068,6.8068,0.4210
DemoGame.exe,7412,0x1F2A3B4C,DXGI,0,0,1,Hardware: Independent Flip,0,8.532087,7.0530,7.0530,0.4210
DemoGame.exe,7412,0x1F2A3B4C,DXGI,0,0,1,Hardware: Independent Flip,0,8.539274,7.1868,7.1868,0.4210
DemoGame.exe,7412,0x1F2A3B4C,DXGI,0,0,1,Hardware: Independent Flip,0,8.545974,6.7005,6.7005,0.4210
DemoGame.exe,7412,0x1F2A3B4C,DXGI,0,0,1,Hardware: Independent Flip,0,8.552855,6.8806,6.8806,0.4210
DemoGame.exe,7412,0x1F2A3B4C,DXGI,0,0,1,Hardware: Independent Flip,0,8.559599,6.7443,6.7443,0.4210
DemoGame.exe,7412,0x1F2A3B4C,DXGI,0,0,1,Hardware: Independent Flip,0,8.566569,6.9705,6.9705,0.4210
DemoGame.exe,7412,0x1F2A3B4C,DXGI,0,0,1,Hardware: Independent Flip,0,8.573743,7.1740,7.1740,0.4210
DemoGame.exe,7412,0x1F2A3B4C,DXGI,0,0,1,Hardware: Independent Flip,0,8.580500,6.7568,6.7568,0.4210
DemoGame.exe,7412,0x1F2A3B4C,DXGI,0,0,1,Hardware: Independent Flip,0,8.587722,7.2218,7.2218,0.4210
DemoGame.exe,7412,0x1F2A3B4C,DXGI,0,0,1,Hardware: Independent Flip,0,8.594482,6.7604,6.7604,0.4210
DemoGame.exe,7412,0x1F2A3B4C,DXGI,0,0,1,Hardware: Independent Flip,0,8.601407,6.9244,6.9244,0.4210
DemoGame.exe,7412,0x1F2A3B4C,DXGI,0,0,1,Hardware: Independent Flip,0,8.608598,7.1915,7.1915,0.4210
DemoGame.exe,7412,0x1F2A3B4C,DXGI,0,0,1,Hardware: Independent Flip,0,8.615375,6.7771,6.7771,0.4210
DemoGame.exe,7412,0x1F2A3B4C,DXGI,0,0,1,Hardware: Independent Flip,0,8.622205,6.8297,6.8297,0.4210
DemoGame.exe,7412,0x1F2A3B4C,DXGI,0,0,1,Hardware: Independent Flip,0,8.628980,6.7749,6.7749,0.4210
DemoGame.exe,7412,0x1F2A3B4C,DXGI,0,0,1,Hardware: Independent Flip,0,8.635726,6.7458,6.7458,0.4210
DemoGame.exe,7412,0x1F2A3B4C,DXGI,0,0,1,Hardware: Independent Flip,0,8.642391,6.6657,6.6657,0.4210
DemoGame.exe,7412,0x1F2A3B4C,DXGI,0,0,1,Hardware: Independent Flip,0,8.649476,7.0844,7.0844,0.4210
DemoGame.exe,7412,0x1F2A3B4C,DXGI,0,0,1,Hardware: Independent Flip,0,8.656632,7.1558,7.1558,0.4210
DemoGame.exe,7412,0x1F2A3B4C,DXGI,0,0,1,Hardware: Independent Flip,0,8.663691,7.0593,7.0593,0.4210
DemoGame.exe,7412,0x1F2A3B4C,DXGI,0,0,1,Hardware: Independent Flip,0,8.670503,6.8121,6.8121,0.4210
DemoGame.exe,7412,0x1F2A3B4C,DXGI,0,0,1,Hardware: Independent Flip,0,8.677361,6.8577,6.8577,0.4210
DemoGame.exe,7412,0x1F2A3B4C,DXGI,0,0,1,Hardware: Independent Flip,0,8.684328,6.9674,6.9674,0.4210
DemoGame.exe,7412,0x1F2A3B4C,DXGI,0,0,1,Hardware: Independent Flip,0,8.691300,6.9715,6.9715,0.4210
DemoGame.exe,7412,0x1F2A3B4C,DXGI,0,0,1,Hardware: Independent Flip,0,8.698516,7.2159,7.2159,0.4210
DemoGame.exe,7412,0x1F2A3B4C,DXGI,0,0,1,Hardware: Independent Flip,0,8.705438,6.9229,6.9229,0.4210
DemoGame.exe,7412,0x1F2A3B4C,DXGI,0,0,1,Hardware: Independent Flip,0,8.712352,6.9138,6.9138,0.4210
DemoGame.exe,7412,0x1F2A3B4C,DXGI,0,0,1,Hardware: Independent Flip,0,8.719054,6.7021,6.7021,0.4210
DemoGame.exe,7412,0x1F2A3B4C,DXGI,0,0,1,Hardware: Independent Flip,0,8.725953,6.8988,6.8988,0.4210
DemoGame.exe,7412,0x1F2A3B4C,DXGI,0,0,1,Hardware: Independent Flip,0,8.733029,7.0754,7.0754,0.4210
DemoGame.exe,7412,0x1F2A3B4C,DXGI,0,0,1,Hardware: Independent Flip,0,8.739819,6.7900,6.7900,0.4210
DemoGame.exe,7412,0x1F2A3B4C,DXGI,0,0,1,Hardware: Independent Flip,0,8.747052,7.2330,7.2330,0.4210
DemoGame.exe,7412,0x1F2A3B4C,DXGI,0,0,1,Hardware: Independent Flip,0,8.754289,7.2369,7.2369,0.4210
DemoGame.exe,7412,0x1F2A3B4C,DXGI,0,0,1,Hardware: Independent Flip,0,8.761206,6.9171,6.9171,0.4210
DemoGame.exe,7412,0x1F2A3B4C,DXGI,0,0,1,Hardware: Independent Flip,0,8.767904,6.6980,6.6980,0.4210
DemoGame.exe,7412,0x1F2A3B4C,DXGI,0,0,1,Hardware: Independent Flip,0,8.774577,6.6736,6.6736,0.4210
DemoGame.exe,7412,0x1F2A3B4C,DXGI,0,0,1,Hardware: Independent Flip,0,8.781700,7.1223,7.1223,0.4210
DemoGame.exe,7412,0x1F2A3B4C,DXGI,0,0,1,Hardware: Independent Flip,0,8.788774,7.0740,7.0740,0.4210
DemoGame.exe,7412,0x1F2A3B4C,DXGI,0,0,1,Hardware: Independent Flip,0,8.795740,6.9663,6.9663,0.4210
DemoGame.exe,7412,0x1F2A3B4C,DXGI,0,0,1,Hardware: Independent Flip,0,8.802457,6.7171,6.7171,0.4210
DemoGame.exe,7412,0x1F2A3B4C,DXGI,0,0,1,Hardware: Independent Flip,0,8.809669,7.2122,7.2122,0.4210
DemoGame.exe,7412,0x1F2A3B4C,DXGI,0,0,1,Hardware: Independent Flip,0,8.816808,7.1389,7.1389,0.4210
DemoGame.exe,7412,0x1F2A3B4C,DXGI,0,0,1,Hardware: Independent Flip,0,8.823496,6.6877,6.6877,0.4210
DemoGame.exe,7412,0x1F2A3B4C,DXGI,0,0,1,Hardware: Independent Flip,0,8.830588,7.0918,7.0918,0.4210
DemoGame.exe,7412,0x1F2A3B4C,DXGI,0,0,1,Hardware: Independent Flip,0,8.837381,6.7938,6.7938,0.4210
DemoGame.exe,7412,0x1F2A3B4C,DXGI,0,0,1,Hardware: Independent Flip,0,8.844175,6.7933,6.7933,0.4210
DemoGame.exe,7412,0x1F2A3B4C,DXGI,0,0,1,Hardware: Independent Flip,0,8.851232,7.0571,7.0571,0.4210
DemoGame.exe,7412,0x1F2A3B4C,DXGI,0,0,1,Hardware: Independent Flip,0,8.857993,6.7612,6.7612,0.4210
DemoGame.exe,7412,0x1F2A3B4C,DXGI,0,0,1,Hardware: Independent Flip,0,8.865119,7.1258,7.1258,0.4210
DemoGame.exe,7412,0x1F2A3B4C,DXGI,0,0,1,Hardware: Independent Flip,0,8.871911,6.7921,6.7921,0.4210
DemoGame.exe,7412,0x1F2A3B4C,DXGI,0,0,1,Hardware: Independent Flip,0,8.879144,7.2331,7.2331,0.4210
DemoGame.exe,7412,0x1F2A3B4C,DXGI,0,0,1,Hardware: Independent Flip,0,8.886238,7.0937,7.0937,0.4210
DemoGame.exe,7412,0x1F2A3B4C,DXGI,0,0,1,Hardware: Independent Flip,0,8.893365,7.1271,7.1271,0.4210
DemoGame.exe,7412,0x1F2A3B4C,DXGI,0,0,1,Hardware: Independent Flip,0,8.900328,6.9632,6.9632,0.4210
DemoGame.exe,7412,0x1F2A3B4C,DXGI,0,0,1,Hardware: Independent Flip,0,8.907567,7.2387,7.2387,0.4210
DemoGame.exe,7412,0x1F2A3B4C,DXGI,0,0,1,Hardware: Independent Flip,0,8.914406,6.8393,6.8393,0.4210
DemoGame.exe,7412,0x1F2A3B4C,DXGI,0,0,1,Hardware: Independent Flip,0,8.921269,6.8635,6.8635,0.4210
DemoGame.exe,7412,0x1F2A3B4C,DXGI,0,0,1,Hardware: Independent Flip,0,8.928242,6.9730,6.9730,0.4210
DemoGame.exe,7412,0x1F2A3B4C,DXGI,0,0,1,Hardware: Independent Flip,0,8.935151,6.9087,6.9087,0.4210
DemoGame.exe,7412,0x1F2A3B4C,DXGI,0,0,1,Hardware: Independent Flip,0,8.942216,7.0654,7.0654,0.4210
DemoGame.exe,7412,0x1F2A3B4C,DXGI,0,0,1,Hardware: Independent Flip,0,8.948917,6.7007,6.7007,0.4210
DemoGame.exe,7412,0x1F2A3B4C,DXGI,0,0,1,Hardware: Independent Flip,0,8.956033,7.1159,7.1159,0.4210
DemoGame.exe,7412,0x1F2A3B4C,DXGI,0,0,1,Hardware: Independent Flip,0,8.963135,7.1020,7.1020,0.4210
DemoGame.exe,7412,0x1F2A3B4C,DXGI,0,0,1,Hardware: Independent Flip,0,8.969925,6.7904,6.7904,0.4210
DemoGame.exe,7412,0x1F2A3B4C,DXGI,0,0,1,Hardware: Independent Flip,0,8.977140,7.2144,7.2144,0.4210
DemoGame.exe,7412,0x1F2A3B4C,DXGI,0,0,1,Hardware: Independent Flip,0,8.984075,6.9354,6.9354,0.4210
DemoGame.exe,7412,0x1F2A3B4C,DXGI,0,0,1,Hardware: Independent Flip,0,8.991274,7.1985,7.1985,0.4210
DemoGame.exe,7412,0x1F2A3B4C,DXGI,0,0,1,Hardware: Independent Flip,0,8.998378,7.1040,7.1040,0.4210
DemoGame.exe,7412,0x1F2A3B4C,DXGI,0,0,1,Hardware: Independent Flip,0,9.005153,6.7757,6.7757,0.4210
DemoGame.exe,7412,0x1F2A3B4C,DXGI,0,0,1,Hardware: Independent Flip,0,9.011899,6.7453,6.7453,0.4210
DemoGame.exe,7412,0x1F2A3B4C,DXGI,0,0,1,Hardware: Independent Flip,0,9.018766,6.8675,6.8675,0.4210
DemoGame.exe,7412,0x1F2A3B4C,DXGI,0,0,1,Hardware: Independent Flip,0,9.025602,6.8357,6.8357,0.4210
DemoGame.exe,7412,0x1F2A3B4C,DXGI,0,0,1,Hardware: Independent Flip,0,9.032364,6.7622,6.7622,0.4210
DemoGame.exe,7412,0x1F2A3B4C,DXGI,0,0,1,Hardware: Independent Flip,0,9.039447,7.0827,7.0827,0.4210
DemoGame.exe,7412,0x1F2A3B4C,DXGI,0,0,1,Hardware: Independent Flip,0,9.046538,7.0911,7.0911,0.4210
DemoGame.exe,7412,0x1F2A3B4C,DXGI,0,0,1,Hardware: Independent Flip,0,9.053455,6.9171,6.9171,0.4210
DemoGame.exe,7412,0x1F2A3B4C,DXGI,0,0,1,Hardware: Independent Flip,0,9.060269,6.8140,6.8140,0.4210
DemoGame.exe,7412,0x1F2A3B4C,DXGI,0,0,1,Hardware: Independent Flip,0,9.067388,7.1195,7.1195,0.4210
DemoGame.exe,7412,0x1F2A3B4C,DXGI,0,0,1,Hardware: Independent Flip,0,9.074210,6.8218,6.8218,0.4210
DemoGame.exe,7412,0x1F2A3B4C,DXGI,0,0,1,Hardware: Independent Flip,0,9.081277,7.0667,7.0667,0.4210
DemoGame.exe,7412,0x1F2A3B4C,DXGI,0,0,1,Hardware: Independent Flip,0,9.088387,7.1098,7.1098,0.4210
DemoGame.exe,7412,0x1F2A3B4C,DXGI,0,0,1,Hardware: Independent Flip,0,9.095183,6.7966,6.7966,0.4210
DemoGame.exe,7412,0x1F2A3B4C,DXGI,0,0,1,Hardware: Independent Flip,0,9.102003,6.8203,6.8203,0.4210
DemoGame.exe,7412,0x1F2A3B4C,DXGI,0,0,1,Hardware: Independent Flip,0,9.108754,6.7508,6.7508,0.4210
DemoGame.exe,7412,0x1F2A3B4C,DXGI,0,0,1,Hardware: Independent Flip,0,9.115841,7.0864,7.0864,0.4210
DemoGame.exe,7412,0x1F2A3B4C,DXGI,0,0,1,Hardware: Independent Flip,0,9.122781,6.9404,6.9404,0.4210
DemoGame.exe,7412,0x1F2A3B4C,DXGI,0,0,1,Hardware: Independent Flip,0,9.129531,6.7499,6.7499,0.4210
DemoGame.exe,7412,0x1F2A3B4C,DXGI,0,0,1,Hardware: Independent Flip,0,9.136449,6.9177,6.9177,0.4210
DemoGame.exe,7412,0x1F2A3B4C,DXGI,0,0,1,Hardware: Independent Flip,0,9.143371,6.9224,6.9224,0.4210
DemoGame.exe,7412,0x1F2A3B4C,DXGI,0,0,1,Hardware: Independent Flip,0,9.150474,7.1027,7.1027,0.4210
DemoGame.exe,7412,0x1F2A3B4C,DXGI,0,0,1,Hardware: Independent Flip,0,9.157528,7.0541,7.0541,0.4210
DemoGame.exe,7412,0x1F2A3B4C,DXGI,0,0,1,Hardware: Independent Flip,0,9.164321,6.7933,6.7933,0.4210
DemoGame.exe,7412,0x1F2A3B4C,DXGI,0,0,1,Hardware: Independent Flip,0,9.171131,6.8094,6.8094,0.4210
DemoGame.exe,7412,0x1F2A3B4C,DXGI,0,0,1,Hardware: Independent Flip,0,9.178275,7.1449,7.1449,0.4210
DemoGame.exe,7412,0x1F2A3B4C,DXGI,0,0,1,Hardware: Independent Flip,0,9.184936,6.6604,6.6604,0.4210
DemoGame.exe,7412,0x1F2A3B4C,DXGI,0,0,1,Hardware: Independent Flip,0,9.191676,6.7403,6.7403,0.4210
DemoGame.exe,7412,0x1F2A3B4C,DXGI,0,0,1,Hardware: Independent Flip,0,9.198357,6.6809,6.6809,0.4210
DemoGame.exe,7412,0x1F2A3B4C,DXGI,0,0,1,Hardware: Independent Flip,0,9.205498,7.1413,7.1413,0.4210
DemoGame.exe,7412,0x1F2A3B4C,DXGI,0,0,1,Hardware: Independent Flip,0,9.212620,7.1215,7.1215,0.4210
DemoGame.exe,7412,0x1F2A3B4C,DXGI,0,0,1,Hardware: Independent Flip,0,9.219722,7.1024,7.1024,0.4210
DemoGame.exe,7412,0x1F2A3B4C,DXGI,0,0,1,Hardware: Independent Flip,0,9.226561,6.8387,6.8387,0.4210
DemoGame.exe,7412,0x1F2A3B4C,DXGI,0,0,1,Hardware: Independent Flip,0,9.233758,7.1972,7.1972,0.4210
DemoGame.exe,7412,0x1F2A3B4C,DXGI,0,0,1,Hardware: Independent Flip,0,9.240988,7.2295,7.2295,0.4210
DemoGame.exe,7412,0x1F2A3B4C,DXGI,0,0,1,Hardware: Independent Flip,0,9.248012,7.0245,7.0245,0.4210
DemoGame.exe,7412,0x1F2A3B4C,DXGI,0,0,1,Hardware: Independent Flip,0,9.255181,7.1686,7.1686,0.4210
DemoGame.exe,7412,0x1F2A3B4C,DXGI,0,0,1,Hardware: Independent Flip,0,9.262222,7.0414,7.0414,0.4210
DemoGame.exe,7412,0x1F2A3B4C,DXGI,0,0,1,Hardware: Independent Flip,0,9.269198,6.9755,6.9755,0.4210
DemoGame.exe,7412,0x1F2A3B4C,DXGI,0,0,1,Hardware: Independent Flip,0,9.275886,6.6884,6.6884,0.4210
DemoGame.exe,7412,0x1F2A3B4C,DXGI,0,0,1,Hardware: Independent Flip,0,9.283002,7.1160,7.1160,0.4210
DemoGame.exe,7412,0x1F2A3B4C,DXGI,0,0,1,Hardware: Independent Flip,0,9.289968,6.9656,6.9656,0.4210
DemoGame.exe,7412,0x1F2A3B4C,DXGI,0,0,1,Hardware: Independent Flip,0,9.296637,6.6693,6.6693,0.4210
DemoGame.exe,7412,0x1F2A3B4C,DXGI,0,0,1,Hardware: Independent Flip,0,9.303625,6.9879,6.9879,0.4210
DemoGame.exe,7412,0x1F2A3B4C,DXGI,0,0,1,Hardware: Independent Flip,0,9.310420,6.7952,6.7952,0.4210
DemoGame.exe,7412,0x1F2A3B4C,DXGI,0,0,1,Hardware: Independent Flip,0,9.317506,7.0860,7.0860,0.4210
DemoGame.exe,7412,0x1F2A3B4C,DXGI,0,0,1,Hardware: Independent Flip,0,9.324706,7.1996,7.1996,0.4210
DemoGame.exe,7412,0x1F2A3B4C,DXGI,0,0,1,Hardware: Independent Flip,0,9.331854,7.1481,7.1481,0.4210
DemoGame.exe,7412,0x1F2A3B4C,DXGI,0,0,1,Hardware: Independent Flip,0,9.338793,6.9396,6.9396,0.4210
DemoGame.exe,7412,0x1F2A3B4C,DXGI,0,0,1,Hardware: Independent Flip,0,9.345789,6.9952,6.9952,0.4210
DemoGame.exe,7412,0x1F2A3B4C,DXGI,0,0,1,Hardware: Independent Flip,0,9.352737,6.9480,6.9480,0.4210
DemoGame.exe,7412,0x1F2A3B4C,DXGI,0,0,1,Hardware: Independent Flip,0,9.359655,6.9180,6.9180,0.4210
DemoGame.exe,7412,0x1F2A3B4C,DXGI,0,0,1,Hardware: Independent Flip,0,9.366484,6.8295,6.8295,0.4210
DemoGame.exe,7412,0x1F2A3B4C,DXGI,0,0,1,Hardware: Independent Flip,0,9.373409,6.9248,6.9248,0.4210
DemoGame.exe,7412,0x1F2A3B4C,DXGI,0,0,1,Hardware: Independent Flip,0,9.380234,6.8256,6.8256,0.4210
DemoGame.exe,7412,0x1F2A3B4C,DXGI,0,0,1,Hardware: Independent Flip,0,9.387151,6.9170,6.9170,0.4210
DemoGame.exe,7412,0x1F2A3B4C,DXGI,0,0,1,Hardware: Independent Flip,0,9.394087,6.9352,6.9352,0.4210
DemoGame.exe,7412,0x1F2A3B4C,DXGI,0,0,1,Hardware: Independent Flip,0,9.400805,6.7182,6.7182,0.4210
DemoGame.exe,7412,0x1F2A3B4C,DXGI,0,0,1,Hardware: Independent Flip,0,9.407475,6.6703,6.6703,0.4210
DemoGame.exe,7412,0x1F2A3B4C,DXGI,0,0,1,Hardware: Independent Flip,0,9.414336,6.8613,6.8613,0.4210
DemoGame.exe,7412,0x1F2A3B4C,DXGI,0,0,1,Hardware: Independent Flip,0,9.421403,7.0662,7.0662,0.4210
DemoGame.exe,7412,0x1F2A3B4C,DXGI,0,0,1,Hardware: Independent Flip,0,9.428397,6.9948,6.9948,0.4210
DemoGame.exe,7412,0x1F2A3B4C,DXGI,0,0,1,Hardware: Independent Flip,0,9.435278,6.8802,6.8802,0.4210
DemoGame.exe,7412,0x1F2A3B4C,DXGI,0,0,1,Hardware: Independent Flip,0,9.442194,6.9167,6.9167,0.4210
DemoGame.exe,7412,0x1F2A3B4C,DXGI,0,0,1,Hardware: Independent Flip,0,9.449436,7.2421,7.2421,0.4210
DemoGame.exe,7412,0x1F2A3B4C,DXGI,0,0,1,Hardware: Independent Flip,0,9.456400,6.9634,6.9634,0.4210
DemoGame.exe,7412,0x1F2A3B4C,DXGI,0,0,1,Hardware: Independent Flip,0,9.463272,6.8719,6.8719,0.4210
DemoGame.exe,7412,0x1F2A3B4C,DXGI,0,0,1,Hardware: Independent Flip,0,9.470428,7.1566,7.1566,0.4210
DemoGame.exe,7412,0x1F2A3B4C,DXGI,0,0,1,Hardware: Independent Flip,0,9.477239,6.8110,6.8110,0.4210
DemoGame.exe,7412,0x1F2A3B4C,DXGI,0,0,1,Hardware: Independent Flip,0,9.484279,7.0399,7.0399,0.4210
DemoGame.exe,7412,0x1F2A3B4C,DXGI,0,0,1,Hardware: Independent Flip,0,9.491105,6.8262,6.8262,0.4210
DemoGame.exe,7412,0x1F2A3B4C,DXGI,0,0,1,Hardware: Independent Flip,0,9.497794,6.6890,6.6890,0.4210
DemoGame.exe,7412,0x1F2A3B4C,DXGI,0,0,1,Hardware: Independent Flip,0,9.505003,7.2089,7.2089,0.4210
DemoGame.exe,7412,0x1F2A3B4C,DXGI,0,0,1,Hardware: Independent Flip,0,9.511709,6.7055,6.7055,0.4210
DemoGame.exe,7412,0x1F2A3B4C,DXGI,0,0,1,Hardware: Independent Flip,0,9.518755,7.0457,7.0457,0.4210
DemoGame.exe,7412,0x1F2A3B4C,DXGI,0,0,1,Hardware: Independent Flip,0,9.525955,7.2008,7.2008,0.4210
DemoGame.exe,7412,0x1F2A3B4C,DXGI,0,0,1,Hardware: Independent Flip,0,9.533033,7.0775,7.0775,0.4210
DemoGame.exe,7412,0x1F2A3B4C,DXGI,0,0,1,Hardware: Independent Flip,0,9.539743,6.7101,6.7101,0.4210
DemoGame.exe,7412,0x1F2A3B4C,DXGI,0,0,1,Hardware: Independent Flip,0,9.546985,7.2420,7.2420,0.4210
DemoGame.exe,7412,0x1F2A3B4C,DXGI,0,0,1,Hardware: Independent Flip,0,9.553952,6.9674,6.9674,0.4210
DemoGame.exe,7412,0x1F2A3B4C,DXGI,0,0,1,Hardware: Independent Flip,0,9.561142,7.1893,7.1893,0.4210
DemoGame.exe,7412,0x1F2A3B4C,DXGI,0,0,1,Hardware: Independent Flip,0,9.567898,6.7563,6.7563,0.4210
DemoGame.exe,7412,0x1F2A3B4C,DXGI,0,0,1,Hardware: Independent Flip,0,9.574943,7.0447,7.0447,0.4210
DemoGame.exe,7412,0x1F2A3B4C,DXGI,0,0,1,Hardware: Independent Flip,0,9.581872,6.9297,6.9297,0.4210
DemoGame.exe,7412,0x1F2A3B4C,DXGI,0,0,1,Hardware: Independent Flip,0,9.588710,6.8373,6.8373,0.4210
DemoGame.exe,7412,0x1F2A3B4C,DXGI,0,0,1,Hardware: Independent Flip,0,9.595557,6.8475,6.8475,0.4210
DemoGame.exe,7412,0x1F2A3B4C,DXGI,0,0,1,Hardware: Independent Flip,0,9.602474,6.9170,6.9170,0.4210
DemoGame.exe,7412,0x1F2A3B4C,DXGI,0,0,1,Hardware: Independent Flip,0,9.609632,7.1579,7.1579,0.4210
DemoGame.exe,7412,0x1F2A3B4C,DXGI,0,0,1,Hardware: Independent Flip,0,9.616648,7.0156,7.0156,0.4210
DemoGame.exe,7412,0x1F2A3B4C,DXGI,0,0,1,Hardware: Independent Flip,0,9.623604,6.9566,6.9566,0.4210
DemoGame.exe,7412,0x1F2A3B4C,DXGI,0,0,1,Hardware: Independent Flip,0,9.630337,6.7332,6.7332,0.4210
DemoGame.exe,7412,0x1F2A3B4C,DXGI,0,0,1,Hardware: Independent Flip,0,9.637432,7.0944,7.0944,0.4210
DemoGame.exe,7412,0x1F2A3B4C,DXGI,0,0,1,Hardware: Independent Flip,0,9.644447,7.0150,7.0150,0.4210
DemoGame.exe,7412,0x1F2A3B4C,DXGI,0,0,1,Hardware: Independent Flip,0,9.651205,6.7582,6.7582,0.4210
DemoGame.exe,7412,0x1F2A3B4C,DXGI,0,0,1,Hardware: Independent Flip,0,9.658071,6.8662,6.8662,0.4210
DemoGame.exe,7412,0x1F2A3B4C,DXGI,0,0,1,Hardware: Independent Flip,0,9.664836,6.7652,6.7652,0.4210
DemoGame.exe,7412,0x1F2A3B4C,DXGI,0,0,1,Hardware: Independent Flip,0,9.671566,6.7294,6.7294,0.4210
DemoGame.exe,7412,0x1F2A3B4C,DXGI,0,0,1,Hardware: Independent Flip,0,9.678562,6.9966,6.9966,0.4210
DemoGame.exe,7412,0x1F2A3B4C,DXGI,0,0,1,Hardware: Independent Flip,0,9.685552,6.9899,6.9899,0.4210
DemoGame.exe,7412,0x1F2A3B4C,DXGI,0,0,1,Hardware: Independent Flip,0,9.692628,7.0759,7.0759,0.4210
DemoGame.exe,7412,0x1F2A3B4C,DXGI,0,0,1,Hardware: Independent Flip,0,9.699486,6.8581,6.8581,0.4210
DemoGame.exe,7412,0x1F2A3B4C,DXGI,0,0,1,Hardware: Independent Flip,0,9.706173,6.6870,6.6870,0.4210
DemoGame.exe,7412,0x1F2A3B4C,DXGI,0,0,1,Hardware: Independent Flip,0,9.713154,6.9811,6.9811,0.4210
DemoGame.exe,7412,0x1F2A3B4C,DXGI,0,0,1,Hardware: Independent Flip,0,9.720298,7.1437,7.1437,0.4210
DemoGame.exe,7412,0x1F2A3B4C,DXGI,0,0,1,Hardware: Independent Flip,0,9.727111,6.8130,6.8130,0.4210
DemoGame.exe,7412,0x1F2A3B4C,DXGI,0,0,1,Hardware: Independent Flip,0,9.734014,6.9030,6.9030,0.4210
DemoGame.exe,7412,0x1F2A3B4C,DXGI,0,0,1,Hardware: Independent Flip,0,9.740967,6.9531,6.9531,0.4210
DemoGame.exe,7412,0x1F2A3B4C,DXGI,0,0,1,Hardware: Independent Flip,0,9.747735,6.7679,6.7679,0.4210
DemoGame.exe,7412,0x1F2A3B4C,DXGI,0,0,1,Hardware: Independent Flip,0,9.754858,7.1231,7.1231,0.4210
DemoGame.exe,7412,0x1F2A3B4C,DXGI,0,0,1,Hardware: Independent Flip,0,9.761727,6.8688,6.8688,0.4210
DemoGame.exe,7412,0x1F2A3B4C,DXGI,0,0,1,Hardware: Independent Flip,0,9.768810,7.0835,7.0835,0.4210
DemoGame.exe,7412,0x1F2A3B4C,DXGI,0,0,1,Hardware: Independent Flip,0,9.775679,6.8691,6.8691,0.4210
DemoGame.exe,7412,0x1F2A3B4C,DXGI,0,0,1,Hardware: Independent Flip,0,9.782400,6.7202,6.7202,0.4210
DemoGame.exe,7412,0x1F2A3B4C,DXGI,0,0,1,Hardware: Independent Flip,0,9.789347,6.9470,6.9470,0.4210
DemoGame.exe,7412,0x1F2A3B4C,DXGI,0,0,1,Hardware: Independent Flip,0,9.796263,6.9161,6.9161,0.4210
DemoGame.exe,7412,0x1F2A3B4C,DXGI,0,0,1,Hardware: Independent Flip,0,9.803217,6.9539,6.9539,0.4210
DemoGame.exe,7412,0x1F2A3B4C,DXGI,0,0,1,Hardware: Independent Flip,0,9.810411,7.1941,7.1941,0.4210
DemoGame.exe,7412,0x1F2A3B4C,DXGI,0,0,1,Hardware: Independent Flip,0,9.817605,7.1944,7.1944,0.4210
DemoGame.exe,7412,0x1F2A3B4C,DXGI,0,0,1,Hardware: Independent Flip,0,9.824329,6.7234,6.7234,0.4210
DemoGame.exe,7412,0x1F2A3B4C,DXGI,0,0,1,Hardware: Independent Flip,0,9.831367,7.0386,7.0386,0.4210
DemoGame.exe,7412,0x1F2A3B4C,DXGI,0,0,1,Hardware: Independent Flip,0,9.838058,6.6904,6.6904,0.4210
DemoGame.exe,7412,0x1F2A3B4C,DXGI,0,0,1,Hardware: Independent Flip,0,9.845016,6.9580,6.9580,0.4210
DemoGame.exe,7412,0x1F2A3B4C,DXGI,0,0,1,Hardware: Independent Flip,0,9.851801,6.7850,6.7850,0.4210
DemoGame.exe,7412,0x1F2A3B4C,DXGI,0,0,1,Hardware: Independent Flip,0,9.858899,7.0984,7.0984,0.4210
DemoGame.exe,7412,0x1F2A3B4C,DXGI,0,0,1,Hardware: Independent Flip,0,9.865850,6.9506,6.9506,0.4210
DemoGame.exe,7412,0x1F2A3B4C,DXGI,0,0,1,Hardware: Independent Flip,0,9.872826,6.9759,6.9759,0.4210
DemoGame.exe,7412,0x1F2A3B4C,DXGI,0,0,1,Hardware: Independent Flip,0,9.879744,6.9180,6.9180,0.4210
DemoGame.exe,7412,0x1F2A3B4C,DXGI,0,0,1,Hardware: Independent Flip,0,9.886838,7.0948,7.0948,0.4210
DemoGame.exe,7412,0x1F2A3B4C,DXGI,0,0,1,Hardware: Independent Flip,0,9.893922,7.0834,7.0834,0.4210
DemoGame.exe,7412,0x1F2A3B4C,DXGI,0,0,1,Hardware: Independent Flip,0,9.900846,6.9245,6.9245,0.4210
DemoGame.exe,7412,0x1F2A3B4C,DXGI,0,0,1,Hardware: Independent Flip,0,9.907961,7.1154,7.1154,0.4210
DemoGame.exe,7412,0x1F2A3B4C,DXGI,0,0,1,Hardware: Independent Flip,0,9.914686,6.7249,6.7249,0.4210
DemoGame.exe,7412,0x1F2A3B4C,DXGI,0,0,1,Hardware: Independent Flip,0,9.921651,6.9643,6.9643,0.4210
DemoGame.exe,7412,0x1F2A3B4C,DXGI,0,0,1,Hardware: Independent Flip,0,9.928461,6.8102,6.8102,0.4210
DemoGame.exe,7412,0x1F2A3B4C,DXGI,0,0,1,Hardware: Independent Flip,0,9.935214,6.7533,6.7533,0.4210
DemoGame.exe,7412,0x1F2A3B4C,DXGI,0,0,1,Hardware: Independent Flip,0,9.942360,7.1463,7.1463,0.4210
DemoGame.exe,7412,0x1F2A3B4C,DXGI,0,0,1,Hardware: Independent Flip,0,9.949380,7.0192,7.0192,0.4210
DemoGame.exe,7412,0x1F2A3B4C,DXGI,0,0,1,Hardware: Independent Flip,0,9.956525,7.1450,7.1450,0.4210
DemoGame.exe,7412,0x1F2A3B4C,DXGI,0,0,1,Hardware: Independent Flip,0,9.963285,6.7607,6.7607,0.4210
DemoGame.exe,7412,0x1F2A3B4C,DXGI,0,0,1,Hardware: Independent Flip,0,9.970464,7.1783,7.1783,0.4210
DemoGame.exe,7412,0x1F2A3B4C,DXGI,0,0,1,Hardware: Independent Flip,0,9.977602,7.1384,7.1384,0.4210
DemoGame.exe,7412,0x1F2A3B4C,DXGI,0,0,1,Hardware: Independent Flip,0,9.984395,6.7930,6.7930,0.4210
DemoGame.exe,7412,0x1F2A3B4C,DXGI,0,0,1,Hardware: Independent Flip,0,9.991074,6.6788,6.6788,0.4210
DemoGame.exe,7412,0x1F2A3B4C,DXGI,0,0,1,Hardware: Independent Flip,0,9.997865,6.7908,6.7908,0.4210
DemoGame.exe,7412,0x1F2A3B4C,DXGI,0,0,1,Hardware: Independent Flip,0,10.004982,7.1171,7.1171,0.4210
DemoGame.exe,7412,0x1F2A3B4C,DXGI,0,0,1,Hardware: Independent Flip,0,10.012090,7.1081,7.1081,0.4210
DemoGame.exe,7412,0x1F2A3B4C,DXGI,0,0,1,Hardware: Independent Flip,0,10.019108,7.0182,7.0182,0.4210
DemoGame.exe,7412,0x1F2A3B4C,DXGI,0,0,1,Hardware: Independent Flip,0,10.025820,6.7121,6.7121,0.4210
DemoGame.exe,7412,0x1F2A3B4C,DXGI,0,0,1,Hardware: Independent Flip,0,10.032906,7.0861,7.0861,0.4210
DemoGame.exe,7412,0x1F2A3B4C,DXGI,0,0,1,Hardware: Independent Flip,0,10.049784,16.8778,16.8778,0.4210
DemoGame.exe,7412,0x1F2A3B4C,DXGI,0,0,1,Hardware: Independent Flip,0,10.056599,6.8151,6.8151,0.4210
DemoGame.exe,7412,0x1F2A3B4C,DXGI,0,0,1,Hardware: Independent Flip,0,10.063378,6.7790,6.7790,0.4210
DemoGame.exe,7412,0x1F2A3B4C,DXGI,0,0,1,Hardware: Independent Flip,0,10.070295,6.9172,6.9172,0.4210
DemoGame.exe,7412,0x1F2A3B4C,DXGI,0,0,1,Hardware: Independent Flip,0,10.077491,7.1953,7.1953,0.4210
DemoGame.exe,7412,0x1F2A3B4C,DXGI,0,0,1,Hardware: Independent Flip,0,10.084520,7.0295,7.0295,0.4210
DemoGame.exe,7412,0x1F2A3B4C,DXGI,0,0,1,Hardware: Independent Flip,0,10.091664,7.1440,7.1440,0.4210
DemoGame.exe,7412,0x1F2A3B4C,DXGI,0,0,1,Hardware: Independent Flip,0,10.098810,7.1460,7.1460,0.4210
DemoGame.exe,7412,0x1F2A3B4C,DXGI,0,0,1,Hardware: Independent Flip,0,10.105937,7.1266,7.1266,0.4210
DemoGame.exe,7412,0x1F2A3B4C,DXGI,0,0,1,Hardware: Independent Flip,0,10.112774,6.8371,6.8371,0.4210
DemoGame.exe,7412,0x1F2A3B4C,DXGI,0,0,1,Hardware: Independent Flip,0,10.119855,7.0811,7.0811,0.4210
DemoGame.exe,7412,0x1F2A3B4C,DXGI,0,0,1,Hardware: Independent Flip,0,10.127084,7.2291,7.2291,0.4210
DemoGame.exe,7412,0x1F2A3B4C,DXGI,0,0,1,Hardware: Independent Flip,0,10.134186,7.1023,7.1023,0.4210
DemoGame.exe,7412,0x1F2A3B4C,DXGI,0,0,1,Hardware: Independent Flip,0,10.141115,6.9286,6.9286,0.4210
DemoGame.exe,7412,0x1F2A3B4C,DXGI,0,0,1,Hardware: Independent Flip,0,10.147958,6.8427,6.8427,0.4210
DemoGame.exe,7412,0x1F2A3B4C,DXGI,0,0,1,Hardware: Independent Flip,0,10.154955,6.9974,6.9974,0.4210
DemoGame.exe,7412,0x1F2A3B4C,DXGI,0,0,1,Hardware: Independent Flip,0,10.161958,7.0026,7.0026,0.4210
DemoGame.exe,7412,0x1F2A3B4C,DXGI,0,0,1,Hardware: Independent Flip,0,10.169106,7.1488,7.1488,0.4210
DemoGame.exe,7412,0x1F2A3B4C,DXGI,0,0,1,Hardware: Independent Flip,0,10.176260,7.1540,7.1540,0.4210
DemoGame.exe,7412,0x1F2A3B4C,DXGI,0,0,1,Hardware: Independent Flip,0,10.183098,6.8376,6.8376,0.4210
DemoGame.exe,7412,0x1F2A3B4C,DXGI,0,0,1,Hardware: Independent Flip,0,10.190112,7.0138,7.0138,0.4210
DemoGame.exe,7412,0x1F2A3B4C,DXGI,0,0,1,Hardware: Independent Flip,0,10.197290,7.1787,7.1787,0.4210
DemoGame.exe,7412,0x1F2A3B4C,DXGI,0,0,1,Hardware: Independent Flip,0,10.203984,6.6931,6.6931,0.4210
DemoGame.exe,7412,0x1F2A3B4C,DXGI,0,0,1,Hardware: Independent Flip,0,10.211061,7.0777,7.0777,0.4210
DemoGame.exe,7412,0x1F2A3B4C,DXGI,0,0,1,Hardware: Independent Flip,0,10.217850,6.7891,6.7891,0.4210
DemoGame.exe,7412,0x1F2A3B4C,DXGI,0,0,1,Hardware: Independent Flip,0,10.224995,7.1441,7.1441,0.4210
DemoGame.exe,7412,0x1F2A3B4C,DXGI,0,0,1,Hardware: Independent Flip,0,10.232136,7.1414,7.1414,0.4210
DemoGame.exe,7412,0x1F2A3B4C,DXGI,0,0,1,Hardware: Independent Flip,0,10.239059,6.9233,6.9233,0.4210
DemoGame.exe,7412,0x1F2A3B4C,DXGI,0,0,1,Hardware: Independent Flip,0,10.246297,7.2382,7.2382,0.4210
DemoGame.exe,7412,0x1F2A3B4C,DXGI,0,0,1,Hardware: Independent Flip,0,10.253523,7.2254,7.2254,0.4210
DemoGame.exe,7412,0x1F2A3B4C,DXGI,0,0,1,Hardware: Independent Flip,0,10.260609,7.0865,7.0865,0.4210
DemoGame.exe,7412,0x1F2A3B4C,DXGI,0,0,1,Hardware: Independent Flip,0,10.267811,7.2017,7.2017,0.4210
DemoGame.exe,7412,0x1F2A3B4C,DXGI,0,0,1,Hardware: Independent Flip,0,10.274661,6.8499,6.8499,0.4210
DemoGame.exe,7412,0x1F2A3B4C,DXGI,0,0,1,Hardware: Independent Flip,0,10.281314,6.6527,6.6527,0.4210
DemoGame.exe,7412,0x1F2A3B4C,DXGI,0,0,1,Hardware: Independent Flip,0,10.288485,7.1711,7.1711,0.4210
DemoGame.exe,7412,0x1F2A3B4C,DXGI,0,0,1,Hardware: Independent Flip,0,10.295238,6.7534,6.7534,0.4210
DemoGame.exe,7412,0x1F2A3B4C,DXGI,0,0,1,Hardware: Independent Flip,0,10.302218,6.9804,6.9804,0.4210
DemoGame.exe,7412,0x1F2A3B4C,DXGI,0,0,1,Hardware: Independent Flip,0,10.309270,7.0516,7.0516,0.4210
DemoGame.exe,7412,0x1F2A3B4C,DXGI,0,0,1,Hardware: Independent Flip,0,10.316283,7.0130,7.0130,0.4210
DemoGame.exe,7412,0x1F2A3B4C,DXGI,0,0,1,Hardware: Independent Flip,0,10.323308,7.0247,7.0247,0.4210
DemoGame.exe,7412,0x1F2A3B4C,DXGI,0,0,1,Hardware: Independent Flip,0,10.330161,6.8533,6.8533,0.4210
DemoGame.exe,7412,0x1F2A3B4C,DXGI,0,0,1,Hardware: Independent Flip,0,10.336805,6.6443,6.6443,0.4210
DemoGame.exe,7412,0x1F2A3B4C,DXGI,0,0,1,Hardware: Independent Flip,0,10.343942,7.1366,7.1366,0.4210
DemoGame.exe,7412,0x1F2A3B4C,DXGI,0,0,1,Hardware: Independent Flip,0,10.350894,6.9519,6.9519,0.4210
DemoGame.exe,7412,0x1F2A3B4C,DXGI,0,0,1,Hardware: Independent Flip,0,10.357817,6.9236,6.9236,0.4210
DemoGame.exe,7412,0x1F2A3B4C,DXGI,0,0,1,Hardware: Independent Flip,0,10.365011,7.1932,7.1932,0.4210
DemoGame.exe,7412,0x1F2A3B4C,DXGI,0,0,1,Hardware: Independent Flip,0,10.371691,6.6801,6.6801,0.4210
DemoGame.exe,7412,0x1F2A3B4C,DXGI,0,0,1,Hardware: Independent Flip,0,10.378799,7.1084,7.1084,0.4210
DemoGame.exe,7412,0x1F2A3B4C,DXGI,0,0,1,Hardware: Independent Flip,0,10.385879,7.0801,7.0801,0.4210
DemoGame.exe,7412,0x1F2A3B4C,DXGI,0,0,1,Hardware: Independent Flip,0,10.392917,7.0375,7.0375,0.4210
DemoGame.exe,7412,0x1F2A3B4C,DXGI,0,0,1,Hardware: Independent Flip,0,10.399675,6.7584,6.7584,0.4210
DemoGame.exe,7412,0x1F2A3B4C,DXGI,0,0,1,Hardware: Independent Flip,0,10.406879,7.2033,7.2033,0.4210
DemoGame.exe,7412,0x1F2A3B4C,DXGI,0,0,1,Hardware: Independent Flip,0,10.413987,7.1082,7.1082,0.4210
DemoGame.exe,7412,0x1F2A3B4C,DXGI,0,0,1,Hardware: Independent Flip,0,10.421105,7.1184,7.1184,0.4210
DemoGame.exe,7412,0x1F2A3B4C,DXGI,0,0,1,Hardware: Independent Flip,0,10.427822,6.7163,6.7163,0.4210
DemoGame.exe,7412,0x1F2A3B4C,DXGI,0,0,1,Hardware: Independent Flip,0,10.435043,7.2216,7.2216,0.4210
DemoGame.exe,7412,0x1F2A3B4C,DXGI,0,0,1,Hardware: Independent Flip,0,10.441809,6.7659,6.7659,0.4210
DemoGame.exe,7412,0x1F2A3B4C,DXGI,0,0,1,Hardware: Independent Flip,0,10.448754,6.9453,6.9453,0.4210
DemoGame.exe,7412,0x1F2A3B4C,DXGI,0,0,1,Hardware: Independent Flip,0,10.455526,6.7722,6.7722,0.4210
DemoGame.exe,7412,0x1F2A3B4C,DXGI,0,0,1,Hardware: Independent Flip,0,10.462222,6.6951,6.6951,0.4210
DemoGame.exe,7412,0x1F2A3B4C,DXGI,0,0,1,Hardware: Independent Flip,0,10.594937,132.7156,132.7156,0.4210
DemoGame.exe,7412,0x1F2A3B4C,DXGI,0,0,1,Hardware: Independent Flip,0,10.602089,7.1518,7.1518,0.4210
DemoGame.exe,7412,0x1F2A3B4C,DXGI,0,0,1,Hardware: Independent Flip,0,10.609234,7.1453,7.1453,0.4210
DemoGame.exe,7412,0x1F2A3B4C,DXGI,0,0,1,Hardware: Independent Flip,0,10.616229,6.9946,6.9946,0.4210
DemoGame.exe,7412,0x1F2A3B4C,DXGI,0,0,1,Hardware: Independent Flip,0,10.623352,7.1235,7.1235,0.4210
DemoGame.exe,7412,0x1F2A3B4C,DXGI,0,0,1,Hardware: Independent Flip,0,10.630375,7.0232,7.0232,0.4210
DemoGame.exe,7412,0x1F2A3B4C,DXGI,0,0,1,Hardware: Independent Flip,0,10.637469,7.0936,7.0936,0.4210
DemoGame.exe,7412,0x1F2A3B4C,DXGI,0,0,1,Hardware: Independent Flip,0,10.644471,7.0015,7.0015,0.4210
DemoGame.exe,7412,0x1F2A3B4C,DXGI,0,0,1,Hardware: Independent Flip,0,10.651204,6.7333,6.7333,0.4210
DemoGame.exe,7412,0x1F2A3B4C,DXGI,0,0,1,Hardware: Independent Flip,0,10.657865,6.6610,6.6610,0.4210
DemoGame.exe,7412,0x1F2A3B4C,DXGI,0,0,1,Hardware: Independent Flip,0,10.665060,7.1950,7.1950,0.4210
DemoGame.exe,7412,0x1F2A3B4C,DXGI,0,0,1,Hardware: Independent Flip,0,10.671840,6.7798,6.7798,0.4210
DemoGame.exe,7412,0x1F2A3B4C,DXGI,0,0,1,Hardware: Independent Flip,0,10.678613,6.7733,6.7733,0.4210
DemoGame.exe,7412,0x1F2A3B4C,DXGI,0,0,1,Hardware: Independent Flip,0,10.685841,7.2284,7.2284,0.4210
DemoGame.exe,7412,0x1F2A3B4C,DXGI,0,0,1,Hardware: Independent Flip,0,10.692855,7.0135,7.0135,0.4210
DemoGame.exe,7412,0x1F2A3B4C,DXGI,0,0,1,Hardware: Independent Flip,0,10.699541,6.6861,6.6861,0.4210
DemoGame.exe,7412,0x1F2A3B4C,DXGI,0,0,1,Hardware: Independent Flip,0,10.706526,6.9853,6.9853,0.4210
DemoGame.exe,7412,0x1F2A3B4C,DXGI,0,0,1,Hardware: Independent Flip,0,10.713324,6.7981,6.7981,0.4210
DemoGame.exe,7412,0x1F2A3B4C,DXGI,0,0,1,Hardware: Independent Flip,0,10.720164,6.8398,6.8398,0.4210
DemoGame.exe,7412,0x1F2A3B4C,DXGI,0,0,1,Hardware: Independent Flip,0,10.727272,7.1080,7.1080,0.4210
DemoGame.exe,7412,0x1F2A3B4C,DXGI,0,0,1,Hardware: Independent Flip,0,10.733949,6.6770,6.6770,0.4210
DemoGame.exe,7412,0x1F2A3B4C,DXGI,0,0,1,Hardware: Independent Flip,0,10.741036,7.0872,7.0872,0.4210
DemoGame.exe,7412,0x1F2A3B4C,DXGI,0,0,1,Hardware: Independent Flip,0,10.747881,6.8447,6.8447,0.4210
DemoGame.exe,7412,0x1F2A3B4C,DXGI,0,0,1,Hardware: Independent Flip,0,10.754992,7.1109,7.1109,0.4210
DemoGame.exe,7412,0x1F2A3B4C,DXGI,0,0,1,Hardware: Independent Flip,0,10.762119,7.1272,7.1272,0.4210
DemoGame.exe,7412,0x1F2A3B4C,DXGI,0,0,1,Hardware: Independent Flip,0,10.768856,6.7375,6.7375,0.4210
DemoGame.exe,7412,0x1F2A3B4C,DXGI,0,0,1,Hardware: Independent Flip,0,10.775832,6.9755,6.9755,0.4210
DemoGame.exe,7412,0x1F2A3B4C,DXGI,0,0,1,Hardware: Independent Flip,0,10.783012,7.1804,7.1804,0.4210
DemoGame.exe,7412,0x1F2A3B4C,DXGI,0,0,1,Hardware: Independent Flip,0,10.790206,7.1936,7.1936,0.4210
DemoGame.exe,7412,0x1F2A3B4C,DXGI,0,0,1,Hardware: Independent Flip,0,10.797437,7.2314,7.2314,0.4210
DemoGame.exe,7412,0x1F2A3B4C,DXGI,0,0,1,Hardware: Independent Flip,0,10.804116,6.6791,6.6791,0.4210
DemoGame.exe,7412,0x1F2A3B4C,DXGI,0,0,1,Hardware: Independent Flip,0,10.811040,6.9235,6.9235,0.4210
DemoGame.exe,7412,0x1F2A3B4C,DXGI,0,0,1,Hardware: Independent Flip,0,10.818002,6.9619,6.9619,0.4210
DemoGame.exe,7412,0x1F2A3B4C,DXGI,0,0,1,Hardware: Independent Flip,0,10.825138,7.1366,7.1366,0.4210
DemoGame.exe,7412,0x1F2A3B4C,DXGI,0,0,1,Hardware: Independent Flip,0,10.832371,7.2326,7.2326,0.4210
DemoGame.exe,7412,0x1F2A3B4C,DXGI,0,0,1,Hardware: Independent Flip,0,10.839108,6.7365,6.7365,0.4210
DemoGame.exe,7412,0x1F2A3B4C,DXGI,0,0,1,Hardware: Independent Flip,0,10.846343,7.2353,7.2353,0.4210
DemoGame.exe,7412,0x1F2A3B4C,DXGI,0,0,1,Hardware: Independent Flip,0,10.853544,7.2013,7.2013,0.4210
DemoGame.exe,7412,0x1F2A3B4C,DXGI,0,0,1,Hardware: Independent Flip,0,10.860588,7.0441,7.0441,0.4210
DemoGame.exe,7412,0x1F2A3B4C,DXGI,0,0,1,Hardware: Independent Flip,0,10.867402,6.8141,6.8141,0.4210
DemoGame.exe,7412,0x1F2A3B4C,DXGI,0,0,1,Hardware: Independent Flip,0,10.874233,6.8305,6.8305,0.4210
DemoGame.exe,7412,0x1F2A3B4C,DXGI,0,0,1,Hardware: Independent Flip,0,10.880984,6.7509,6.7509,0.4210
DemoGame.exe,7412,0x1F2A3B4C,DXGI,0,0,1,Hardware: Independent Flip,0,10.887975,6.9908,6.9908,0.4210
DemoGame.exe,7412,0x1F2A3B4C,DXGI,0,0,1,Hardware: Independent Flip,0,10.894995,7.0205,7.0205,0.4210
DemoGame.exe,7412,0x1F2A3B4C,DXGI,0,0,1,Hardware: Independent Flip,0,10.901803,6.8074,6.8074,0.4210
DemoGame.exe,7412,0x1F2A3B4C,DXGI,0,0,1,Hardware: Independent Flip,0,10.908870,7.0675,7.0675,0.4210
DemoGame.exe,7412,0x1F2A3B4C,DXGI,0,0,1,Hardware: Independent Flip,0,10.915849,6.9789,6.9789,0.4210
DemoGame.exe,7412,0x1F2A3B4C,DXGI,0,0,1,Hardware: Independent Flip,0,10.922983,7.1341,7.1341,0.4210
DemoGame.exe,7412,0x1F2A3B4C,DXGI,0,0,1,Hardware: Independent Flip,0,10.929930,6.9468,6.9468,0.4210
DemoGame.exe,7412,0x1F2A3B4C,DXGI,0,0,1,Hardware: Independent Flip,0,10.937109,7.1795,7.1795,0.4210
DemoGame.exe,7412,0x1F2A3B4C,DXGI,0,0,1,Hardware: Independent Flip,0,10.944134,7.0247,7.0247,0.4210
DemoGame.exe,7412,0x1F2A3B4C,DXGI,0,0,1,Hardware: Independent Flip,0,10.950925,6.7912,6.7912,0.4210
DemoGame.exe,7412,0x1F2A3B4C,DXGI,0,0,1,Hardware: Independent Flip,0,10.958102,7.1763,7.1763,0.4210
DemoGame.exe,7412,0x1F2A3B4C,DXGI,0,0,1,Hardware: Independent Flip,0,10.964933,6.8311,6.8311,0.4210
DemoGame.exe,7412,0x1F2A3B4C,DXGI,0,0,1,Hardware: Independent Flip,0,10.972032,7.0991,7.0991,0.4210
DemoGame.exe,7412,0x1F2A3B4C,DXGI,0,0,1,Hardware: Independent Flip,0,10.979053,7.0216,7.0216,0.4210
DemoGame.exe,7412,0x1F2A3B4C,DXGI,0,0,1,Hardware: Independent Flip,0,10.986004,6.9511,6.9511,0.4210
DemoGame.exe,7412,0x1F2A3B4C,DXGI,0,0,1,Hardware: Independent Flip,0,10.992683,6.6784,6.6784,0.4210
DemoGame.exe,7412,0x1F2A3B4C,DXGI,0,0,1,Hardware: Independent Flip,0,10.999794,7.1113,7.1113,0.4210
DemoGame.exe,7412,0x1F2A3B4C,DXGI,0,0,1,Hardware: Independent Flip,0,11.006824,7.0300,7.0300,0.4210
DemoGame.exe,7412,0x1F2A3B4C,DXGI,0,0,1,Hardware: Independent Flip,0,11.013516,6.6917,6.6917,0.4210
DemoGame.exe,7412,0x1F2A3B4C,DXGI,0,0,1,Hardware: Independent Flip,0,11.020673,7.1573,7.1573,0.4210
DemoGame.exe,7412,0x1F2A3B4C,DXGI,0,0,1,Hardware: Independent Flip,0,11.027725,7.0519,7.0519,0.4210
DemoGame.exe,7412,0x1F2A3B4C,DXGI,0,0,1,Hardware: Independent Flip,0,11.034471,6.7458,6.7458,0.4210
DemoGame.exe,7412,0x1F2A3B4C,DXGI,0,0,1,Hardware: Independent Flip,0,11.041697,7.2258,7.2258,0.4210
DemoGame.exe,7412,0x1F2A3B4C,DXGI,0,0,1,Hardware: Independent Flip,0,11.048612,6.9155,6.9155,0.4210
DemoGame.exe,7412,0x1F2A3B4C,DXGI,0,0,1,Hardware: Independent Flip,0,11.055674,7.0619,7.0619,0.4210
DemoGame.exe,7412,0x1F2A3B4C,DXGI,0,0,1,Hardware: Independent Flip,0,11.062555,6.8807,6.8807,0.4210
DemoGame.exe,7412,0x1F2A3B4C,DXGI,0,0,1,Hardware: Independent Flip,0,11.069794,7.2398,7.2398,0.4210
DemoGame.exe,7412,0x1F2A3B4C,DXGI,0,0,1,Hardware: Independent Flip,0,11.076715,6.9210,6.9210,0.4210
DemoGame.exe,7412,0x1F2A3B4C,DXGI,0,0,1,Hardware: Independent Flip,0,11.083410,6.6948,6.6948,0.4210
DemoGame.exe,7412,0x1F2A3B4C,DXGI,0,0,1,Hardware: Independent Flip,0,11.090438,7.0279,7.0279,0.4210
DemoGame.exe,7412,0x1F2A3B4C,DXGI,0,0,1,Hardware: Independent Flip,0,11.097436,6.9980,6.9980,0.4210
DemoGame.exe,7412,0x1F2A3B4C,DXGI,0,0,1,Hardware: Independent Flip,0,11.104106,6.6697,6.6697,0.4210
DemoGame.exe,7412,0x1F2A3B4C,DXGI,0,0,1,Hardware: Independent Flip,0,11.111027,6.9215,6.9215,0.4210
DemoGame.exe,7412,0x1F2A3B4C,DXGI,0,0,1,Hardware: Independent Flip,0,11.118197,7.1701,7.1701,0.4210
DemoGame.exe,7412,0x1F2A3B4C,DXGI,0,0,1,Hardware: Independent Flip,0,11.124938,6.7403,6.7403,0.4210
DemoGame.exe,7412,0x1F2A3B4C,DXGI,0,0,1,Hardware: Independent Flip,0,11.132006,7.0682,7.0682,0.4210
DemoGame.exe,7412,0x1F2A3B4C,DXGI,0,0,1,Hardware: Independent Flip,0,11.138953,6.9475,6.9475,0.4210
DemoGame.exe,7412,0x1F2A3B4C,DXGI,0,0,1,Hardware: Independent Flip,0,11.145657,6.7037,6.7037,0.4210
DemoGame.exe,7412,0x1F2A3B4C,DXGI,0,0,1,Hardware: Independent Flip,0,11.152660,7.0026,7.0026,0.4210
DemoGame.exe,7412,0x1F2A3B4C,DXGI,0,0,1,Hardware: Independent Flip,0,11.159745,7.0854,7.0854,0.4210
DemoGame.exe,7412,0x1F2A3B4C,DXGI,0,0,1,Hardware: Independent Flip,0,11.166623,6.8776,6.8776,0.4210
DemoGame.exe,7412,0x1F2A3B4C,DXGI,0,0,1,Hardware: Independent Flip,0,11.173281,6.6581,6.6581,0.4210
DemoGame.exe,7412,0x1F2A3B4C,DXGI,0,0,1,Hardware: Independent Flip,0,11.180132,6.8508,6.8508,0.4210
DemoGame.exe,7412,0x1F2A3B4C,DXGI,0,0,1,Hardware: Independent Flip,0,11.187263,7.1320,7.1320,0.4210
DemoGame.exe,7412,0x1F2A3B4C,DXGI,0,0,1,Hardware: Independent Flip,0,11.194255,6.9912,6.9912,0.4210
DemoGame.exe,7412,0x1F2A3B4C,DXGI,0,0,1,Hardware: Independent Flip,0,11.201029,6.7748,6.7748,0.4210
DemoGame.exe,7412,0x1F2A3B4C,DXGI,0,0,1,Hardware: Independent Flip,0,11.207711,6.6815,6.6815,0.4210
DemoGame.exe,7412,0x1F2A3B4C,DXGI,0,0,1,Hardware: Independent Flip,0,11.214566,6.8550,6.8550,0.4210
DemoGame.exe,7412,0x1F2A3B4C,DXGI,0,0,1,Hardware: Independent Flip,0,11.221595,7.0295,7.0295,0.4210
DemoGame.exe,7412,0x1F2A3B4C,DXGI,0,0,1,Hardware: Independent Flip,0,11.228796,7.2010,7.2010,0.4210
DemoGame.exe,7412,0x1F2A3B4C,DXGI,0,0,1,Hardware: Independent Flip,0,11.235530,6.7340,6.7340,0.4210
DemoGame.exe,7412,0x1F2A3B4C,DXGI,0,0,1,Hardware: Independent Flip,0,11.242189,6.6582,6.6582,0.4210
DemoGame.exe,7412,0x1F2A3B4C,DXGI,0,0,1,Hardware: Independent Flip,0,11.248955,6.7664,6.7664,0.4210
DemoGame.exe,7412,0x1F2A3B4C,DXGI,0,0,1,Hardware: Independent Flip,0,11.255872,6.9173,6.9173,0.4210
DemoGame.exe,7412,0x1F2A3B4C,DXGI,0,0,1,Hardware: Independent Flip,0,11.262815,6.9430,6.9430,0.4210
DemoGame.exe,7412,0x1F2A3B4C,DXGI,0,0,1,Hardware: Independent Flip,0,11.269704,6.8890,6.8890,0.4210
DemoGame.exe,7412,0x1F2A3B4C,DXGI,0,0,1,Hardware: Independent Flip,0,11.276743,7.0387,7.0387,0.4210
DemoGame.exe,7412,0x1F2A3B4C,DXGI,0,0,1,Hardware: Independent Flip,0,11.283879,7.1359,7.1359,0.4210
DemoGame.exe,7412,0x1F2A3B4C,DXGI,0,0,1,Hardware: Independent Flip,0,11.290528,6.6497,6.6497,0.4210
DemoGame.exe,7412,0x1F2A3B4C,DXGI,0,0,1,Hardware: Independent Flip,0,11.297271,6.7422,6.7422,0.4210
DemoGame.exe,7412,0x1F2A3B4C,DXGI,0,0,1,Hardware: Independent Flip,0,11.304409,7.1383,7.1383,0.4210
DemoGame.exe,7412,0x1F2A3B4C,DXGI,0,0,1,Hardware: Independent Flip,0,11.311079,6.6698,6.6698,0.4210
DemoGame.exe,7412,0x1F2A3B4C,DXGI,0,0,1,Hardware: Independent Flip,0,11.318208,7.1287,7.1287,0.4210
DemoGame.exe,7412,0x1F2A3B4C,DXGI,0,0,1,Hardware: Independent Flip,0,11.325448,7.2408,7.2408,0.4210
DemoGame.exe,7412,0x1F2A3B4C,DXGI,0,0,1,Hardware: Independent Flip,0,11.332485,7.0372,7.0372,0.4210
DemoGame.exe,7412,0x1F2A3B4C,DXGI,0,0,1,Hardware: Independent Flip,0,11.339636,7.1506,7.1506,0.4210
DemoGame.exe,7412,0x1F2A3B4C,DXGI,0,0,1,Hardware: Independent Flip,0,11.346790,7.1536,7.1536,0.4210
DemoGame.exe,7412,0x1F2A3B4C,DXGI,0,0,1,Hardware: Independent Flip,0,11.353963,7.1730,7.1730,0.4210
DemoGame.exe,7412,0x1F2A3B4C,DXGI,0,0,1,Hardware: Independent Flip,0,11.360888,6.9252,6.9252,0.4210
DemoGame.exe,7412,0x1F2A3B4C,DXGI,0,0,1,Hardware: Independent Flip,0,11.368015,7.1269,7.1269,0.4210
DemoGame.exe,7412,0x1F2A3B4C,DXGI,0,0,1,Hardware: Independent Flip,0,11.374990,6.9749,6.9749,0.4210
DemoGame.exe,7412,0x1F2A3B4C,DXGI,0,0,1,Hardware: Independent Flip,0,11.382041,7.0517,7.0517,0.4210
DemoGame.exe,7412,0x1F2A3B4C,DXGI,0,0,1,Hardware: Independent Flip,0,11.388713,6.6714,6.6714,0.4210
DemoGame.exe,7412,0x1F2A3B4C,DXGI,0,0,1,Hardware: Independent Flip,0,11.395563,6.8503,6.8503,0.4210
DemoGame.exe,7412,0x1F2A3B4C,DXGI,0,0,1,Hardware: Independent Flip,0,11.402487,6.9237,6.9237,0.4210
DemoGame.exe,7412,0x1F2A3B4C,DXGI,0,0,1,Hardware: Independent Flip,0,11.409524,7.0379,7.0379,0.4210
DemoGame.exe,7412,0x1F2A3B4C,DXGI,0,0,1,Hardware: Independent Flip,0,11.416664,7.1391,7.1391,0.4210
DemoGame.exe,7412,0x1F2A3B4C,DXGI,0,0,1,Hardware: Independent Flip,0,11.423401,6.7378,6.7378,0.4210
DemoGame.exe,7412,0x1F2A3B4C,DXGI,0,0,1,Hardware: Independent Flip,0,11.430570,7.1684,7.1684,0.4210
DemoGame.exe,7412,0x1F2A3B4C,DXGI,0,0,1,Hardware: Independent Flip,0,11.437501,6.9311,6.9311,0.4210
DemoGame.exe,7412,0x1F2A3B4C,DXGI,0,0,1,Hardware: Independent Flip,0,11.444344,6.8431,6.8431,0.4210
DemoGame.exe,7412,0x1F2A3B4C,DXGI,0,0,1,Hardware: Independent Flip,0,11.451373,7.0288,7.0288,0.4210
DemoGame.exe,7412,0x1F2A3B4C,DXGI,0,0,1,Hardware: Independent Flip,0,11.458508,7.1355,7.1355,0.4210
DemoGame.exe,7412,0x1F2A3B4C,DXGI,0,0,1,Hardware: Independent Flip,0,11.465246,6.7378,6.7378,0.4210
DemoGame.exe,7412,0x1F2A3B4C,DXGI,0,0,1,Hardware: Independent Flip,0,11.472184,6.9379,6.9379,0.4210
DemoGame.exe,7412,0x1F2A3B4C,DXGI,0,0,1,Hardware: Independent Flip,0,11.479168,6.9838,6.9838,0.4210
DemoGame.exe,7412,0x1F2A3B4C,DXGI,0,0,1,Hardware: Independent Flip,0,11.486315,7.1473,7.1473,0.4210
DemoGame.exe,7412,0x1F2A3B4C,DXGI,0,0,1,Hardware: Independent Flip,0,11.492963,6.6482,6.6482,0.4210
DemoGame.exe,7412,0x1F2A3B4C,DXGI,0,0,1,Hardware: Independent Flip,0,11.499835,6.8711,6.8711,0.4210
DemoGame.exe,7412,0x1F2A3B4C,DXGI,0,0,1,Hardware: Independent Flip,0,11.506930,7.0953,7.0953,0.4210
DemoGame.exe,7412,0x1F2A3B4C,DXGI,0,0,1,Hardware: Independent Flip,0,11.513603,6.6735,6.6735,0.4210
DemoGame.exe,7412,0x1F2A3B4C,DXGI,0,0,1,Hardware: Independent Flip,0,11.520659,7.0556,7.0556,0.4210
DemoGame.exe,7412,0x1F2A3B4C,DXGI,0,0,1,Hardware: Independent Flip,0,11.527357,6.6980,6.6980,0.4210
DemoGame.exe,7412,0x1F2A3B4C,DXGI,0,0,1,Hardware: Independent Flip,0,11.534261,6.9044,6.9044,0.4210
DemoGame.exe,7412,0x1F2A3B4C,DXGI,0,0,1,Hardware: Independent Flip,0,11.541452,7.1911,7.1911,0.4210
DemoGame.exe,7412,0x1F2A3B4C,DXGI,0,0,1,Hardware: Independent Flip,0,11.548304,6.8517,6.8517,0.4210
DemoGame.exe,7412,0x1F2A3B4C,DXGI,0,0,1,Hardware: Independent Flip,0,11.555078,6.7733,6.7733,0.4210
DemoGame.exe,7412,0x1F2A3B4C,DXGI,0,0,1,Hardware: Independent Flip,0,11.561932,6.8540,6.8540,0.4210
DemoGame.exe,7412,0x1F2A3B4C,DXGI,0,0,1,Hardware: Independent Flip,0,11.568670,6.7388,6.7388,0.4210
DemoGame.exe,7412,0x1F2A3B4C,DXGI,0,0,1,Hardware: Independent Flip,0,11.575755,7.0846,7.0846,0.4210
DemoGame.exe,7412,0x1F2A3B4C,DXGI,0,0,1,Hardware: Independent Flip,0,11.582620,6.8652,6.8652,0.4210
DemoGame.exe,7412,0x1F2A3B4C,DXGI,0,0,1,Hardware: Independent Flip,0,11.589373,6.7525,6.7525,0.4210
DemoGame.exe,7412,0x1F2A3B4C,DXGI,0,0,1,Hardware: Independent Flip,0,11.596546,7.1738,7.1738,0.4210
DemoGame.exe,7412,0x1F2A3B4C,DXGI,0,0,1,Hardware: Independent Flip,0,11.603693,7.1466,7.1466,0.4210
DemoGame.exe,7412,0x1F2A3B4C,DXGI,0,0,1,Hardware: Independent Flip,0,11.610563,6.8701,6.8701,0.4210
DemoGame.exe,7412,0x1F2A3B4C,DXGI,0,0,1,Hardware: Independent Flip,0,11.617489,6.9263,6.9263,0.4210
DemoGame.exe,7412,0x1F2A3B4C,DXGI,0,0,1,Hardware: Independent Flip,0,11.624720,7.2308,7.2308,0.4210
DemoGame.exe,7412,0x1F2A3B4C,DXGI,0,0,1,Hardware: Independent Flip,0,11.631880,7.1601,7.1601,0.4210
DemoGame.exe,7412,0x1F2A3B4C,DXGI,0,0,1,Hardware: Independent Flip,0,11.639118,7.2376,7.2376,0.4210
DemoGame.exe,7412,0x1F2A3B4C,DXGI,0,0,1,Hardware: Independent Flip,0,11.646267,7.1491,7.1491,0.4210
DemoGame.exe,7412,0x1F2A3B4C,DXGI,0,0,1,Hardware: Independent Flip,0,11.653261,6.9939,6.9939,0.4210
DemoGame.exe,7412,0x1F2A3B4C,DXGI,0,0,1,Hardware: Independent Flip,0,11.660206,6.9448,6.9448,0.4210
DemoGame.exe,7412,0x1F2A3B4C,DXGI,0,0,1,Hardware: Independent Flip,0,11.667417,7.2115,7.2115,0.4210
DemoGame.exe,7412,0x1F2A3B4C,DXGI,0,0,1,Hardware: Independent Flip,0,11.674380,6.9626,6.9626,0.4210
DemoGame.exe,7412,0x1F2A3B4C,DXGI,0,0,1,Hardware: Independent Flip,0,11.681523,7.1431,7.1431,0.4210
DemoGame.exe,7412,0x1F2A3B4C,DXGI,0,0,1,Hardware: Independent Flip,0,11.688276,6.7535,6.7535,0.4210
DemoGame.exe,7412,0x1F2A3B4C,DXGI,0,0,1,Hardware: Independent Flip,0,11.695055,6.7784,6.7784,0.4210
DemoGame.exe,7412,0x1F2A3B4C,DXGI,0,0,1,Hardware: Independent Flip,0,11.702090,7.0349,7.0349,0.4210
DemoGame.exe,7412,0x1F2A3B4C,DXGI,0,0,1,Hardware: Independent Flip,0,11.709037,6.9468,6.9468,0.4210
DemoGame.exe,7412,0x1F2A3B4C,DXGI,0,0,1,Hardware: Independent Flip,0,11.715734,6.6974,6.6974,0.4210
DemoGame.exe,7412,0x1F2A3B4C,DXGI,0,0,1,Hardware: Independent Flip,0,11.722381,6.6472,6.6472,0.4210
DemoGame.exe,7412,0x1F2A3B4C,DXGI,0,0,1,Hardware: Independent Flip,0,11.729531,7.1494,7.1494,0.4210
DemoGame.exe,7412,0x1F2A3B4C,DXGI,0,0,1,Hardware: Independent Flip,0,11.736476,6.9459,6.9459,0.4210
DemoGame.exe,7412,0x1F2A3B4C,DXGI,0,0,1,Hardware: Independent Flip,0,11.743550,7.0739,7.0739,0.4210
DemoGame.exe,7412,0x1F2A3B4C,DXGI,0,0,1,Hardware: Independent Flip,0,11.750648,7.0973,7.0973,0.4210
DemoGame.exe,7412,0x1F2A3B4C,DXGI,0,0,1,Hardware: Independent Flip,0,11.757811,7.1633,7.1633,0.4210
DemoGame.exe,7412,0x1F2A3B4C,DXGI,0,0,1,Hardware: Independent Flip,0,11.764809,6.9976,6.9976,0.4210
DemoGame.exe,7412,0x1F2A3B4C,DXGI,0,0,1,Hardware: Independent Flip,0,11.771820,7.0110,7.0110,0.4210
DemoGame.exe,7412,0x1F2A3B4C,DXGI,0,0,1,Hardware: Independent Flip,0,11.778723,6.9032,6.9032,0.4210
DemoGame.exe,7412,0x1F2A3B4C,DXGI,0,0,1,Hardware: Independent Flip,0,11.785439,6.7160,6.7160,0.4210
DemoGame.exe,7412,0x1F2A3B4C,DXGI,0,0,1,Hardware: Independent Flip,0,11.792347,6.9085,6.9085,0.4210
DemoGame.exe,7412,0x1F2A3B4C,DXGI,0,0,1,Hardware: Independent Flip,0,11.799276,6.9291,6.9291,0.4210
DemoGame.exe,7412,0x1F2A3B4C,DXGI,0,0,1,Hardware: Independent Flip,0,11.806519,7.2430,7.2430,0.4210
DemoGame.exe,7412,0x1F2A3B4C,DXGI,0,0,1,Hardware: Independent Flip,0,11.813247,6.7278,6.7278,0.4210
DemoGame.exe,7412,0x1F2A3B4C,DXGI,0,0,1,Hardware: Independent Flip,0,11.819957,6.7099,6.7099,0.4210
DemoGame.exe,7412,0x1F2A3B4C,DXGI,0,0,1,Hardware: Independent Flip,0,11.826692,6.7346,6.7346,0.4210
DemoGame.exe,7412,0x1F2A3B4C,DXGI,0,0,1,Hardware: Independent Flip,0,11.833791,7.0990,7.0990,0.4210
DemoGame.exe,7412,0x1F2A3B4C,DXGI,0,0,1,Hardware: Independent Flip,0,11.841024,7.2329,7.2329,0.4210
DemoGame.exe,7412,0x1F2A3B4C,DXGI,0,0,1,Hardware: Independent Flip,0,11.848135,7.1117,7.1117,0.4210
DemoGame.exe,7412,0x1F2A3B4C,DXGI,0,0,1,Hardware: Independent Flip,0,11.854791,6.6556,6.6556,0.4210
DemoGame.exe,7412,0x1F2A3B4C,DXGI,0,0,1,Hardware: Independent Flip,0,11.861788,6.9970,6.9970,0.4210
DemoGame.exe,7412,0x1F2A3B4C,DXGI,0,0,1,Hardware: Independent Flip,0,11.869019,7.2312,7.2312,0.4210
DemoGame.exe,7412,0x1F2A3B4C,DXGI,0,0,1,Hardware: Independent Flip,0,11.875674,6.6547,6.6547,0.4210
DemoGame.exe,7412,0x1F2A3B4C,DXGI,0,0,1,Hardware: Independent Flip,0,11.882640,6.9660,6.9660,0.4210
DemoGame.exe,7412,0x1F2A3B4C,DXGI,0,0,1,Hardware: Independent Flip,0,11.889385,6.7454,6.7454,0.4210
DemoGame.exe,7412,0x1F2A3B4C,DXGI,0,0,1,Hardware: Independent Flip,0,11.896358,6.9727,6.9727,0.4210
DemoGame.exe,7412,0x1F2A3B4C,DXGI,0,0,1,Hardware: Independent Flip,0,11.903446,7.0881,7.0881,0.4210
DemoGame.exe,7412,0x1F2A3B4C,DXGI,0,0,1,Hardware: Independent Flip,0,11.910425,6.9794,6.9794,0.4210
DemoGame.exe,7412,0x1F2A3B4C,DXGI,0,0,1,Hardware: Independent Flip,0,11.917431,7.0053,7.0053,0.4210
DemoGame.exe,7412,0x1F2A3B4C,DXGI,0,0,1,Hardware: Independent Flip,0,11.924512,7.0816,7.0816,0.4210
DemoGame.exe,7412,0x1F2A3B4C,DXGI,0,0,1,Hardware: Independent Flip,0,11.931230,6.7174,6.7174,0.4210
DemoGame.exe,7412,0x1F2A3B4C,DXGI,0,0,1,Hardware: Independent Flip,0,11.938212,6.9824,6.9824,0.4210
DemoGame.exe,7412,0x1F2A3B4C,DXGI,0,0,1,Hardware: Independent Flip,0,11.945363,7.1512,7.1512,0.4210
DemoGame.exe,7412,0x1F2A3B4C,DXGI,0,0,1,Hardware: Independent Flip,0,11.952049,6.6854,6.6854,0.4210
DemoGame.exe,7412,0x1F2A3B4C,DXGI,0,0,1,Hardware: Independent Flip,0,11.959130,7.0814,7.0814,0.4210
DemoGame.exe,7412,0x1F2A3B4C,DXGI,0,0,1,Hardware: Independent Flip,0,11.966090,6.9597,6.9597,0.4210
DemoGame.exe,7412,0x1F2A3B4C,DXGI,0,0,1,Hardware: Independent Flip,0,11.973140,7.0506,7.0506,0.4210
DemoGame.exe,7412,0x1F2A3B4C,DXGI,0,0,1,Hardware: Independent Flip,0,11.979884,6.7439,6.7439,0.4210
DemoGame.exe,7412,0x1F2A3B4C,DXGI,0,0,1,Hardware: Independent Flip,0,11.986578,6.6933,6.6933,0.4210
DemoGame.exe,7412,0x1F2A3B4C,DXGI,0,0,1,Hardware: Independent Flip,0,11.993528,6.9508,6.9508,0.4210
DemoGame.exe,7412,0x1F2A3B4C,DXGI,0,0,1,Hardware: Independent Flip,0,12.000701,7.1727,7.1727,0.4210
DemoGame.exe,7412,0x1F2A3B4C,DXGI,0,0,1,Hardware: Independent Flip,0,12.007565,6.8638,6.8638,0.4210
DemoGame.exe,7412,0x1F2A3B4C,DXGI,0,0,1,Hardware: Independent Flip,0,12.014466,6.9010,6.9010,0.4210
DemoGame.exe,7412,0x1F2A3B4C,DXGI,0,0,1,Hardware: Independent Flip,0,12.021631,7.1656,7.1656,0.4210
DemoGame.exe,7412,0x1F2A3B4C,DXGI,0,0,1,Hardware: Independent Flip,0,12.028516,6.8846,6.8846,0.4210
DemoGame.exe,7412,0x1F2A3B4C,DXGI,0,0,1,Hardware: Independent Flip,0,12.035225,6.7088,6.7088,0.4210
DemoGame.exe,7412,0x1F2A3B4C,DXGI,0,0,1,Hardware: Independent Flip,0,12.042171,6.9458,6.9458,0.4210
DemoGame.exe,7412,0x1F2A3B4C,DXGI,0,0,1,Hardware: Independent Flip,0,12.049298,7.1277,7.1277,0.4210
DemoGame.exe,7412,0x1F2A3B4C,DXGI,0,0,1,Hardware: Independent Flip,0,12.056195,6.8967,6.8967,0.4210
DemoGame.exe,7412,0x1F2A3B4C,DXGI,0,0,1,Hardware: Independent Flip,0,12.063247,7.0524,7.0524,0.4210
DemoGame.exe,7412,0x1F2A3B4C,DXGI,0,0,1,Hardware: Independent Flip,0,12.070146,6.8985,6.8985,0.4210
DemoGame.exe,7412,0x1F2A3B4C,DXGI,0,0,1,Hardware: Independent Flip,0,12.076935,6.7895,6.7895,0.4210
DemoGame.exe,7412,0x1F2A3B4C,DXGI,0,0,1,Hardware: Independent Flip,0,12.084103,7.1672,7.1672,0.4210
DemoGame.exe,7412,0x1F2A3B4C,DXGI,0,0,1,Hardware: Independent Flip,0,12.091038,6.9352,6.9352,0.4210
DemoGame.exe,7412,0x1F2A3B4C,DXGI,0,0,1,Hardware: Independent Flip,0,12.097982,6.9443,6.9443,0.4210
DemoGame.exe,7412,0x1F2A3B4C,DXGI,0,0,1,Hardware: Independent Flip,0,12.104642,6.6600,6.6600,0.4210
DemoGame.exe,7412,0x1F2A3B4C,DXGI,0,0,1,Hardware: Independent Flip,0,12.111781,7.1388,7.1388,0.4210
DemoGame.exe,7412,0x1F2A3B4C,DXGI,0,0,1,Hardware: Independent Flip,0,12.119005,7.2240,7.2240,0.4210
DemoGame.exe,7412,0x1F2A3B4C,DXGI,0,0,1,Hardware: Independent Flip,0,12.125977,6.9725,6.9725,0.4210
DemoGame.exe,7412,0x1F2A3B4C,DXGI,0,0,1,Hardware: Independent Flip,0,12.132746,6.7687,6.7687,0.4210
DemoGame.exe,7412,0x1F2A3B4C,DXGI,0,0,1,Hardware: Independent Flip,0,12.139465,6.7191,6.7191,0.4210
DemoGame.exe,7412,0x1F2A3B4C,DXGI,0,0,1,Hardware: Independent Flip,0,12.146127,6.6622,6.6622,0.4210
DemoGame.exe,7412,0x1F2A3B4C,DXGI,0,0,1,Hardware: Independent Flip,0,12.152777,6.6497,6.6497,0.4210
DemoGame.exe,7412,0x1F2A3B4C,DXGI,0,0,1,Hardware: Independent Flip,0,12.159843,7.0655,7.0655,0.4210
DemoGame.exe,7412,0x1F2A3B4C,DXGI,0,0,1,Hardware: Independent Flip,0,12.167085,7.2426,7.2426,0.4210
DemoGame.exe,7412,0x1F2A3B4C,DXGI,0,0,1,Hardware: Independent Flip,0,12.174255,7.1701,7.1701,0.4210
DemoGame.exe,7412,0x1F2A3B4C,DXGI,0,0,1,Hardware: Independent Flip,0,12.190999,16.7435,16.7435,0.4210
DemoGame.exe,7412,0x1F2A3B4C,DXGI,0,0,1,Hardware: Independent Flip,0,12.198201,7.2016,7.2016,0.4210
DemoGame.exe,7412,0x1F2A3B4C,DXGI,0,0,1,Hardware: Independent Flip,0,12.205091,6.8904,6.8904,0.4210
DemoGame.exe,7412,0x1F2A3B4C,DXGI,0,0,1,Hardware: Independent Flip,0,12.212085,6.9942,6.9942,0.4210
DemoGame.exe,7412,0x1F2A3B4C,DXGI,0,0,1,Hardware: Independent Flip,0,12.219013,6.9280,6.9280,0.4210
DemoGame.exe,7412,0x1F2A3B4C,DXGI,0,0,1,Hardware: Independent Flip,0,12.226012,6.9992,6.9992,0.4210
DemoGame.exe,7412,0x1F2A3B4C,DXGI,0,0,1,Hardware: Independent Flip,0,12.233196,7.1836,7.1836,0.4210
DemoGame.exe,7412,0x1F2A3B4C,DXGI,0,0,1,Hardware: Independent Flip,0,12.240001,6.8049,6.8049,0.4210
DemoGame.exe,7412,0x1F2A3B4C,DXGI,0,0,1,Hardware: Independent Flip,0,12.246728,6.7269,6.7269,0.4210
DemoGame.exe,7412,0x1F2A3B4C,DXGI,0,0,1,Hardware: Independent Flip,0,12.253505,6.7772,6.7772,0.4210
DemoGame.exe,7412,0x1F2A3B4C,DXGI,0,0,1,Hardware: Independent Flip,0,12.260479,6.9743,6.9743,0.4210
DemoGame.exe,7412,0x1F2A3B4C,DXGI,0,0,1,Hardware: Independent Flip,0,12.267212,6.7330,6.7330,0.4210
DemoGame.exe,7412,0x1F2A3B4C,DXGI,0,0,1,Hardware: Independent Flip,0,12.273938,6.7254,6.7254,0.4210
DemoGame.exe,7412,0x1F2A3B4C,DXGI,0,0,1,Hardware: Independent Flip,0,12.280618,6.6805,6.6805,0.4210
DemoGame.exe,7412,0x1F2A3B4C,DXGI,0,0,1,Hardware: Independent Flip,0,12.287289,6.6709,6.6709,0.4210
DemoGame.exe,7412,0x1F2A3B4C,DXGI,0,0,1,Hardware: Independent Flip,0,12.294493,7.2044,7.2044,0.4210
DemoGame.exe,7412,0x1F2A3B4C,DXGI,0,0,1,Hardware: Independent Flip,0,12.301220,6.7268,6.7268,0.4210
DemoGame.exe,7412,0x1F2A3B4C,DXGI,0,0,1,Hardware: Independent Flip,0,12.308417,7.1969,7.1969,0.4210
DemoGame.exe,7412,0x1F2A3B4C,DXGI,0,0,1,Hardware: Independent Flip,0,12.315244,6.8272,6.8272,0.4210
DemoGame.exe,7412,0x1F2A3B4C,DXGI,0,0,1,Hardware: Independent Flip,0,12.322416,7.1719,7.1719,0.4210
DemoGame.exe,7412,0x1F2A3B4C,DXGI,0,0,1,Hardware: Independent Flip,0,12.329475,7.0592,7.0592,0.4210
DemoGame.exe,7412,0x1F2A3B4C,DXGI,0,0,1,Hardware: Independent Flip,0,12.336335,6.8600,6.8600,0.4210
DemoGame.exe,7412,0x1F2A3B4C,DXGI,0,0,1,Hardware: Independent Flip,0,12.343320,6.9851,6.9851,0.4210
DemoGame.exe,7412,0x1F2A3B4C,DXGI,0,0,1,Hardware: Independent Flip,0,12.350386,7.0654,7.0654,0.4210
DemoGame.exe,7412,0x1F2A3B4C,DXGI,0,0,1,Hardware: Independent Flip,0,12.357451,7.0650,7.0650,0.4210
DemoGame.exe,7412,0x1F2A3B4C,DXGI,0,0,1,Hardware: Independent Flip,0,12.364521,7.0706,7.0706,0.4210
DemoGame.exe,7412,0x1F2A3B4C,DXGI,0,0,1,Hardware: Independent Flip,0,12.371537,7.0153,7.0153,0.4210
DemoGame.exe,7412,0x1F2A3B4C,DXGI,0,0,1,Hardware: Independent Flip,0,12.378705,7.1686,7.1686,0.4210
DemoGame.exe,7412,0x1F2A3B4C,DXGI,0,0,1,Hardware: Independent Flip,0,12.385581,6.8757,6.8757,0.4210
DemoGame.exe,7412,0x1F2A3B4C,DXGI,0,0,1,Hardware: Independent Flip,0,12.392736,7.1545,7.1545,0.4210
DemoGame.exe,7412,0x1F2A3B4C,DXGI,0,0,1,Hardware: Independent Flip,0,12.399594,6.8581,6.8581,0.4210
DemoGame.exe,7412,0x1F2A3B4C,DXGI,0,0,1,Hardware: Independent Flip,0,12.406673,7.0794,7.0794,0.4210
DemoGame.exe,7412,0x1F2A3B4C,DXGI,0,0,1,Hardware: Independent Flip,0,12.413840,7.1670,7.1670,0.4210
DemoGame.exe,7412,0x1F2A3B4C,DXGI,0,0,1,Hardware: Independent Flip,0,12.420799,6.9585,6.9585,0.4210
DemoGame.exe,7412,0x1F2A3B4C,DXGI,0,0,1,Hardware: Independent Flip,0,12.427729,6.9309,6.9309,0.4210
DemoGame.exe,7412,0x1F2A3B4C,DXGI,0,0,1,Hardware: Independent Flip,0,12.434718,6.9882,6.9882,0.4210
DemoGame.exe,7412,0x1F2A3B4C,DXGI,0,0,1,Hardware: Independent Flip,0,12.441599,6.8813,6.8813,0.4210
DemoGame.exe,7412,0x1F2A3B4C,DXGI,0,0,1,Hardware: Independent Flip,0,12.448745,7.1465,7.1465,0.4210
DemoGame.exe,7412,0x1F2A3B4C,DXGI,0,0,1,Hardware: Independent Flip,0,12.455514,6.7684,6.7684,0.4210
DemoGame.exe,7412,0x1F2A3B4C,DXGI,0,0,1,Hardware: Independent Flip,0,12.462657,7.1433,7.1433,0.4210
DemoGame.exe,7412,0x1F2A3B4C,DXGI,0,0,1,Hardware: Independent Flip,0,12.469507,6.8499,6.8499,0.4210
DemoGame.exe,7412,0x1F2A3B4C,DXGI,0,0,1,Hardware: Independent Flip,0,12.476513,7.0063,7.0063,0.4210
DemoGame.exe,7412,0x1F2A3B4C,DXGI,0,0,1,Hardware: Independent Flip,0,12.483366,6.8523,6.8523,0.4210
DemoGame.exe,7412,0x1F2A3B4C,DXGI,0,0,1,Hardware: Independent Flip,0,12.490177,6.8111,6.8111,0.4210
DemoGame.exe,7412,0x1F2A3B4C,DXGI,0,0,1,Hardware: Independent Flip,0,12.497106,6.9297,6.9297,0.4210
DemoGame.exe,7412,0x1F2A3B4C,DXGI,0,0,1,Hardware: Independent Flip,0,12.504156,7.0497,7.0497,0.4210
DemoGame.exe,7412,0x1F2A3B4C,DXGI,0,0,1,Hardware: Independent Flip,0,12.511299,7.1426,7.1426,0.4210
DemoGame.exe,7412,0x1F2A3B4C,DXGI,0,0,1,Hardware: Independent Flip,0,12.518235,6.9360,6.9360,0.4210
DemoGame.exe,7412,0x1F2A3B4C,DXGI,0,0,1,Hardware: Independent Flip,0,12.524977,6.7418,6.7418,0.4210
DemoGame.exe,7412,0x1F2A3B4C,DXGI,0,0,1,Hardware: Independent Flip,0,12.531735,6.7587,6.7587,0.4210
DemoGame.exe,7412,0x1F2A3B4C,DXGI,0,0,1,Hardware: Independent Flip,0,12.538915,7.1794,7.1794,0.4210
DemoGame.exe,7412,0x1F2A3B4C,DXGI,0,0,1,Hardware: Independent Flip,0,12.545611,6.6968,6.6968,0.4210
DemoGame.exe,7412,0x1F2A3B4C,DXGI,0,0,1,Hardware: Independent Flip,0,12.552494,6.8824,6.8824,0.4210
DemoGame.exe,7412,0x1F2A3B4C,DXGI,0,0,1,Hardware: Independent Flip,0,12.559209,6.7147,6.7147,0.4210
DemoGame.exe,7412,0x1F2A3B4C,DXGI,0,0,1,Hardware: Independent Flip,0,12.565964,6.7550,6.7550,0.4210
DemoGame.exe,7412,0x1F2A3B4C,DXGI,0,0,1,Hardware: Independent Flip,0,12.572769,6.8060,6.8060,0.4210
DemoGame.exe,7412,0x1F2A3B4C,DXGI,0,0,1,Hardware: Independent Flip,0,12.579630,6.8605,6.8605,0.4210
DemoGame.exe,7412,0x1F2A3B4C,DXGI,0,0,1,Hardware: Independent Flip,0,12.586699,7.0691,7.0691,0.4210
DemoGame.exe,7412,0x1F2A3B4C,DXGI,0,0,1,Hardware: Independent Flip,0,12.593872,7.1732,7.1732,0.4210
DemoGame.exe,7412,0x1F2A3B4C,DXGI,0,0,1,Hardware: Independent Flip,0,12.600974,7.1014,7.1014,0.4210
DemoGame.exe,7412,0x1F2A3B4C,DXGI,0,0,1,Hardware: Independent Flip,0,12.608202,7.2279,7.2279,0.4210
DemoGame.exe,7412,0x1F2A3B4C,DXGI,0,0,1,Hardware: Independent Flip,0,12.614861,6.6590,6.6590,0.4210
DemoGame.exe,7412,0x1F2A3B4C,DXGI,0,0,1,Hardware: Independent Flip,0,12.622034,7.1732,7.1732,0.4210
DemoGame.exe,7412,0x1F2A3B4C,DXGI,0,0,1,Hardware: Independent Flip,0,12.628850,6.8164,6.8164,0.4210
DemoGame.exe,7412,0x1F2A3B4C,DXGI,0,0,1,Hardware: Independent Flip,0,12.636013,7.1631,7.1631,0.4210
DemoGame.exe,7412,0x1F2A3B4C,DXGI,0,0,1,Hardware: Independent Flip,0,12.643152,7.1388,7.1388,0.4210
DemoGame.exe,7412,0x1F2A3B4C,DXGI,0,0,1,Hardware: Independent Flip,0,12.649962,6.8100,6.8100,0.4210
DemoGame.exe,7412,0x1F2A3B4C,DXGI,0,0,1,Hardware: Independent Flip,0,12.656973,7.0109,7.0109,0.4210
DemoGame.exe,7412,0x1F2A3B4C,DXGI,0,0,1,Hardware: Independent Flip,0,12.663967,6.9936,6.9936,0.4210
DemoGame.exe,7412,0x1F2A3B4C,DXGI,0,0,1,Hardware: Independent Flip,0,12.670893,6.9267,6.9267,0.4210
DemoGame.exe,7412,0x1F2A3B4C,DXGI,0,0,1,Hardware: Independent Flip,0,12.677860,6.9672,6.9672,0.4210
DemoGame.exe,7412,0x1F2A3B4C,DXGI,0,0,1,Hardware: Independent Flip,0,12.684685,6.8243,6.8243,0.4210
DemoGame.exe,7412,0x1F2A3B4C,DXGI,0,0,1,Hardware: Independent Flip,0,12.691757,7.0725,7.0725,0.4210
DemoGame.exe,7412,0x1F2A3B4C,DXGI,0,0,1,Hardware: Independent Flip,0,12.698685,6.9279,6.9279,0.4210
DemoGame.exe,7412,0x1F2A3B4C,DXGI,0,0,1,Hardware: Independent Flip,0,12.705651,6.9660,6.9660,0.4210
DemoGame.exe,7412,0x1F2A3B4C,DXGI,0,0,1,Hardware: Independent Flip,0,12.712348,6.6968,6.6968,0.4210
DemoGame.exe,7412,0x1F2A3B4C,DXGI,0,0,1,Hardware: Independent Flip,0,12.719000,6.6517,6.6517,0.4210
DemoGame.exe,7412,0x1F2A3B4C,DXGI,0,0,1,Hardware: Independent Flip,0,12.725818,6.8180,6.8180,0.4210
DemoGame.exe,7412,0x1F2A3B4C,DXGI,0,0,1,Hardware: Independent Flip,0,12.732597,6.7796,6.7796,0.4210
DemoGame.exe,7412,0x1F2A3B4C,DXGI,0,0,1,Hardware: Independent Flip,0,12.739256,6.6592,6.6592,0.4210
DemoGame.exe,7412,0x1F2A3B4C,DXGI,0,0,1,Hardware: Independent Flip,0,12.746428,7.1720,7.1720,0.4210
DemoGame.exe,7412,0x1F2A3B4C,DXGI,0,0,1,Hardware: Independent Flip,0,12.753152,6.7233,6.7233,0.4210
DemoGame.exe,7412,0x1F2A3B4C,DXGI,0,0,1,Hardware: Independent Flip,0,12.760223,7.0708,7.0708,0.4210
DemoGame.exe,7412,0x1F2A3B4C,DXGI,0,0,1,Hardware: Independent Flip,0,12.766984,6.7610,6.7610,0.4210
DemoGame.exe,7412,0x1F2A3B4C,DXGI,0,0,1,Hardware: Independent Flip,0,12.774203,7.2191,7.2191,0.4210
DemoGame.exe,7412,0x1F2A3B4C,DXGI,0,0,1,Hardware: Independent Flip,0,12.781008,6.8054,6.8054,0.4210
DemoGame.exe,7412,0x1F2A3B4C,DXGI,0,0,1,Hardware: Independent Flip,0,12.787849,6.8411,6.8411,0.4210
DemoGame.exe,7412,0x1F2A3B4C,DXGI,0,0,1,Hardware: Independent Flip,0,12.794945,7.0963,7.0963,0.4210
DemoGame.exe,7412,0x1F2A3B4C,DXGI,0,0,1,Hardware: Independent Flip,0,12.801793,6.8475,6.8475,0.4210
DemoGame.exe,7412,0x1F2A3B4C,DXGI,0,0,1,Hardware: Independent Flip,0,12.808562,6.7689,6.7689,0.4210
DemoGame.exe,7412,0x1F2A3B4C,DXGI,0,0,1,Hardware: Independent Flip,0,12.815334,6.7717,6.7717,0.4210
DemoGame.exe,7412,0x1F2A3B4C,DXGI,0,0,1,Hardware: Independent Flip,0,12.822390,7.0562,7.0562,0.4210
DemoGame.exe,7412,0x1F2A3B4C,DXGI,0,0,1,Hardware: Independent Flip,0,12.829607,7.2172,7.2172,0.4210
DemoGame.exe,7412,0x1F2A3B4C,DXGI,0,0,1,Hardware: Independent Flip,0,12.836518,6.9110,6.9110,0.4210
DemoGame.exe,7412,0x1F2A3B4C,DXGI,0,0,1,Hardware: Independent Flip,0,12.843677,7.1594,7.1594,0.4210
DemoGame.exe,7412,0x1F2A3B4C,DXGI,0,0,1,Hardware: Independent Flip,0,12.850512,6.8349,6.8349,0.4210
DemoGame.exe,7412,0x1F2A3B4C,DXGI,0,0,1,Hardware: Independent Flip,0,12.857590,7.0772,7.0772,0.4210
DemoGame.exe,7412,0x1F2A3B4C,DXGI,0,0,1,Hardware: Independent Flip,0,12.864269,6.6798,6.6798,0.4210
DemoGame.exe,7412,0x1F2A3B4C,DXGI,0,0,1,Hardware: Independent Flip,0,12.871161,6.8920,6.8920,0.4210
DemoGame.exe,7412,0x1F2A3B4C,DXGI,0,0,1,Hardware: Independent Flip,0,12.878196,7.0349,7.0349,0.4210
DemoGame.exe,7412,0x1F2A3B4C,DXGI,0,0,1,Hardware: Independent Flip,0,12.885080,6.8837,6.8837,0.4210
DemoGame.exe,7412,0x1F2A3B4C,DXGI,0,0,1,Hardware: Independent Flip,0,12.891856,6.7757,6.7757,0.4210
DemoGame.exe,7412,0x1F2A3B4C,DXGI,0,0,1,Hardware: Independent Flip,0,12.899042,7.1864,7.1864,0.4210
DemoGame.exe,7412,0x1F2A3B4C,DXGI,0,0,1,Hardware: Independent Flip,0,12.906101,7.0592,7.0592,0.4210
DemoGame.exe,7412,0x1F2A3B4C,DXGI,0,0,1,Hardware: Independent Flip,0,12.913137,7.0355,7.0355,0.4210
DemoGame.exe,7412,0x1F2A3B4C,DXGI,0,0,1,Hardware: Independent Flip,0,12.920136,6.9991,6.9991,0.4210
DemoGame.exe,7412,0x1F2A3B4C,DXGI,0,0,1,Hardware: Independent Flip,0,12.927004,6.8683,6.8683,0.4210
DemoGame.exe,7412,0x1F2A3B4C,DXGI,0,0,1,Hardware: Independent Flip,0,12.934203,7.1985,7.1985,0.4210
DemoGame.exe,7412,0x1F2A3B4C,DXGI,0,0,1,Hardware: Independent Flip,0,12.941195,6.9927,6.9927,0.4210
DemoGame.exe,7412,0x1F2A3B4C,DXGI,0,0,1,Hardware: Independent Flip,0,12.947897,6.7021,6.7021,0.4210
DemoGame.exe,7412,0x1F2A3B4C,DXGI,0,0,1,Hardware: Independent Flip,0,12.954696,6.7983,6.7983,0.4210
DemoGame.exe,7412,0x1F2A3B4C,DXGI,0,0,1,Hardware: Independent Flip,0,12.961382,6.6865,6.6865,0.4210
DemoGame.exe,7412,0x1F2A3B4C,DXGI,0,0,1,Hardware: Independent Flip,0,12.968316,6.9334,6.9334,0.4210
DemoGame.exe,7412,0x1F2A3B4C,DXGI,0,0,1,Hardware: Independent Flip,0,12.975474,7.1580,7.1580,0.4210
DemoGame.exe,7412,0x1F2A3B4C,DXGI,0,0,1,Hardware: Independent Flip,0,12.982647,7.1734,7.1734,0.4210
DemoGame.exe,7412,0x1F2A3B4C,DXGI,0,0,1,Hardware: Independent Flip,0,12.989796,7.1485,7.1485,0.4210
DemoGame.exe,7412,0x1F2A3B4C,DXGI,0,0,1,Hardware: Independent Flip,0,12.996628,6.8322,6.8322,0.4210
DemoGame.exe,7412,0x1F2A3B4C,DXGI,0,0,1,Hardware: Independent Flip,0,13.003684,7.0562,7.0562,0.4210
DemoGame.exe,7412,0x1F2A3B4C,DXGI,0,0,1,Hardware: Independent Flip,0,13.010525,6.8413,6.8413,0.4210
DemoGame.exe,7412,0x1F2A3B4C,DXGI,0,0,1,Hardware: Independent Flip,0,13.017527,7.0017,7.0017,0.4210
DemoGame.exe,7412,0x1F2A3B4C,DXGI,0,0,1,Hardware: Independent Flip,0,13.024469,6.9417,6.9417,0.4210
DemoGame.exe,7412,0x1F2A3B4C,DXGI,0,0,1,Hardware: Independent Flip,0,13.031427,6.9577,6.9577,0.4210
DemoGame.exe,7412,0x1F2A3B4C,DXGI,0,0,1,Hardware: Independent Flip,0,13.038234,6.8074,6.8074,0.4210
DemoGame.exe,7412,0x1F2A3B4C,DXGI,0,0,1,Hardware: Independent Flip,0,13.045103,6.8687,6.8687,0.4210
DemoGame.exe,7412,0x1F2A3B4C,DXGI,0,0,1,Hardware: Independent Flip,0,13.051902,6.7989,6.7989,0.4210
DemoGame.exe,7412,0x1F2A3B4C,DXGI,0,0,1,Hardware: Independent Flip,0,13.059057,7.1550,7.1550,0.4210
DemoGame.exe,7412,0x1F2A3B4C,DXGI,0,0,1,Hardware: Independent Flip,0,13.065908,6.8511,6.8511,0.4210
DemoGame.exe,7412,0x1F2A3B4C,DXGI,0,0,1,Hardware: Independent Flip,0,13.072713,6.8055,6.8055,0.4210
DemoGame.exe,7412,0x1F2A3B4C,DXGI,0,0,1,Hardware: Independent Flip,0,13.079726,7.0124,7.0124,0.4210
DemoGame.exe,7412,0x1F2A3B4C,DXGI,0,0,1,Hardware: Independent Flip,0,13.086501,6.7751,6.7751,0.4210
DemoGame.exe,7412,0x1F2A3B4C,DXGI,0,0,1,Hardware: Independent Flip,0,13.093364,6.8637,6.8637,0.4210
DemoGame.exe,7412,0x1F2A3B4C,DXGI,0,0,1,Hardware: Independent Flip,0,13.100580,7.2158,7.2158,0.4210
DemoGame.exe,7412,0x1F2A3B4C,DXGI,0,0,1,Hardware: Independent Flip,0,13.107750,7.1700,7.1700,0.4210
DemoGame.exe,7412,0x1F2A3B4C,DXGI,0,0,1,Hardware: Independent Flip,0,13.114739,6.9887,6.9887,0.4210
DemoGame.exe,7412,0x1F2A3B4C,DXGI,0,0,1,Hardware: Independent Flip,0,13.121758,7.0195,7.0195,0.4210
DemoGame.exe,7412,0x1F2A3B4C,DXGI,0,0,1,Hardware: Independent Flip,0,13.128799,7.0403,7.0403,0.4210
DemoGame.exe,7412,0x1F2A3B4C,DXGI,0,0,1,Hardware: Independent Flip,0,13.135580,6.7810,6.7810,0.4210
DemoGame.exe,7412,0x1F2A3B4C,DXGI,0,0,1,Hardware: Independent Flip,0,13.142235,6.6556,6.6556,0.4210
DemoGame.exe,7412,0x1F2A3B4C,DXGI,0,0,1,Hardware: Independent Flip,0,13.149205,6.9695,6.9695,0.4210
DemoGame.exe,7412,0x1F2A3B4C,DXGI,0,0,1,Hardware: Independent Flip,0,13.156069,6.8640,6.8640,0.4210
DemoGame.exe,7412,0x1F2A3B4C,DXGI,0,0,1,Hardware: Independent Flip,0,13.163250,7.1811,7.1811,0.4210
DemoGame.exe,7412,0x1F2A3B4C,DXGI,0,0,1,Hardware: Independent Flip,0,13.170136,6.8866,6.8866,0.4210
DemoGame.exe,7412,0x1F2A3B4C,DXGI,0,0,1,Hardware: Independent Flip,0,13.176884,6.7476,6.7476,0.4210
DemoGame.exe,7412,0x1F2A3B4C,DXGI,0,0,1,Hardware: Independent Flip,0,13.183673,6.7894,6.7894,0.4210
DemoGame.exe,7412,0x1F2A3B4C,DXGI,0,0,1,Hardware: Independent Flip,0,13.190888,7.2146,7.2146,0.4210
DemoGame.exe,7412,0x1F2A3B4C,DXGI,0,0,1,Hardware: Independent Flip,0,13.197617,6.7293,6.7293,0.4210
DemoGame.exe,7412,0x1F2A3B4C,DXGI,0,0,1,Hardware: Independent Flip,0,13.204384,6.7668,6.7668,0.4210
DemoGame.exe,7412,0x1F2A3B4C,DXGI,0,0,1,Hardware: Independent Flip,0,13.211087,6.7032,6.7032,0.4210
DemoGame.exe,7412,0x1F2A3B4C,DXGI,0,0,1,Hardware: Independent Flip,0,13.218069,6.9816,6.9816,0.4210
DemoGame.exe,7412,0x1F2A3B4C,DXGI,0,0,1,Hardware: Independent Flip,0,13.224724,6.6549,6.6549,0.4210
DemoGame.exe,7412,0x1F2A3B4C,DXGI,0,0,1,Hardware: Independent Flip,0,13.231370,6.6467,6.6467,0.4210
DemoGame.exe,7412,0x1F2A3B4C,DXGI,0,0,1,Hardware: Independent Flip,0,13.238035,6.6650,6.6650,0.4210
DemoGame.exe,7412,0x1F2A3B4C,DXGI,0,0,1,Hardware: Independent Flip,0,13.245118,7.0825,7.0825,0.4210
DemoGame.exe,7412,0x1F2A3B4C,DXGI,0,0,1,Hardware: Independent Flip,0,13.252252,7.1343,7.1343,0.4210
DemoGame.exe,7412,0x1F2A3B4C,DXGI,0,0,1,Hardware: Independent Flip,0,13.258989,6.7372,6.7372,0.4210
DemoGame.exe,7412,0x1F2A3B4C,DXGI,0,0,1,Hardware: Independent Flip,0,13.266159,7.1699,7.1699,0.4210
DemoGame.exe,7412,0x1F2A3B4C,DXGI,0,0,1,Hardware: Independent Flip,0,13.273372,7.2123,7.2123,0.4210
DemoGame.exe,7412,0x1F2A3B4C,DXGI,0,0,1,Hardware: Independent Flip,0,13.280333,6.9617,6.9617,0.4210
DemoGame.exe,7412,0x1F2A3B4C,DXGI,0,0,1,Hardware: Independent Flip,0,13.287238,6.9042,6.9042,0.4210
DemoGame.exe,7412,0x1F2A3B4C,DXGI,0,0,1,Hardware: Independent Flip,0,13.294362,7.1245,7.1245,0.4210
DemoGame.exe,7412,0x1F2A3B4C,DXGI,0,0,1,Hardware: Independent Flip,0,13.301154,6.7920,6.7920,0.4210
DemoGame.exe,7412,0x1F2A3B4C,DXGI,0,0,1,Hardware: Independent Flip,0,13.307861,6.7068,6.7068,0.4210
DemoGame.exe,7412,0x1F2A3B4C,DXGI,0,0,1,Hardware: Independent Flip,0,13.314691,6.8301,6.8301,0.4210
DemoGame.exe,7412,0x1F2A3B4C,DXGI,0,0,1,Hardware: Independent Flip,0,13.321553,6.8616,6.8616,0.4210
DemoGame.exe,7412,0x1F2A3B4C,DXGI,0,0,1,Hardware: Independent Flip,0,13.328635,7.0825,7.0825,0.4210
DemoGame.exe,7412,0x1F2A3B4C,DXGI,0,0,1,Hardware: Independent Flip,0,13.335461,6.8265,6.8265,0.4210
DemoGame.exe,7412,0x1F2A3B4C,DXGI,0,0,1,Hardware: Independent Flip,0,13.342222,6.7605,6.7605,0.4210
DemoGame.exe,7412,0x1F2A3B4C,DXGI,0,0,1,Hardware: Independent Flip,0,13.349411,7.1887,7.1887,0.4210
DemoGame.exe,7412,0x1F2A3B4C,DXGI,0,0,1,Hardware: Independent Flip,0,13.356193,6.7825,6.7825,0.4210
DemoGame.exe,7412,0x1F2A3B4C,DXGI,0,0,1,Hardware: Independent Flip,0,13.362970,6.7771,6.7771,0.4210
DemoGame.exe,7412,0x1F2A3B4C,DXGI,0,0,1,Hardware: Independent Flip,0,13.369982,7.0116,7.0116,0.4210
DemoGame.exe,7412,0x1F2A3B4C,DXGI,0,0,1,Hardware: Independent Flip,0,13.376802,6.8206,6.8206,0.4210
DemoGame.exe,7412,0x1F2A3B4C,DXGI,0,0,1,Hardware: Independent Flip,0,13.383533,6.7307,6.7307,0.4210
DemoGame.exe,7412,0x1F2A3B4C,DXGI,0,0,1,Hardware: Independent Flip,0,13.390754,7.2213,7.2213,0.4210
DemoGame.exe,7412,0x1F2A3B4C,DXGI,0,0,1,Hardware: Independent Flip,0,13.397819,7.0646,7.0646,0.4210
DemoGame.exe,7412,0x1F2A3B4C,DXGI,0,0,1,Hardware: Independent Flip,0,13.404518,6.6991,6.6991,0.4210
DemoGame.exe,7412,0x1F2A3B4C,DXGI,0,0,1,Hardware: Independent Flip,0,13.411372,6.8542,6.8542,0.4210
DemoGame.exe,7412,0x1F2A3B4C,DXGI,0,0,1,Hardware: Independent Flip,0,13.418034,6.6620,6.6620,0.4210
DemoGame.exe,7412,0x1F2A3B4C,DXGI,0,0,1,Hardware: Independent Flip,0,13.424932,6.8981,6.8981,0.4210
DemoGame.exe,7412,0x1F2A3B4C,DXGI,0,0,1,Hardware: Independent Flip,0,13.431646,6.7137,6.7137,0.4210
DemoGame.exe,7412,0x1F2A3B4C,DXGI,0,0,1,Hardware: Independent Flip,0,13.438678,7.0322,7.0322,0.4210
DemoGame.exe,7412,0x1F2A3B4C,DXGI,0,0,1,Hardware: Independent Flip,0,13.445470,6.7919,6.7919,0.4210
DemoGame.exe,7412,0x1F2A3B4C,DXGI,0,0,1,Hardware: Independent Flip,0,13.452538,7.0679,7.0679,0.4210
DemoGame.exe,7412,0x1F2A3B4C,DXGI,0,0,1,Hardware: Independent Flip,0,13.459540,7.0015,7.0015,0.4210
DemoGame.exe,7412,0x1F2A3B4C,DXGI,0,0,1,Hardware: Independent Flip,0,13.466312,6.7724,6.7724,0.4210
DemoGame.exe,7412,0x1F2A3B4C,DXGI,0,0,1,Hardware: Independent Flip,0,13.473155,6.8427,6.8427,0.4210
DemoGame.exe,7412,0x1F2A3B4C,DXGI,0,0,1,Hardware: Independent Flip,0,13.479932,6.7773,6.7773,0.4210
DemoGame.exe,7412,0x1F2A3B4C,DXGI,0,0,1,Hardware: Independent Flip,0,13.486612,6.6796,6.6796,0.4210
DemoGame.exe,7412,0x1F2A3B4C,DXGI,0,0,1,Hardware: Independent Flip,0,13.493507,6.8955,6.8955,0.4210
DemoGame.exe,7412,0x1F2A3B4C,DXGI,0,0,1,Hardware: Independent Flip,0,13.500601,7.0936,7.0936,0.4210
DemoGame.exe,7412,0x1F2A3B4C,DXGI,0,0,1,Hardware: Independent Flip,0,13.507673,7.0720,7.0720,0.4210
DemoGame.exe,7412,0x1F2A3B4C,DXGI,0,0,1,Hardware: Independent Flip,0,13.514736,7.0633,7.0633,0.4210
DemoGame.exe,7412,0x1F2A3B4C,DXGI,0,0,1,Hardware: Independent Flip,0,13.521732,6.9954,6.9954,0.4210
DemoGame.exe,7412,0x1F2A3B4C,DXGI,0,0,1,Hardware: Independent Flip,0,13.528821,7.0890,7.0890,0.4210
DemoGame.exe,7412,0x1F2A3B4C,DXGI,0,0,1,Hardware: Independent Flip,0,13.535537,6.7160,6.7160,0.4210
DemoGame.exe,7412,0x1F2A3B4C,DXGI,0,0,1,Hardware: Independent Flip,0,13.542655,7.1183,7.1183,0.4210
DemoGame.exe,7412,0x1F2A3B4C,DXGI,0,0,1,Hardware: Independent Flip,0,13.549355,6.7005,6.7005,0.4210
DemoGame.exe,7412,0x1F2A3B4C,DXGI,0,0,1,Hardware: Independent Flip,0,13.556485,7.1299,7.1299,0.4210
DemoGame.exe,7412,0x1F2A3B4C,DXGI,0,0,1,Hardware: Independent Flip,0,13.563436,6.9509,6.9509,0.4210
DemoGame.exe,7412,0x1F2A3B4C,DXGI,0,0,1,Hardware: Independent Flip,0,13.570468,7.0322,7.0322,0.4210
DemoGame.exe,7412,0x1F2A3B4C,DXGI,0,0,1,Hardware: Independent Flip,0,13.577681,7.2128,7.2128,0.4210
DemoGame.exe,7412,0x1F2A3B4C,DXGI,0,0,1,Hardware: Independent Flip,0,13.584503,6.8220,6.8220,0.4210
DemoGame.exe,7412,0x1F2A3B4C,DXGI,0,0,1,Hardware: Independent Flip,0,13.591668,7.1648,7.1648,0.4210
DemoGame.exe,7412,0x1F2A3B4C,DXGI,0,0,1,Hardware: Independent Flip,0,13.598516,6.8484,6.8484,0.4210
DemoGame.exe,7412,0x1F2A3B4C,DXGI,0,0,1,Hardware: Independent Flip,0,13.605404,6.8874,6.8874,0.4210
DemoGame.exe,7412,0x1F2A3B4C,DXGI,0,0,1,Hardware: Independent Flip,0,13.612474,7.0701,7.0701,0.4210
DemoGame.exe,7412,0x1F2A3B4C,DXGI,0,0,1,Hardware: Independent Flip,0,13.619652,7.1782,7.1782,0.4210
DemoGame.exe,7412,0x1F2A3B4C,DXGI,0,0,1,Hardware: Independent Flip,0,13.626757,7.1052,7.1052,0.4210
DemoGame.exe,7412,0x1F2A3B4C,DXGI,0,0,1,Hardware: Independent Flip,0,13.633471,6.7137,6.7137,0.4210
DemoGame.exe,7412,0x1F2A3B4C,DXGI,0,0,1,Hardware: Independent Flip,0,13.640153,6.6821,6.6821,0.4210
DemoGame.exe,7412,0x1F2A3B4C,DXGI,0,0,1,Hardware: Independent Flip,0,13.647113,6.9598,6.9598,0.4210
DemoGame.exe,7412,0x1F2A3B4C,DXGI,0,0,1,Hardware: Independent Flip,0,13.654307,7.1943,7.1943,0.4210
DemoGame.exe,7412,0x1F2A3B4C,DXGI,0,0,1,Hardware: Independent Flip,0,13.661015,6.7076,6.7076,0.4210
DemoGame.exe,7412,0x1F2A3B4C,DXGI,0,0,1,Hardware: Independent Flip,0,13.667849,6.8346,6.8346,0.4210
DemoGame.exe,7412,0x1F2A3B4C,DXGI,0,0,1,Hardware: Independent Flip,0,13.674586,6.7363,6.7363,0.4210
DemoGame.exe,7412,0x1F2A3B4C,DXGI,0,0,1,Hardware: Independent Flip,0,13.681230,6.6441,6.6441,0.4210
DemoGame.exe,7412,0x1F2A3B4C,DXGI,0,0,1,Hardware: Independent Flip,0,13.688113,6.8828,6.8828,0.4210
DemoGame.exe,7412,0x1F2A3B4C,DXGI,0,0,1,Hardware: Independent Flip,0,13.695185,7.0726,7.0726,0.4210
DemoGame.exe,7412,0x1F2A3B4C,DXGI,0,0,1,Hardware: Independent Flip,0,13.701918,6.7332,6.7332,0.4210
DemoGame.exe,7412,0x1F2A3B4C,DXGI,0,0,1,Hardware: Independent Flip,0,13.708802,6.8838,6.8838,0.4210
DemoGame.exe,7412,0x1F2A3B4C,DXGI,0,0,1,Hardware: Independent Flip,0,13.715495,6.6931,6.6931,0.4210
DemoGame.exe,7412,0x1F2A3B4C,DXGI,0,0,1,Hardware: Independent Flip,0,13.722220,6.7249,6.7249,0.4210
DemoGame.exe,7412,0x1F2A3B4C,DXGI,0,0,1,Hardware: Independent Flip,0,13.729157,6.9372,6.9372,0.4210
DemoGame.exe,7412,0x1F2A3B4C,DXGI,0,0,1,Hardware: Independent Flip,0,13.736090,6.9329,6.9329,0.4210
DemoGame.exe,7412,0x1F2A3B4C,DXGI,0,0,1,Hardware: Independent Flip,0,13.743039,6.9491,6.9491,0.4210
DemoGame.exe,7412,0x1F2A3B4C,DXGI,0,0,1,Hardware: Independent Flip,0,13.750232,7.1923,7.1923,0.4210
DemoGame.exe,7412,0x1F2A3B4C,DXGI,0,0,1,Hardware: Independent Flip,0,13.757301,7.0691,7.0691,0.4210
DemoGame.exe,7412,0x1F2A3B4C,DXGI,0,0,1,Hardware: Independent Flip,0,13.764186,6.8857,6.8857,0.4210
DemoGame.exe,7412,0x1F2A3B4C,DXGI,0,0,1,Hardware: Independent Flip,0,13.771336,7.1493,7.1493,0.4210
DemoGame.exe,7412,0x1F2A3B4C,DXGI,0,0,1,Hardware: Independent Flip,0,13.778526,7.1903,7.1903,0.4210
DemoGame.exe,7412,0x1F2A3B4C,DXGI,0,0,1,Hardware: Independent Flip,0,13.785769,7.2426,7.2426,0.4210
DemoGame.exe,7412,0x1F2A3B4C,DXGI,0,0,1,Hardware: Independent Flip,0,13.792737,6.9683,6.9683,0.4210
DemoGame.exe,7412,0x1F2A3B4C,DXGI,0,0,1,Hardware: Independent Flip,0,13.799692,6.9552,6.9552,0.4210
DemoGame.exe,7412,0x1F2A3B4C,DXGI,0,0,1,Hardware: Independent Flip,0,13.806802,7.1099,7.1099,0.4210
DemoGame.exe,7412,0x1F2A3B4C,DXGI,0,0,1,Hardware: Independent Flip,0,13.813547,6.7449,6.7449,0.4210
DemoGame.exe,7412,0x1F2A3B4C,DXGI,0,0,1,Hardware: Independent Flip,0,13.820401,6.8542,6.8542,0.4210
DemoGame.exe,7412,0x1F2A3B4C,DXGI,0,0,1,Hardware: Independent Flip,0,13.827272,6.8711,6.8711,0.4210
DemoGame.exe,7412,0x1F2A3B4C,DXGI,0,0,1,Hardware: Independent Flip,0,13.834136,6.8635,6.8635,0.4210
DemoGame.exe,7412,0x1F2A3B4C,DXGI,0,0,1,Hardware: Independent Flip,0,13.840894,6.7581,6.7581,0.4210
DemoGame.exe,7412,0x1F2A3B4C,DXGI,0,0,1,Hardware: Independent Flip,0,13.847840,6.9463,6.9463,0.4210
DemoGame.exe,7412,0x1F2A3B4C,DXGI,0,0,1,Hardware: Independent Flip,0,13.854749,6.9085,6.9085,0.4210
DemoGame.exe,7412,0x1F2A3B4C,DXGI,0,0,1,Hardware: Independent Flip,0,13.861665,6.9162,6.9162,0.4210
DemoGame.exe,7412,0x1F2A3B4C,DXGI,0,0,1,Hardware: Independent Flip,0,13.868875,7.2099,7.2099,0.4210
DemoGame.exe,7412,0x1F2A3B4C,DXGI,0,0,1,Hardware: Independent Flip,0,13.875732,6.8574,6.8574,0.4210
DemoGame.exe,7412,0x1F2A3B4C,DXGI,0,0,1,Hardware: Independent Flip,0,13.882510,6.7778,6.7778,0.4210
DemoGame.exe,7412,0x1F2A3B4C,DXGI,0,0,1,Hardware: Independent Flip,0,13.889632,7.1217,7.1217,0.4210
DemoGame.exe,7412,0x1F2A3B4C,DXGI,0,0,1,Hardware: Independent Flip,0,13.896631,6.9997,6.9997,0.4210
DemoGame.exe,7412,0x1F2A3B4C,DXGI,0,0,1,Hardware: Independent Flip,0,13.903436,6.8049,6.8049,0.4210
DemoGame.exe,7412,0x1F2A3B4C,DXGI,0,0,1,Hardware: Independent Flip,0,13.910433,6.9967,6.9967,0.4210
DemoGame.exe,7412,0x1F2A3B4C,DXGI,0,0,1,Hardware: Independent Flip,0,13.917149,6.7160,6.7160,0.4210
DemoGame.exe,7412,0x1F2A3B4C,DXGI,0,0,1,Hardware: Independent Flip,0,13.924028,6.8795,6.8795,0.4210
DemoGame.exe,7412,0x1F2A3B4C,DXGI,0,0,1,Hardware: Independent Flip,0,13.930900,6.8719,6.8719,0.4210
DemoGame.exe,7412,0x1F2A3B4C,DXGI,0,0,1,Hardware: Independent Flip,0,13.937941,7.0407,7.0407,0.4210
DemoGame.exe,7412,0x1F2A3B4C,DXGI,0,0,1,Hardware: Independent Flip,0,13.944652,6.7111,6.7111,0.4210
DemoGame.exe,7412,0x1F2A3B4C,DXGI,0,0,1,Hardware: Independent Flip,0,13.951635,6.9830,6.9830,0.4210
DemoGame.exe,7412,0x1F2A3B4C,DXGI,0,0,1,Hardware: Independent Flip,0,13.958767,7.1319,7.1319,0.4210
DemoGame.exe,7412,0x1F2A3B4C,DXGI,0,0,1,Hardware: Independent Flip,0,13.965896,7.1288,7.1288,0.4210
DemoGame.exe,7412,0x1F2A3B4C,DXGI,0,0,1,Hardware: Independent Flip,0,13.972772,6.8759,6.8759,0.4210
DemoGame.exe,7412,0x1F2A3B4C,DXGI,0,0,1,Hardware: Independent Flip,0,13.979915,7.1433,7.1433,0.4210
DemoGame.exe,7412,0x1F2A3B4C,DXGI,0,0,1,Hardware: Independent Flip,0,13.986854,6.9391,6.9391,0.4210
DemoGame.exe,7412,0x1F2A3B4C,DXGI,0,0,1,Hardware: Independent Flip,0,13.993499,6.6450,6.6450,0.4210
DemoGame.exe,7412,0x1F2A3B4C,DXGI,0,0,1,Hardware: Independent Flip,0,14.000436,6.9365,6.9365,0.4210
DemoGame.exe,7412,0x1F2A3B4C,DXGI,0,0,1,Hardware: Independent Flip,0,14.007635,7.1999,7.1999,0.4210
DemoGame.exe,7412,0x1F2A3B4C,DXGI,0,0,1,Hardware: Independent Flip,0,14.014403,6.7675,6.7675,0.4210
DemoGame.exe,7412,0x1F2A3B4C,DXGI,0,0,1,Hardware: Independent Flip,0,14.021086,6.6834,6.6834,0.4210
DemoGame.exe,7412,0x1F2A3B4C,DXGI,0,0,1,Hardware: Independent Flip,0,14.028322,7.2355,7.2355,0.4210
DemoGame.exe,7412,0x1F2A3B4C,DXGI,0,0,1,Hardware: Independent Flip,0,14.035205,6.8831,6.8831,0.4210
DemoGame.exe,7412,0x1F2A3B4C,DXGI,0,0,1,Hardware: Independent Flip,0,14.042047,6.8417,6.8417,0.4210
DemoGame.exe,7412,0x1F2A3B4C,DXGI,0,0,1,Hardware: Independent Flip,0,14.048780,6.7336,6.7336,0.4210
DemoGame.exe,7412,0x1F2A3B4C,DXGI,0,0,1,Hardware: Independent Flip,0,14.055906,7.1261,7.1261,0.4210
DemoGame.exe,7412,0x1F2A3B4C,DXGI,0,0,1,Hardware: Independent Flip,0,14.062923,7.0169,7.0169,0.4210
DemoGame.exe,7412,0x1F2A3B4C,DXGI,0,0,1,Hardware: Independent Flip,0,14.069587,6.6633,6.6633,0.4210
DemoGame.exe,7412,0x1F2A3B4C,DXGI,0,0,1,Hardware: Independent Flip,0,14.076545,6.9584,6.9584,0.4210
DemoGame.exe,7412,0x1F2A3B4C,DXGI,0,0,1,Hardware: Independent Flip,0,14.083576,7.0310,7.0310,0.4210
DemoGame.exe,7412,0x1F2A3B4C,DXGI,0,0,1,Hardware: Independent Flip,0,14.090795,7.2193,7.2193,0.4210
DemoGame.exe,7412,0x1F2A3B4C,DXGI,0,0,1,Hardware: Independent Flip,0,14.097816,7.0210,7.0210,0.4210
DemoGame.exe,7412,0x1F2A3B4C,DXGI,0,0,1,Hardware: Independent Flip,0,14.104575,6.7590,6.7590,0.4210
DemoGame.exe,7412,0x1F2A3B4C,DXGI,0,0,1,Hardware: Independent Flip,0,14.111299,6.7238,6.7238,0.4210
DemoGame.exe,7412,0x1F2A3B4C,DXGI,0,0,1,Hardware: Independent Flip,0,14.118098,6.7990,6.7990,0.4210
DemoGame.exe,7412,0x1F2A3B4C,DXGI,0,0,1,Hardware: Independent Flip,0,14.125170,7.0714,7.0714,0.4210
DemoGame.exe,7412,0x1F2A3B4C,DXGI,0,0,1,Hardware: Independent Flip,0,14.132006,6.8366,6.8366,0.4210
DemoGame.exe,7412,0x1F2A3B4C,DXGI,0,0,1,Hardware: Independent Flip,0,14.138914,6.9083,6.9083,0.4210
DemoGame.exe,7412,0x1F2A3B4C,DXGI,0,0,1,Hardware: Independent Flip,0,14.146047,7.1331,7.1331,0.4210
DemoGame.exe,7412,0x1F2A3B4C,DXGI,0,0,1,Hardware: Independent Flip,0,14.153125,7.0773,7.0773,0.4210
DemoGame.exe,7412,0x1F2A3B4C,DXGI,0,0,1,Hardware: Independent Flip,0,14.160080,6.9548,6.9548,0.4210
DemoGame.exe,7412,0x1F2A3B4C,DXGI,0,0,1,Hardware: Independent Flip,0,14.167094,7.0147,7.0147,0.4210
DemoGame.exe,7412,0x1F2A3B4C,DXGI,0,0,1,Hardware: Independent Flip,0,14.174266,7.1716,7.1716,0.4210
DemoGame.exe,7412,0x1F2A3B4C,DXGI,0,0,1,Hardware: Independent Flip,0,14.181154,6.8880,6.8880,0.4210
DemoGame.exe,7412,0x1F2A3B4C,DXGI,0,0,1,Hardware: Independent Flip,0,14.197646,16.4925,16.4925,0.4210
DemoGame.exe,7412,0x1F2A3B4C,DXGI,0,0,1,Hardware: Independent Flip,0,14.204503,6.8570,6.8570,0.4210
DemoGame.exe,7412,0x1F2A3B4C,DXGI,0,0,1,Hardware: Independent Flip,0,14.211473,6.9694,6.9694,0.4210
DemoGame.exe,7412,0x1F2A3B4C,DXGI,0,0,1,Hardware: Independent Flip,0,14.218712,7.2393,7.2393,0.4210
DemoGame.exe,7412,0x1F2A3B4C,DXGI,0,0,1,Hardware: Independent Flip,0,14.225676,6.9642,6.9642,0.4210
DemoGame.exe,7412,0x1F2A3B4C,DXGI,0,0,1,Hardware: Independent Flip,0,14.232739,7.0630,7.0630,0.4210
DemoGame.exe,7412,0x1F2A3B4C,DXGI,0,0,1,Hardware: Independent Flip,0,14.239685,6.9453,6.9453,0.4210
DemoGame.exe,7412,0x1F2A3B4C,DXGI,0,0,1,Hardware: Independent Flip,0,14.246900,7.2160,7.2160,0.4210
DemoGame.exe,7412,0x1F2A3B4C,DXGI,0,0,1,Hardware: Independent Flip,0,14.253861,6.9603,6.9603,0.4210
DemoGame.exe,7412,0x1F2A3B4C,DXGI,0,0,1,Hardware: Independent Flip,0,14.260947,7.0864,7.0864,0.4210
DemoGame.exe,7412,0x1F2A3B4C,DXGI,0,0,1,Hardware: Independent Flip,0,14.267765,6.8180,6.8180,0.4210
DemoGame.exe,7412,0x1F2A3B4C,DXGI,0,0,1,Hardware: Independent Flip,0,14.274552,6.7863,6.7863,0.4210
DemoGame.exe,7412,0x1F2A3B4C,DXGI,0,0,1,Hardware: Independent Flip,0,14.281434,6.8826,6.8826,0.4210
DemoGame.exe,7412,0x1F2A3B4C,DXGI,0,0,1,Hardware: Independent Flip,0,14.288236,6.8020,6.8020,0.4210
DemoGame.exe,7412,0x1F2A3B4C,DXGI,0,0,1,Hardware: Independent Flip,0,14.294951,6.7152,6.7152,0.4210
DemoGame.exe,7412,0x1F2A3B4C,DXGI,0,0,1,Hardware: Independent Flip,0,14.302066,7.1146,7.1146,0.4210
DemoGame.exe,7412,0x1F2A3B4C,DXGI,0,0,1,Hardware: Independent Flip,0,14.309009,6.9430,6.9430,0.4210
DemoGame.exe,7412,0x1F2A3B4C,DXGI,0,0,1,Hardware: Independent Flip,0,14.315869,6.8602,6.8602,0.4210
DemoGame.exe,7412,0x1F2A3B4C,DXGI,0,0,1,Hardware: Independent Flip,0,14.323027,7.1575,7.1575,0.4210
DemoGame.exe,7412,0x1F2A3B4C,DXGI,0,0,1,Hardware: Independent Flip,0,14.329680,6.6537,6.6537,0.4210
DemoGame.exe,7412,0x1F2A3B4C,DXGI,0,0,1,Hardware: Independent Flip,0,14.336416,6.7358,6.7358,0.4210
DemoGame.exe,7412,0x1F2A3B4C,DXGI,0,0,1,Hardware: Independent Flip,0,14.343622,7.2060,7.2060,0.4210
DemoGame.exe,7412,0x1F2A3B4C,DXGI,0,0,1,Hardware: Independent Flip,0,14.350639,7.0169,7.0169,0.4210
DemoGame.exe,7412,0x1F2A3B4C,DXGI,0,0,1,Hardware: Independent Flip,0,14.357688,7.0490,7.0490,0.4210
DemoGame.exe,7412,0x1F2A3B4C,DXGI,0,0,1,Hardware: Independent Flip,0,14.364409,6.7208,6.7208,0.4210
DemoGame.exe,7412,0x1F2A3B4C,DXGI,0,0,1,Hardware: Independent Flip,0,14.371125,6.7159,6.7159,0.4210
DemoGame.exe,7412,0x1F2A3B4C,DXGI,0,0,1,Hardware: Independent Flip,0,14.377871,6.7465,6.7465,0.4210
DemoGame.exe,7412,0x1F2A3B4C,DXGI,0,0,1,Hardware: Independent Flip,0,14.384852,6.9807,6.9807,0.4210
DemoGame.exe,7412,0x1F2A3B4C,DXGI,0,0,1,Hardware: Independent Flip,0,14.391900,7.0474,7.0474,0.4210
DemoGame.exe,7412,0x1F2A3B4C,DXGI,0,0,1,Hardware: Independent Flip,0,14.398666,6.7665,6.7665,0.4210
DemoGame.exe,7412,0x1F2A3B4C,DXGI,0,0,1,Hardware: Independent Flip,0,14.405723,7.0567,7.0567,0.4210
DemoGame.exe,7412,0x1F2A3B4C,DXGI,0,0,1,Hardware: Independent Flip,0,14.412636,6.9127,6.9127,0.4210
DemoGame.exe,7412,0x1F2A3B4C,DXGI,0,0,1,Hardware: Independent Flip,0,14.419344,6.7080,6.7080,0.4210
DemoGame.exe,7412,0x1F2A3B4C,DXGI,0,0,1,Hardware: Independent Flip,0,14.426583,7.2391,7.2391,0.4210
DemoGame.exe,7412,0x1F2A3B4C,DXGI,0,0,1,Hardware: Independent Flip,0,14.433298,6.7149,6.7149,0.4210
DemoGame.exe,7412,0x1F2A3B4C,DXGI,0,0,1,Hardware: Independent Flip,0,14.440418,7.1206,7.1206,0.4210
DemoGame.exe,7412,0x1F2A3B4C,DXGI,0,0,1,Hardware: Independent Flip,0,14.447219,6.8007,6.8007,0.4210
DemoGame.exe,7412,0x1F2A3B4C,DXGI,0,0,1,Hardware: Independent Flip,0,14.454240,7.0217,7.0217,0.4210
DemoGame.exe,7412,0x1F2A3B4C,DXGI,0,0,1,Hardware: Independent Flip,0,14.461184,6.9431,6.9431,0.4210
DemoGame.exe,7412,0x1F2A3B4C,DXGI,0,0,1,Hardware: Independent Flip,0,14.468323,7.1394,7.1394,0.4210
DemoGame.exe,7412,0x1F2A3B4C,DXGI,0,0,1,Hardware: Independent Flip,0,14.475053,6.7297,6.7297,0.4210
DemoGame.exe,7412,0x1F2A3B4C,DXGI,0,0,1,Hardware: Independent Flip,0,14.481700,6.6473,6.6473,0.4210
DemoGame.exe,7412,0x1F2A3B4C,DXGI,0,0,1,Hardware: Independent Flip,0,14.488405,6.7047,6.7047,0.4210
DemoGame.exe,7412,0x1F2A3B4C,DXGI,0,0,1,Hardware: Independent Flip,0,14.495321,6.9166,6.9166,0.4210
DemoGame.exe,7412,0x1F2A3B4C,DXGI,0,0,1,Hardware: Independent Flip,0,14.502471,7.1498,7.1498,0.4210
DemoGame.exe,7412,0x1F2A3B4C,DXGI,0,0,1,Hardware: Independent Flip,0,14.509128,6.6567,6.6567,0.4210
DemoGame.exe,7412,0x1F2A3B4C,DXGI,0,0,1,Hardware: Independent Flip,0,14.515961,6.8328,6.8328,0.4210
DemoGame.exe,7412,0x1F2A3B4C,DXGI,0,0,1,Hardware: Independent Flip,0,14.522639,6.6786,6.6786,0.4210
DemoGame.exe,7412,0x1F2A3B4C,DXGI,0,0,1,Hardware: Independent Flip,0,14.529476,6.8371,6.8371,0.4210
DemoGame.exe,7412,0x1F2A3B4C,DXGI,0,0,1,Hardware: Independent Flip,0,14.536139,6.6624,6.6624,0.4210
DemoGame.exe,7412,0x1F2A3B4C,DXGI,0,0,1,Hardware: Independent Flip,0,14.542917,6.7783,6.7783,0.4210
DemoGame.exe,7412,0x1F2A3B4C,DXGI,0,0,1,Hardware: Independent Flip,0,14.549656,6.7386,6.7386,0.4210
DemoGame.exe,7412,0x1F2A3B4C,DXGI,0,0,1,Hardware: Independent Flip,0,14.556757,7.1012,7.1012,0.4210
DemoGame.exe,7412,0x1F2A3B4C,DXGI,0,0,1,Hardware: Independent Flip,0,14.563918,7.1618,7.1618,0.4210
DemoGame.exe,7412,0x1F2A3B4C,DXGI,0,0,1,Hardware: Independent Flip,0,14.570715,6.7962,6.7962,0.4210
DemoGame.exe,7412,0x1F2A3B4C,DXGI,0,0,1,Hardware: Independent Flip,0,14.577524,6.8088,6.8088,0.4210
DemoGame.exe,7412,0x1F2A3B4C,DXGI,0,0,1,Hardware: Independent Flip,0,14.584608,7.0841,7.0841,0.4210
DemoGame.exe,7412,0x1F2A3B4C,DXGI,0,0,1,Hardware: Independent Flip,0,14.591772,7.1644,7.1644,0.4210
DemoGame.exe,7412,0x1F2A3B4C,DXGI,0,0,1,Hardware: Independent Flip,0,14.598934,7.1624,7.1624,0.4210
DemoGame.exe,7412,0x1F2A3B4C,DXGI,0,0,1,Hardware: Independent Flip,0,14.605827,6.8923,6.8923,0.4210
DemoGame.exe,7412,0x1F2A3B4C,DXGI,0,0,1,Hardware: Independent Flip,0,14.612787,6.9605,6.9605,0.4210
DemoGame.exe,7412,0x1F2A3B4C,DXGI,0,0,1,Hardware: Independent Flip,0,14.619996,7.2085,7.2085,0.4210
DemoGame.exe,7412,0x1F2A3B4C,DXGI,0,0,1,Hardware: Independent Flip,0,14.626808,6.8126,6.8126,0.4210
DemoGame.exe,7412,0x1F2A3B4C,DXGI,0,0,1,Hardware: Independent Flip,0,14.633646,6.8378,6.8378,0.4210
DemoGame.exe,7412,0x1F2A3B4C,DXGI,0,0,1,Hardware: Independent Flip,0,14.640320,6.6737,6.6737,0.4210
DemoGame.exe,7412,0x1F2A3B4C,DXGI,0,0,1,Hardware: Independent Flip,0,14.647469,7.1493,7.1493,0.4210
DemoGame.exe,7412,0x1F2A3B4C,DXGI,0,0,1,Hardware: Independent Flip,0,14.654191,6.7224,6.7224,0.4210
DemoGame.exe,7412,0x1F2A3B4C,DXGI,0,0,1,Hardware: Independent Flip,0,14.661079,6.8875,6.8875,0.4210
DemoGame.exe,7412,0x1F2A3B4C,DXGI,0,0,1,Hardware: Independent Flip,0,14.667810,6.7311,6.7311,0.4210
DemoGame.exe,7412,0x1F2A3B4C,DXGI,0,0,1,Hardware: Independent Flip,0,14.674649,6.8386,6.8386,0.4210
DemoGame.exe,7412,0x1F2A3B4C,DXGI,0,0,1,Hardware: Independent Flip,0,14.681607,6.9580,6.9580,0.4210
DemoGame.exe,7412,0x1F2A3B4C,DXGI,0,0,1,Hardware: Independent Flip,0,14.688772,7.1654,7.1654,0.4210
DemoGame.exe,7412,0x1F2A3B4C,DXGI,0,0,1,Hardware: Independent Flip,0,14.695933,7.1611,7.1611,0.4210
DemoGame.exe,7412,0x1F2A3B4C,DXGI,0,0,1,Hardware: Independent Flip,0,14.702595,6.6621,6.6621,0.4210
DemoGame.exe,7412,0x1F2A3B4C,DXGI,0,0,1,Hardware: Independent Flip,0,14.709763,7.1681,7.1681,0.4210
DemoGame.exe,7412,0x1F2A3B4C,DXGI,0,0,1,Hardware: Independent Flip,0,14.716496,6.7325,6.7325,0.4210
DemoGame.exe,7412,0x1F2A3B4C,DXGI,0,0,1,Hardware: Independent Flip,0,14.723641,7.1454,7.1454,0.4210
DemoGame.exe,7412,0x1F2A3B4C,DXGI,0,0,1,Hardware: Independent Flip,0,14.730385,6.7443,6.7443,0.4210
DemoGame.exe,7412,0x1F2A3B4C,DXGI,0,0,1,Hardware: Independent Flip,0,14.737529,7.1433,7.1433,0.4210
DemoGame.exe,7412,0x1F2A3B4C,DXGI,0,0,1,Hardware: Independent Flip,0,14.744237,6.7081,6.7081,0.4210
DemoGame.exe,7412,0x1F2A3B4C,DXGI,0,0,1,Hardware: Independent Flip,0,14.751364,7.1270,7.1270,0.4210
DemoGame.exe,7412,0x1F2A3B4C,DXGI,0,0,1,Hardware: Independent Flip,0,14.758076,6.7119,6.7119,0.4210
DemoGame.exe,7412,0x1F2A3B4C,DXGI,0,0,1,Hardware: Independent Flip,0,14.764863,6.7877,6.7877,0.4210
DemoGame.exe,7412,0x1F2A3B4C,DXGI,0,0,1,Hardware: Independent Flip,0,14.771893,7.0290,7.0290,0.4210
DemoGame.exe,7412,0x1F2A3B4C,DXGI,0,0,1,Hardware: Independent Flip,0,14.779125,7.2322,7.2322,0.4210
DemoGame.exe,7412,0x1F2A3B4C,DXGI,0,0,1,Hardware: Independent Flip,0,14.786087,6.9621,6.9621,0.4210
DemoGame.exe,7412,0x1F2A3B4C,DXGI,0,0,1,Hardware: Independent Flip,0,14.793142,7.0556,7.0556,0.4210
DemoGame.exe,7412,0x1F2A3B4C,DXGI,0,0,1,Hardware: Independent Flip,0,14.799933,6.7902,6.7902,0.4210
DemoGame.exe,7412,0x1F2A3B4C,DXGI,0,0,1,Hardware: Independent Flip,0,14.807019,7.0869,7.0869,0.4210
DemoGame.exe,7412,0x1F2A3B4C,DXGI,0,0,1,Hardware: Independent Flip,0,14.814170,7.1501,7.1501,0.4210
DemoGame.exe,7412,0x1F2A3B4C,DXGI,0,0,1,Hardware: Independent Flip,0,14.820850,6.6805,6.6805,0.4210
DemoGame.exe,7412,0x1F2A3B4C,DXGI,0,0,1,Hardware: Independent Flip,0,14.827730,6.8803,6.8803,0.4210
DemoGame.exe,7412,0x1F2A3B4C,DXGI,0,0,1,Hardware: Independent Flip,0,14.834834,7.1032,7.1032,0.4210
DemoGame.exe,7412,0x1F2A3B4C,DXGI,0,0,1,Hardware: Independent Flip,0,14.841528,6.6948,6.6948,0.4210
DemoGame.exe,7412,0x1F2A3B4C,DXGI,0,0,1,Hardware: Independent Flip,0,14.848351,6.8229,6.8229,0.4210
DemoGame.exe,7412,0x1F2A3B4C,DXGI,0,0,1,Hardware: Independent Flip,0,14.855116,6.7652,6.7652,0.4210
DemoGame.exe,7412,0x1F2A3B4C,DXGI,0,0,1,Hardware: Independent Flip,0,14.862195,7.0787,7.0787,0.4210
DemoGame.exe,7412,0x1F2A3B4C,DXGI,0,0,1,Hardware: Independent Flip,0,14.869306,7.1109,7.1109,0.4210
DemoGame.exe,7412,0x1F2A3B4C,DXGI,0,0,1,Hardware: Independent Flip,0,14.876193,6.8869,6.8869,0.4210
DemoGame.exe,7412,0x1F2A3B4C,DXGI,0,0,1,Hardware: Independent Flip,0,14.882837,6.6445,6.6445,0.4210
DemoGame.exe,7412,0x1F2A3B4C,DXGI,0,0,1,Hardware: Independent Flip,0,14.890016,7.1784,7.1784,0.4210
DemoGame.exe,7412,0x1F2A3B4C,DXGI,0,0,1,Hardware: Independent Flip,0,14.897205,7.1893,7.1893,0.4210
DemoGame.exe,7412,0x1F2A3B4C,DXGI,0,0,1,Hardware: Independent Flip,0,14.904397,7.1915,7.1915,0.4210
DemoGame.exe,7412,0x1F2A3B4C,DXGI,0,0,1,Hardware: Independent Flip,0,14.911639,7.2425,7.2425,0.4210
DemoGame.exe,7412,0x1F2A3B4C,DXGI,0,0,1,Hardware: Independent Flip,0,14.918587,6.9485,6.9485,0.4210
DemoGame.exe,7412,0x1F2A3B4C,DXGI,0,0,1,Hardware: Independent Flip,0,14.925444,6.8570,6.8570,0.4210
DemoGame.exe,7412,0x1F2A3B4C,DXGI,0,0,1,Hardware: Independent Flip,0,14.932266,6.8215,6.8215,0.4210
DemoGame.exe,7412,0x1F2A3B4C,DXGI,0,0,1,Hardware: Independent Flip,0,14.939349,7.0831,7.0831,0.4210
DemoGame.exe,7412,0x1F2A3B4C,DXGI,0,0,1,Hardware: Independent Flip,0,14.946587,7.2377,7.2377,0.4210
DemoGame.exe,7412,0x1F2A3B4C,DXGI,0,0,1,Hardware: Independent Flip,0,14.953294,6.7077,6.7077,0.4210
DemoGame.exe,7412,0x1F2A3B4C,DXGI,0,0,1,Hardware: Independent Flip,0,14.960202,6.9075,6.9075,0.4210
DemoGame.exe,7412,0x1F2A3B4C,DXGI,0,0,1,Hardware: Independent Flip,0,14.967186,6.9838,6.9838,0.4210
DemoGame.exe,7412,0x1F2A3B4C,DXGI,0,0,1,Hardware: Independent Flip,0,14.973851,6.6651,6.6651,0.4210
DemoGame.exe,7412,0x1F2A3B4C,DXGI,0,0,1,Hardware: Independent Flip,0,14.980949,7.0983,7.0983,0.4210
DemoGame.exe,7412,0x1F2A3B4C,DXGI,0,0,1,Hardware: Independent Flip,0,14.987958,7.0093,7.0093,0.4210
DemoGame.exe,7412,0x1F2A3B4C,DXGI,0,0,1,Hardware: Independent Flip,0,14.994851,6.8926,6.8926,0.4210
DemoGame.exe,7412,0x1F2A3B4C,DXGI,0,0,1,Hardware: Independent Flip,0,15.001916,7.0649,7.0649,0.4210
DemoGame.exe,7412,0x1F2A3B4C,DXGI,0,0,1,Hardware: Independent Flip,0,15.008943,7.0275,7.0275,0.4210
DemoGame.exe,7412,0x1F2A3B4C,DXGI,0,0,1,Hardware: Independent Flip,0,15.015793,6.8496,6.8496,0.4210
DemoGame.exe,7412,0x1F2A3B4C,DXGI,0,0,1,Hardware: Independent Flip,0,15.022748,6.9555,6.9555,0.4210
DemoGame.exe,7412,0x1F2A3B4C,DXGI,0,0,1,Hardware: Independent Flip,0,15.029486,6.7377,6.7377,0.4210
DemoGame.exe,7412,0x1F2A3B4C,DXGI,0,0,1,Hardware: Independent Flip,0,15.036662,7.1762,7.1762,0.4210
DemoGame.exe,7412,0x1F2A3B4C,DXGI,0,0,1,Hardware: Independent Flip,0,15.043707,7.0446,7.0446,0.4210
DemoGame.exe,7412,0x1F2A3B4C,DXGI,0,0,1,Hardware: Independent Flip,0,15.050532,6.8250,6.8250,0.4210
DemoGame.exe,7412,0x1F2A3B4C,DXGI,0,0,1,Hardware: Independent Flip,0,15.057334,6.8021,6.8021,0.4210
DemoGame.exe,7412,0x1F2A3B4C,DXGI,0,0,1,Hardware: Independent Flip,0,15.064056,6.7217,6.7217,0.4210
DemoGame.exe,7412,0x1F2A3B4C,DXGI,0,0,1,Hardware: Independent Flip,0,15.070762,6.7061,6.7061,0.4210
DemoGame.exe,7412,0x1F2A3B4C,DXGI,0,0,1,Hardware: Independent Flip,0,15.077872,7.1103,7.1103,0.4210
DemoGame.exe,7412,0x1F2A3B4C,DXGI,0,0,1,Hardware: Independent Flip,0,15.084955,7.0832,7.0832,0.4210
DemoGame.exe,7412,0x1F2A3B4C,DXGI,0,0,1,Hardware: Independent Flip,0,15.092002,7.0469,7.0469,0.4210
DemoGame.exe,7412,0x1F2A3B4C,DXGI,0,0,1,Hardware: Independent Flip,0,15.098900,6.8978,6.8978,0.4210
DemoGame.exe,7412,0x1F2A3B4C,DXGI,0,0,1,Hardware: Independent Flip,0,15.105579,6.6785,6.6785,0.4210
DemoGame.exe,7412,0x1F2A3B4C,DXGI,0,0,1,Hardware: Independent Flip,0,15.112680,7.1014,7.1014,0.4210
DemoGame.exe,7412,0x1F2A3B4C,DXGI,0,0,1,Hardware: Independent Flip,0,15.119823,7.1428,7.1428,0.4210
DemoGame.exe,7412,0x1F2A3B4C,DXGI,0,0,1,Hardware: Independent Flip,0,15.126597,6.7738,6.7738,0.4210
DemoGame.exe,7412,0x1F2A3B4C,DXGI,0,0,1,Hardware: Independent Flip,0,15.133778,7.1817,7.1817,0.4210
DemoGame.exe,7412,0x1F2A3B4C,DXGI,0,0,1,Hardware: Independent Flip,0,15.140543,6.7644,6.7644,0.4210
DemoGame.exe,7412,0x1F2A3B4C,DXGI,0,0,1,Hardware: Independent Flip,0,15.147332,6.7892,6.7892,0.4210
DemoGame.exe,7412,0x1F2A3B4C,DXGI,0,0,1,Hardware: Independent Flip,0,15.154057,6.7246,6.7246,0.4210
DemoGame.exe,7412,0x1F2A3B4C,DXGI,0,0,1,Hardware: Independent Flip,0,15.161076,7.0192,7.0192,0.4210
DemoGame.exe,7412,0x1F2A3B4C,DXGI,0,0,1,Hardware: Independent Flip,0,15.167860,6.7847,6.7847,0.4210
DemoGame.exe,7412,0x1F2A3B4C,DXGI,0,0,1,Hardware: Independent Flip,0,15.175077,7.2165,7.2165,0.4210
DemoGame.exe,7412,0x1F2A3B4C,DXGI,0,0,1,Hardware: Independent Flip,0,15.181873,6.7964,6.7964,0.4210
DemoGame.exe,7412,0x1F2A3B4C,DXGI,0,0,1,Hardware: Independent Flip,0,15.188897,7.0232,7.0232,0.4210
DemoGame.exe,7412,0x1F2A3B4C,DXGI,0,0,1,Hardware: Independent Flip,0,15.195783,6.8866,6.8866,0.4210
DemoGame.exe,7412,0x1F2A3B4C,DXGI,0,0,1,Hardware: Independent Flip,0,15.202724,6.9407,6.9407,0.4210
DemoGame.exe,7412,0x1F2A3B4C,DXGI,0,0,1,Hardware: Independent Flip,0,15.209583,6.8592,6.8592,0.4210
DemoGame.exe,7412,0x1F2A3B4C,DXGI,0,0,1,Hardware: Independent Flip,0,15.216232,6.6489,6.6489,0.4210
DemoGame.exe,7412,0x1F2A3B4C,DXGI,0,0,1,Hardware: Independent Flip,0,15.223161,6.9295,6.9295,0.4210
DemoGame.exe,7412,0x1F2A3B4C,DXGI,0,0,1,Hardware: Independent Flip,0,15.230336,7.1743,7.1743,0.4210
DemoGame.exe,7412,0x1F2A3B4C,DXGI,0,0,1,Hardware: Independent Flip,0,15.237280,6.9443,6.9443,0.4210
DemoGame.exe,7412,0x1F2A3B4C,DXGI,0,0,1,Hardware: Independent Flip,0,15.243975,6.6952,6.6952,0.4210
DemoGame.exe,7412,0x1F2A3B4C,DXGI,0,0,1,Hardware: Independent Flip,0,15.250881,6.9053,6.9053,0.4210
DemoGame.exe,7412,0x1F2A3B4C,DXGI,0,0,1,Hardware: Independent Flip,0,15.258056,7.1754,7.1754,0.4210
DemoGame.exe,7412,0x1F2A3B4C,DXGI,0,0,1,Hardware: Independent Flip,0,15.265207,7.1507,7.1507,0.4210
DemoGame.exe,7412,0x1F2A3B4C,DXGI,0,0,1,Hardware: Independent Flip,0,15.271853,6.6462,6.6462,0.4210
DemoGame.exe,7412,0x1F2A3B4C,DXGI,0,0,1,Hardware: Independent Flip,0,15.278641,6.7886,6.7886,0.4210
DemoGame.exe,7412,0x1F2A3B4C,DXGI,0,0,1,Hardware: Independent Flip,0,15.285652,7.0105,7.0105,0.4210
DemoGame.exe,7412,0x1F2A3B4C,DXGI,0,0,1,Hardware: Independent Flip,0,15.292736,7.0843,7.0843,0.4210
DemoGame.exe,7412,0x1F2A3B4C,DXGI,0,0,1,Hardware: Independent Flip,0,15.299607,6.8708,6.8708,0.4210
DemoGame.exe,7412,0x1F2A3B4C,DXGI,0,0,1,Hardware: Independent Flip,0,15.306402,6.7949,6.7949,0.4210
DemoGame.exe,7412,0x1F2A3B4C,DXGI,0,0,1,Hardware: Independent Flip,0,15.313357,6.9552,6.9552,0.4210
DemoGame.exe,7412,0x1F2A3B4C,DXGI,0,0,1,Hardware: Independent Flip,0,15.320601,7.2439,7.2439,0.4210
DemoGame.exe,7412,0x1F2A3B4C,DXGI,0,0,1,Hardware: Independent Flip,0,15.327436,6.8348,6.8348,0.4210
DemoGame.exe,7412,0x1F2A3B4C,DXGI,0,0,1,Hardware: Independent Flip,0,15.334490,7.0539,7.0539,0.4210
DemoGame.exe,7412,0x1F2A3B4C,DXGI,0,0,1,Hardware: Independent Flip,0,15.341363,6.8730,6.8730,0.4210
DemoGame.exe,7412,0x1F2A3B4C,DXGI,0,0,1,Hardware: Independent Flip,0,15.348489,7.1264,7.1264,0.4210
DemoGame.exe,7412,0x1F2A3B4C,DXGI,0,0,1,Hardware: Independent Flip,0,15.355255,6.7663,6.7663,0.4210
DemoGame.exe,7412,0x1F2A3B4C,DXGI,0,0,1,Hardware: Independent Flip,0,15.362224,6.9686,6.9686,0.4210
DemoGame.exe,7412,0x1F2A3B4C,DXGI,0,0,1,Hardware: Independent Flip,0,15.369295,7.0716,7.0716,0.4210
DemoGame.exe,7412,0x1F2A3B4C,DXGI,0,0,1,Hardware: Independent Flip,0,15.376068,6.7722,6.7722,0.4210
DemoGame.exe,7412,0x1F2A3B4C,DXGI,0,0,1,Hardware: Independent Flip,0,15.382987,6.9196,6.9196,0.4210
DemoGame.exe,7412,0x1F2A3B4C,DXGI,0,0,1,Hardware: Independent Flip,0,15.389934,6.9470,6.9470,0.4210
DemoGame.exe,7412,0x1F2A3B4C,DXGI,0,0,1,Hardware: Independent Flip,0,15.397009,7.0743,7.0743,0.4210
DemoGame.exe,7412,0x1F2A3B4C,DXGI,0,0,1,Hardware: Independent Flip,0,15.403824,6.8149,6.8149,0.4210
DemoGame.exe,7412,0x1F2A3B4C,DXGI,0,0,1,Hardware: Independent Flip,0,15.410589,6.7652,6.7652,0.4210
DemoGame.exe,7412,0x1F2A3B4C,DXGI,0,0,1,Hardware: Independent Flip,0,15.417613,7.0238,7.0238,0.4210
DemoGame.exe,7412,0x1F2A3B4C,DXGI,0,0,1,Hardware: Independent Flip,0,15.424278,6.6654,6.6654,0.4210
DemoGame.exe,7412,0x1F2A3B4C,DXGI,0,0,1,Hardware: Independent Flip,0,15.431460,7.1824,7.1824,0.4210
DemoGame.exe,7412,0x1F2A3B4C,DXGI,0,0,1,Hardware: Independent Flip,0,15.438566,7.1054,7.1054,0.4210
DemoGame.exe,7412,0x1F2A3B4C,DXGI,0,0,1,Hardware: Independent Flip,0,15.445672,7.1065,7.1065,0.4210
DemoGame.exe,7412,0x1F2A3B4C,DXGI,0,0,1,Hardware: Independent Flip,0,15.452374,6.7012,6.7012,0.4210
DemoGame.exe,7412,0x1F2A3B4C,DXGI,0,0,1,Hardware: Independent Flip,0,15.459198,6.8249,6.8249,0.4210
DemoGame.exe,7412,0x1F2A3B4C,DXGI,0,0,1,Hardware: Independent Flip,0,15.466351,7.1529,7.1529,0.4210
DemoGame.exe,7412,0x1F2A3B4C,DXGI,0,0,1,Hardware: Independent Flip,0,15.473098,6.7466,6.7466,0.4210
DemoGame.exe,7412,0x1F2A3B4C,DXGI,0,0,1,Hardware: Independent Flip,0,15.479944,6.8466,6.8466,0.4210
DemoGame.exe,7412,0x1F2A3B4C,DXGI,0,0,1,Hardware: Independent Flip,0,15.486962,7.0171,7.0171,0.4210
DemoGame.exe,7412,0x1F2A3B4C,DXGI,0,0,1,Hardware: Independent Flip,0,15.494132,7.1701,7.1701,0.4210
DemoGame.exe,7412,0x1F2A3B4C,DXGI,0,0,1,Hardware: Independent Flip,0,15.501368,7.2361,7.2361,0.4210
DemoGame.exe,7412,0x1F2A3B4C,DXGI,0,0,1,Hardware: Independent Flip,0,15.508139,6.7716,6.7716,0.4210
DemoGame.exe,7412,0x1F2A3B4C,DXGI,0,0,1,Hardware: Independent Flip,0,15.515176,7.0371,7.0371,0.4210
DemoGame.exe,7412,0x1F2A3B4C,DXGI,0,0,1,Hardware: Independent Flip,0,15.522174,6.9978,6.9978,0.4210
DemoGame.exe,7412,0x1F2A3B4C,DXGI,0,0,1,Hardware: Independent Flip,0,15.529123,6.9489,6.9489,0.4210
DemoGame.exe,7412,0x1F2A3B4C,DXGI,0,0,1,Hardware: Independent Flip,0,15.536221,7.0978,7.0978,0.4210
DemoGame.exe,7412,0x1F2A3B4C,DXGI,0,0,1,Hardware: Independent Flip,0,15.543089,6.8684,6.8684,0.4210
DemoGame.exe,7412,0x1F2A3B4C,DXGI,0,0,1,Hardware: Independent Flip,0,15.550163,7.0735,7.0735,0.4210
DemoGame.exe,7412,0x1F2A3B4C,DXGI,0,0,1,Hardware: Independent Flip,0,15.557379,7.2166,7.2166,0.4210
DemoGame.exe,7412,0x1F2A3B4C,DXGI,0,0,1,Hardware: Independent Flip,0,15.564585,7.2056,7.2056,0.4210
DemoGame.exe,7412,0x1F2A3B4C,DXGI,0,0,1,Hardware: Independent Flip,0,15.571798,7.2134,7.2134,0.4210
DemoGame.exe,7412,0x1F2A3B4C,DXGI,0,0,1,Hardware: Independent Flip,0,15.578456,6.6576,6.6576,0.4210
DemoGame.exe,7412,0x1F2A3B4C,DXGI,0,0,1,Hardware: Independent Flip,0,15.585514,7.0583,7.0583,0.4210
DemoGame.exe,7412,0x1F2A3B4C,DXGI,0,0,1,Hardware: Independent Flip,0,15.592251,6.7368,6.7368,0.4210
DemoGame.exe,7412,0x1F2A3B4C,DXGI,0,0,1,Hardware: Independent Flip,0,15.599176,6.9244,6.9244,0.4210
DemoGame.exe,7412,0x1F2A3B4C,DXGI,0,0,1,Hardware: Independent Flip,0,15.606277,7.1019,7.1019,0.4210
DemoGame.exe,7412,0x1F2A3B4C,DXGI,0,0,1,Hardware: Independent Flip,0,15.613324,7.0461,7.0461,0.4210
DemoGame.exe,7412,0x1F2A3B4C,DXGI,0,0,1,Hardware: Independent Flip,0,15.619992,6.6687,6.6687,0.4210
DemoGame.exe,7412,0x1F2A3B4C,DXGI,0,0,1,Hardware: Independent Flip,0,15.626984,6.9922,6.9922,0.4210
DemoGame.exe,7412,0x1F2A3B4C,DXGI,0,0,1,Hardware: Independent Flip,0,15.634059,7.0750,7.0750,0.4210
DemoGame.exe,7412,0x1F2A3B4C,DXGI,0,0,1,Hardware: Independent Flip,0,15.641064,7.0045,7.0045,0.4210
DemoGame.exe,7412,0x1F2A3B4C,DXGI,0,0,1,Hardware: Independent Flip,0,15.648093,7.0295,7.0295,0.4210
DemoGame.exe,7412,0x1F2A3B4C,DXGI,0,0,1,Hardware: Independent Flip,0,15.654960,6.8664,6.8664,0.4210
DemoGame.exe,7412,0x1F2A3B4C,DXGI,0,0,1,Hardware: Independent Flip,0,15.661727,6.7672,6.7672,0.4210
DemoGame.exe,7412,0x1F2A3B4C,DXGI,0,0,1,Hardware: Independent Flip,0,15.668799,7.0721,7.0721,0.4210
DemoGame.exe,7412,0x1F2A3B4C,DXGI,0,0,1,Hardware: Independent Flip,0,15.676022,7.2229,7.2229,0.4210
DemoGame.exe,7412,0x1F2A3B4C,DXGI,0,0,1,Hardware: Independent Flip,0,15.683030,7.0082,7.0082,0.4210
DemoGame.exe,7412,0x1F2A3B4C,DXGI,0,0,1,Hardware: Independent Flip,0,15.689768,6.7377,6.7377,0.4210
DemoGame.exe,7412,0x1F2A3B4C,DXGI,0,0,1,Hardware: Independent Flip,0,15.696542,6.7743,6.7743,0.4210
DemoGame.exe,7412,0x1F2A3B4C,DXGI,0,0,1,Hardware: Independent Flip,0,15.703277,6.7350,6.7350,0.4210
DemoGame.exe,7412,0x1F2A3B4C,DXGI,0,0,1,Hardware: Independent Flip,0,15.710009,6.7322,6.7322,0.4210
DemoGame.exe,7412,0x1F2A3B4C,DXGI,0,0,1,Hardware: Independent Flip,0,15.716861,6.8513,6.8513,0.4210
DemoGame.exe,7412,0x1F2A3B4C,DXGI,0,0,1,Hardware: Independent Flip,0,15.723961,7.0999,7.0999,0.4210
DemoGame.exe,7412,0x1F2A3B4C,DXGI,0,0,1,Hardware: Independent Flip,0,15.731161,7.2003,7.2003,0.4210
DemoGame.exe,7412,0x1F2A3B4C,DXGI,0,0,1,Hardware: Independent Flip,0,15.737935,6.7742,6.7742,0.4210
DemoGame.exe,7412,0x1F2A3B4C,DXGI,0,0,1,Hardware: Independent Flip,0,15.744776,6.8410,6.8410,0.4210
DemoGame.exe,7412,0x1F2A3B4C,DXGI,0,0,1,Hardware: Independent Flip,0,15.751455,6.6785,6.6785,0.4210
DemoGame.exe,7412,0x1F2A3B4C,DXGI,0,0,1,Hardware: Independent Flip,0,15.758473,7.0184,7.0184,0.4210
DemoGame.exe,7412,0x1F2A3B4C,DXGI,0,0,1,Hardware: Independent Flip,0,15.765688,7.2147,7.2147,0.4210
DemoGame.exe,7412,0x1F2A3B4C,DXGI,0,0,1,Hardware: Independent Flip,0,15.772781,7.0932,7.0932,0.4210
DemoGame.exe,7412,0x1F2A3B4C,DXGI,0,0,1,Hardware: Independent Flip,0,15.779631,6.8500,6.8500,0.4210
DemoGame.exe,7412,0x1F2A3B4C,DXGI,0,0,1,Hardware: Independent Flip,0,15.786616,6.9854,6.9854,0.4210
DemoGame.exe,7412,0x1F2A3B4C,DXGI,0,0,1,Hardware: Independent Flip,0,15.793409,6.7926,6.7926,0.4210
DemoGame.exe,7412,0x1F2A3B4C,DXGI,0,0,1,Hardware: Independent Flip,0,15.800471,7.0622,7.0622,0.4210
DemoGame.exe,7412,0x1F2A3B4C,DXGI,0,0,1,Hardware: Independent Flip,0,15.807167,6.6961,6.6961,0.4210
DemoGame.exe,7412,0x1F2A3B4C,DXGI,0,0,1,Hardware: Independent Flip,0,15.814336,7.1688,7.1688,0.4210
DemoGame.exe,7412,0x1F2A3B4C,DXGI,0,0,1,Hardware: Independent Flip,0,15.821027,6.6911,6.6911,0.4210
DemoGame.exe,7412,0x1F2A3B4C,DXGI,0,0,1,Hardware: Independent Flip,0,15.828041,7.0137,7.0137,0.4210
DemoGame.exe,7412,0x1F2A3B4C,DXGI,0,0,1,Hardware: Independent Flip,0,15.835061,7.0208,7.0208,0.4210
DemoGame.exe,7412,0x1F2A3B4C,DXGI,0,0,1,Hardware: Independent Flip,0,15.842028,6.9670,6.9670,0.4210
DemoGame.exe,7412,0x1F2A3B4C,DXGI,0,0,1,Hardware: Independent Flip,0,15.848779,6.7507,6.7507,0.4210
DemoGame.exe,7412,0x1F2A3B4C,DXGI,0,0,1,Hardware: Independent Flip,0,15.855501,6.7220,6.7220,0.4210
DemoGame.exe,7412,0x1F2A3B4C,DXGI,0,0,1,Hardware: Independent Flip,0,15.862600,7.0984,7.0984,0.4210
DemoGame.exe,7412,0x1F2A3B4C,DXGI,0,0,1,Hardware: Independent Flip,0,15.869786,7.1861,7.1861,0.4210
DemoGame.exe,7412,0x1F2A3B4C,DXGI,0,0,1,Hardware: Independent Flip,0,15.876595,6.8096,6.8096,0.4210
DemoGame.exe,7412,0x1F2A3B4C,DXGI,0,0,1,Hardware: Independent Flip,0,15.883446,6.8505,6.8505,0.4210
DemoGame.exe,7412,0x1F2A3B4C,DXGI,0,0,1,Hardware: Independent Flip,0,15.890595,7.1492,7.1492,0.4210
DemoGame.exe,7412,0x1F2A3B4C,DXGI,0,0,1,Hardware: Independent Flip,0,15.897509,6.9139,6.9139,0.4210
DemoGame.exe,7412,0x1F2A3B4C,DXGI,0,0,1,Hardware: Independent Flip,0,15.904679,7.1697,7.1697,0.4210
DemoGame.exe,7412,0x1F2A3B4C,DXGI,0,0,1,Hardware: Independent Flip,0,15.911649,6.9700,6.9700,0.4210
DemoGame.exe,7412,0x1F2A3B4C,DXGI,0,0,1,Hardware: Independent Flip,0,15.918382,6.7336,6.7336,0.4210
DemoGame.exe,7412,0x1F2A3B4C,DXGI,0,0,1,Hardware: Independent Flip,0,15.925157,6.7747,6.7747,0.4210
DemoGame.exe,7412,0x1F2A3B4C,DXGI,0,0,1,Hardware: Independent Flip,0,15.932100,6.9432,6.9432,0.4210
DemoGame.exe,7412,0x1F2A3B4C,DXGI,0,0,1,Hardware: Independent Flip,0,15.939226,7.1256,7.1256,0.4210
DemoGame.exe,7412,0x1F2A3B4C,DXGI,0,0,1,Hardware: Independent Flip,0,15.946343,7.1174,7.1174,0.4210
DemoGame.exe,7412,0x1F2A3B4C,DXGI,0,0,1,Hardware: Independent Flip,0,15.953349,7.0061,7.0061,0.4210
DemoGame.exe,7412,0x1F2A3B4C,DXGI,0,0,1,Hardware: Independent Flip,0,15.960151,6.8017,6.8017,0.4210
DemoGame.exe,7412,0x1F2A3B4C,DXGI,0,0,1,Hardware: Independent Flip,0,15.967253,7.1020,7.1020,0.4210
DemoGame.exe,7412,0x1F2A3B4C,DXGI,0,0,1,Hardware: Independent Flip,0,15.974459,7.2066,7.2066,0.4210
DemoGame.exe,7412,0x1F2A3B4C,DXGI,0,0,1,Hardware: Independent Flip,0,15.981187,6.7274,6.7274,0.4210
DemoGame.exe,7412,0x1F2A3B4C,DXGI,0,0,1,Hardware: Independent Flip,0,15.988254,7.0674,7.0674,0.4210
DemoGame.exe,7412,0x1F2A3B4C,DXGI,0,0,1,Hardware: Independent Flip,0,15.994926,6.6718,6.6718,0.4210
DemoGame.exe,7412,0x1F2A3B4C,DXGI,0,0,1,Hardware: Independent Flip,0,16.001624,6.6979,6.6979,0.4210
DemoGame.exe,7412,0x1F2A3B4C,DXGI,0,0,1,Hardware: Independent Flip,0,16.008767,7.1430,7.1430,0.4210
DemoGame.exe,7412,0x1F2A3B4C,DXGI,0,0,1,Hardware: Independent Flip,0,16.015636,6.8690,6.8690,0.4210
DemoGame.exe,7412,0x1F2A3B4C,DXGI,0,0,1,Hardware: Independent Flip,0,16.022299,6.6631,6.6631,0.4210
DemoGame.exe,7412,0x1F2A3B4C,DXGI,0,0,1,Hardware: Independent Flip,0,16.029180,6.8810,6.8810,0.4210
DemoGame.exe,7412,0x1F2A3B4C,DXGI,0,0,1,Hardware: Independent Flip,0,16.036228,7.0482,7.0482,0.4210
DemoGame.exe,7412,0x1F2A3B4C,DXGI,0,0,1,Hardware: Independent Flip,0,16.042943,6.7152,6.7152,0.4210
DemoGame.exe,7412,0x1F2A3B4C,DXGI,0,0,1,Hardware: Independent Flip,0,16.050091,7.1473,7.1473,0.4210
DemoGame.exe,7412,0x1F2A3B4C,DXGI,0,0,1,Hardware: Independent Flip,0,16.057267,7.1758,7.1758,0.4210
DemoGame.exe,7412,0x1F2A3B4C,DXGI,0,0,1,Hardware: Independent Flip,0,16.064505,7.2386,7.2386,0.4210
DemoGame.exe,7412,0x1F2A3B4C,DXGI,0,0,1,Hardware: Independent Flip,0,16.071466,6.9609,6.9609,0.4210
DemoGame.exe,7412,0x1F2A3B4C,DXGI,0,0,1,Hardware: Independent Flip,0,16.078517,7.0513,7.0513,0.4210
DemoGame.exe,7412,0x1F2A3B4C,DXGI,0,0,1,Hardware: Independent Flip,0,16.085746,7.2283,7.2283,0.4210
DemoGame.exe,7412,0x1F2A3B4C,DXGI,0,0,1,Hardware: Independent Flip,0,16.092400,6.6543,6.6543,0.4210
DemoGame.exe,7412,0x1F2A3B4C,DXGI,0,0,1,Hardware: Independent Flip,0,16.099397,6.9969,6.9969,0.4210
DemoGame.exe,7412,0x1F2A3B4C,DXGI,0,0,1,Hardware: Independent Flip,0,16.106554,7.1577,7.1577,0.4210
DemoGame.exe,7412,0x1F2A3B4C,DXGI,0,0,1,Hardware: Independent Flip,0,16.113589,7.0347,7.0347,0.4210
DemoGame.exe,7412,0x1F2A3B4C,DXGI,0,0,1,Hardware: Independent Flip,0,16.120757,7.1677,7.1677,0.4210
DemoGame.exe,7412,0x1F2A3B4C,DXGI,0,0,1,Hardware: Independent Flip,0,16.127693,6.9358,6.9358,0.4210
DemoGame.exe,7412,0x1F2A3B4C,DXGI,0,0,1,Hardware: Independent Flip,0,16.134701,7.0086,7.0086,0.4210
DemoGame.exe,7412,0x1F2A3B4C,DXGI,0,0,1,Hardware: Independent Flip,0,16.141794,7.0926,7.0926,0.4210
DemoGame.exe,7412,0x1F2A3B4C,DXGI,0,0,1,Hardware: Independent Flip,0,16.148683,6.8888,6.8888,0.4210
DemoGame.exe,7412,0x1F2A3B4C,DXGI,0,0,1,Hardware: Independent Flip,0,16.155686,7.0036,7.0036,0.4210
DemoGame.exe,7412,0x1F2A3B4C,DXGI,0,0,1,Hardware: Independent Flip,0,16.162406,6.7193,6.7193,0.4210
DemoGame.exe,7412,0x1F2A3B4C,DXGI,0,0,1,Hardware: Independent Flip,0,16.169092,6.6862,6.6862,0.4210
DemoGame.exe,7412,0x1F2A3B4C,DXGI,0,0,1,Hardware: Independent Flip,0,16.176003,6.9109,6.9109,0.4210
DemoGame.exe,7412,0x1F2A3B4C,DXGI,0,0,1,Hardware: Independent Flip,0,16.183192,7.1889,7.1889,0.4210
DemoGame.exe,7412,0x1F2A3B4C,DXGI,0,0,1,Hardware: Independent Flip,0,16.190126,6.9339,6.9339,0.4210
DemoGame.exe,7412,0x1F2A3B4C,DXGI,0,0,1,Hardware: Independent Flip,0,16.206858,16.7327,16.7327,0.4210
DemoGame.exe,7412,0x1F2A3B4C,DXGI,0,0,1,Hardware: Independent Flip,0,16.213691,6.8331,6.8331,0.4210
DemoGame.exe,7412,0x1F2A3B4C,DXGI,0,0,1,Hardware: Independent Flip,0,16.220742,7.0511,7.0511,0.4210
DemoGame.exe,7412,0x1F2A3B4C,DXGI,0,0,1,Hardware: Independent Flip,0,16.227680,6.9374,6.9374,0.4210
DemoGame.exe,7412,0x1F2A3B4C,DXGI,0,0,1,Hardware: Independent Flip,0,16.234823,7.1435,7.1435,0.4210
DemoGame.exe,7412,0x1F2A3B4C,DXGI,0,0,1,Hardware: Independent Flip,0,16.241546,6.7230,6.7230,0.4210
DemoGame.exe,7412,0x1F2A3B4C,DXGI,0,0,1,Hardware: Independent Flip,0,16.248214,6.6680,6.6680,0.4210
DemoGame.exe,7412,0x1F2A3B4C,DXGI,0,0,1,Hardware: Independent Flip,0,16.255414,7.1994,7.1994,0.4210
DemoGame.exe,7412,0x1F2A3B4C,DXGI,0,0,1,Hardware: Independent Flip,0,16.262375,6.9611,6.9611,0.4210
DemoGame.exe,7412,0x1F2A3B4C,DXGI,0,0,1,Hardware: Independent Flip,0,16.269165,6.7905,6.7905,0.4210
DemoGame.exe,7412,0x1F2A3B4C,DXGI,0,0,1,Hardware: Independent Flip,0,16.276379,7.2136,7.2136,0.4210
DemoGame.exe,7412,0x1F2A3B4C,DXGI,0,0,1,Hardware: Independent Flip,0,16.283124,6.7451,6.7451,0.4210
DemoGame.exe,7412,0x1F2A3B4C,DXGI,0,0,1,Hardware: Independent Flip,0,16.289967,6.8427,6.8427,0.4210
DemoGame.exe,7412,0x1F2A3B4C,DXGI,0,0,1,Hardware: Independent Flip,0,16.296633,6.6665,6.6665,0.4210
DemoGame.exe,7412,0x1F2A3B4C,DXGI,0,0,1,Hardware: Independent Flip,0,16.303671,7.0382,7.0382,0.4210
DemoGame.exe,7412,0x1F2A3B4C,DXGI,0,0,1,Hardware: Independent Flip,0,16.310410,6.7390,6.7390,0.4210
DemoGame.exe,7412,0x1F2A3B4C,DXGI,0,0,1,Hardware: Independent Flip,0,16.317468,7.0578,7.0578,0.4210
DemoGame.exe,7412,0x1F2A3B4C,DXGI,0,0,1,Hardware: Independent Flip,0,16.324604,7.1359,7.1359,0.4210
DemoGame.exe,7412,0x1F2A3B4C,DXGI,0,0,1,Hardware: Independent Flip,0,16.331745,7.1414,7.1414,0.4210
DemoGame.exe,7412,0x1F2A3B4C,DXGI,0,0,1,Hardware: Independent Flip,0,16.338852,7.1071,7.1071,0.4210
DemoGame.exe,7412,0x1F2A3B4C,DXGI,0,0,1,Hardware: Independent Flip,0,16.345505,6.6532,6.6532,0.4210
DemoGame.exe,7412,0x1F2A3B4C,DXGI,0,0,1,Hardware: Independent Flip,0,16.352393,6.8880,6.8880,0.4210
DemoGame.exe,7412,0x1F2A3B4C,DXGI,0,0,1,Hardware: Independent Flip,0,16.359105,6.7113,6.7113,0.4210
DemoGame.exe,7412,0x1F2A3B4C,DXGI,0,0,1,Hardware: Independent Flip,0,16.365788,6.6829,6.6829,0.4210
DemoGame.exe,7412,0x1F2A3B4C,DXGI,0,0,1,Hardware: Independent Flip,0,16.372823,7.0357,7.0357,0.4210
DemoGame.exe,7412,0x1F2A3B4C,DXGI,0,0,1,Hardware: Independent Flip,0,16.379526,6.7029,6.7029,0.4210
DemoGame.exe,7412,0x1F2A3B4C,DXGI,0,0,1,Hardware: Independent Flip,0,16.386349,6.8231,6.8231,0.4210
DemoGame.exe,7412,0x1F2A3B4C,DXGI,0,0,1,Hardware: Independent Flip,0,16.393402,7.0532,7.0532,0.4210
DemoGame.exe,7412,0x1F2A3B4C,DXGI,0,0,1,Hardware: Independent Flip,0,16.400186,6.7834,6.7834,0.4210
DemoGame.exe,7412,0x1F2A3B4C,DXGI,0,0,1,Hardware: Independent Flip,0,16.406980,6.7937,6.7937,0.4210
DemoGame.exe,7412,0x1F2A3B4C,DXGI,0,0,1,Hardware: Independent Flip,0,16.414200,7.2209,7.2209,0.4210
DemoGame.exe,7412,0x1F2A3B4C,DXGI,0,0,1,Hardware: Independent Flip,0,16.421414,7.2140,7.2140,0.4210
DemoGame.exe,7412,0x1F2A3B4C,DXGI,0,0,1,Hardware: Independent Flip,0,16.428518,7.1033,7.1033,0.4210
DemoGame.exe,7412,0x1F2A3B4C,DXGI,0,0,1,Hardware: Independent Flip,0,16.435543,7.0252,7.0252,0.4210
DemoGame.exe,7412,0x1F2A3B4C,DXGI,0,0,1,Hardware: Independent Flip,0,16.442323,6.7802,6.7802,0.4210
DemoGame.exe,7412,0x1F2A3B4C,DXGI,0,0,1,Hardware: Independent Flip,0,16.449310,6.9867,6.9867,0.4210
DemoGame.exe,7412,0x1F2A3B4C,DXGI,0,0,1,Hardware: Independent Flip,0,16.456141,6.8315,6.8315,0.4210
DemoGame.exe,7412,0x1F2A3B4C,DXGI,0,0,1,Hardware: Independent Flip,0,16.462809,6.6675,6.6675,0.4210
DemoGame.exe,7412,0x1F2A3B4C,DXGI,0,0,1,Hardware: Independent Flip,0,16.469961,7.1518,7.1518,0.4210
DemoGame.exe,7412,0x1F2A3B4C,DXGI,0,0,1,Hardware: Independent Flip,0,16.477110,7.1493,7.1493,0.4210
DemoGame.exe,7412,0x1F2A3B4C,DXGI,0,0,1,Hardware: Independent Flip,0,16.484340,7.2302,7.2302,0.4210
DemoGame.exe,7412,0x1F2A3B4C,DXGI,0,0,1,Hardware: Independent Flip,0,16.491382,7.0415,7.0415,0.4210
DemoGame.exe,7412,0x1F2A3B4C,DXGI,0,0,1,Hardware: Independent Flip,0,16.498222,6.8406,6.8406,0.4210
DemoGame.exe,7412,0x1F2A3B4C,DXGI,0,0,1,Hardware: Independent Flip,0,16.505111,6.8883,6.8883,0.4210
DemoGame.exe,7412,0x1F2A3B4C,DXGI,0,0,1,Hardware: Independent Flip,0,16.512309,7.1982,7.1982,0.4210
DemoGame.exe,7412,0x1F2A3B4C,DXGI,0,0,1,Hardware: Independent Flip,0,16.519144,6.8347,6.8347,0.4210
DemoGame.exe,7412,0x1F2A3B4C,DXGI,0,0,1,Hardware: Independent Flip,0,16.525953,6.8099,6.8099,0.4210
DemoGame.exe,7412,0x1F2A3B4C,DXGI,0,0,1,Hardware: Independent Flip,0,16.533024,7.0702,7.0702,0.4210
DemoGame.exe,7412,0x1F2A3B4C,DXGI,0,0,1,Hardware: Independent Flip,0,16.540118,7.0946,7.0946,0.4210
DemoGame.exe,7412,0x1F2A3B4C,DXGI,0,0,1,Hardware: Independent Flip,0,16.547027,6.9086,6.9086,0.4210
DemoGame.exe,7412,0x1F2A3B4C,DXGI,0,0,1,Hardware: Independent Flip,0,16.553932,6.9055,6.9055,0.4210
DemoGame.exe,7412,0x1F2A3B4C,DXGI,0,0,1,Hardware: Independent Flip,0,16.560727,6.7943,6.7943,0.4210
DemoGame.exe,7412,0x1F2A3B4C,DXGI,0,0,1,Hardware: Independent Flip,0,16.567740,7.0136,7.0136,0.4210
DemoGame.exe,7412,0x1F2A3B4C,DXGI,0,0,1,Hardware: Independent Flip,0,16.574466,6.7258,6.7258,0.4210
DemoGame.exe,7412,0x1F2A3B4C,DXGI,0,0,1,Hardware: Independent Flip,0,16.581391,6.9247,6.9247,0.4210
DemoGame.exe,7412,0x1F2A3B4C,DXGI,0,0,1,Hardware: Independent Flip,0,16.588158,6.7671,6.7671,0.4210
DemoGame.exe,7412,0x1F2A3B4C,DXGI,0,0,1,Hardware: Independent Flip,0,16.594924,6.7658,6.7658,0.4210
DemoGame.exe,7412,0x1F2A3B4C,DXGI,0,0,1,Hardware: Independent Flip,0,16.601936,7.0122,7.0122,0.4210
DemoGame.exe,7412,0x1F2A3B4C,DXGI,0,0,1,Hardware: Independent Flip,0,16.609082,7.1457,7.1457,0.4210
DemoGame.exe,7412,0x1F2A3B4C,DXGI,0,0,1,Hardware: Independent Flip,0,16.616166,7.0847,7.0847,0.4210
DemoGame.exe,7412,0x1F2A3B4C,DXGI,0,0,1,Hardware: Independent Flip,0,16.623310,7.1438,7.1438,0.4210
DemoGame.exe,7412,0x1F2A3B4C,DXGI,0,0,1,Hardware: Independent Flip,0,16.630169,6.8589,6.8589,0.4210
DemoGame.exe,7412,0x1F2A3B4C,DXGI,0,0,1,Hardware: Independent Flip,0,16.637229,7.0600,7.0600,0.4210
DemoGame.exe,7412,0x1F2A3B4C,DXGI,0,0,1,Hardware: Independent Flip,0,16.644040,6.8114,6.8114,0.4210
DemoGame.exe,7412,0x1F2A3B4C,DXGI,0,0,1,Hardware: Independent Flip,0,16.650854,6.8135,6.8135,0.4210
DemoGame.exe,7412,0x1F2A3B4C,DXGI,0,0,1,Hardware: Independent Flip,0,16.658097,7.2435,7.2435,0.4210
DemoGame.exe,7412,0x1F2A3B4C,DXGI,0,0,1,Hardware: Independent Flip,0,16.664983,6.8857,6.8857,0.4210
DemoGame.exe,7412,0x1F2A3B4C,DXGI,0,0,1,Hardware: Independent Flip,0,16.672045,7.0615,7.0615,0.4210
DemoGame.exe,7412,0x1F2A3B4C,DXGI,0,0,1,Hardware: Independent Flip,0,16.679175,7.1303,7.1303,0.4210
DemoGame.exe,7412,0x1F2A3B4C,DXGI,0,0,1,Hardware: Independent Flip,0,16.685870,6.6954,6.6954,0.4210
DemoGame.exe,7412,0x1F2A3B4C,DXGI,0,0,1,Hardware: Independent Flip,0,16.693022,7.1515,7.1515,0.4210
DemoGame.exe,7412,0x1F2A3B4C,DXGI,0,0,1,Hardware: Independent Flip,0,16.700056,7.0343,7.0343,0.4210
DemoGame.exe,7412,0x1F2A3B4C,DXGI,0,0,1,Hardware: Independent Flip,0,16.707284,7.2281,7.2281,0.4210
DemoGame.exe,7412,0x1F2A3B4C,DXGI,0,0,1,Hardware: Independent Flip,0,16.714520,7.2360,7.2360,0.4210
DemoGame.exe,7412,0x1F2A3B4C,DXGI,0,0,1,Hardware: Independent Flip,0,16.721641,7.1208,7.1208,0.4210
DemoGame.exe,7412,0x1F2A3B4C,DXGI,0,0,1,Hardware: Independent Flip,0,16.728497,6.8557,6.8557,0.4210
DemoGame.exe,7412,0x1F2A3B4C,DXGI,0,0,1,Hardware: Independent Flip,0,16.735188,6.6914,6.6914,0.4210
DemoGame.exe,7412,0x1F2A3B4C,DXGI,0,0,1,Hardware: Independent Flip,0,16.742255,7.0670,7.0670,0.4210
DemoGame.exe,7412,0x1F2A3B4C,DXGI,0,0,1,Hardware: Independent Flip,0,16.748984,6.7287,6.7287,0.4210
DemoGame.exe,7412,0x1F2A3B4C,DXGI,0,0,1,Hardware: Independent Flip,0,16.755829,6.8450,6.8450,0.4210
DemoGame.exe,7412,0x1F2A3B4C,DXGI,0,0,1,Hardware: Independent Flip,0,16.762966,7.1370,7.1370,0.4210
DemoGame.exe,7412,0x1F2A3B4C,DXGI,0,0,1,Hardware: Independent Flip,0,16.769963,6.9970,6.9970,0.4210
DemoGame.exe,7412,0x1F2A3B4C,DXGI,0,0,1,Hardware: Independent Flip,0,16.777165,7.2026,7.2026,0.4210
DemoGame.exe,7412,0x1F2A3B4C,DXGI,0,0,1,Hardware: Independent Flip,0,16.784284,7.1187,7.1187,0.4210
DemoGame.exe,7412,0x1F2A3B4C,DXGI,0,0,1,Hardware: Independent Flip,0,16.791416,7.1322,7.1322,0.4210
DemoGame.exe,7412,0x1F2A3B4C,DXGI,0,0,1,Hardware: Independent Flip,0,16.798487,7.0706,7.0706,0.4210
DemoGame.exe,7412,0x1F2A3B4C,DXGI,0,0,1,Hardware: Independent Flip,0,16.805331,6.8445,6.8445,0.4210
DemoGame.exe,7412,0x1F2A3B4C,DXGI,0,0,1,Hardware: Independent Flip,0,16.812353,7.0215,7.0215,0.4210
DemoGame.exe,7412,0x1F2A3B4C,DXGI,0,0,1,Hardware: Independent Flip,0,16.819097,6.7445,6.7445,0.4210
DemoGame.exe,7412,0x1F2A3B4C,DXGI,0,0,1,Hardware: Independent Flip,0,16.825755,6.6571,6.6571,0.4210
DemoGame.exe,7412,0x1F2A3B4C,DXGI,0,0,1,Hardware: Independent Flip,0,16.832619,6.8649,6.8649,0.4210
DemoGame.exe,7412,0x1F2A3B4C,DXGI,0,0,1,Hardware: Independent Flip,0,16.839683,7.0633,7.0633,0.4210
DemoGame.exe,7412,0x1F2A3B4C,DXGI,0,0,1,Hardware: Independent Flip,0,16.846448,6.7658,6.7658,0.4210
DemoGame.exe,7412,0x1F2A3B4C,DXGI,0,0,1,Hardware: Independent Flip,0,16.853160,6.7111,6.7111,0.4210
DemoGame.exe,7412,0x1F2A3B4C,DXGI,0,0,1,Hardware: Independent Flip,0,16.859809,6.6495,6.6495,0.4210
DemoGame.exe,7412,0x1F2A3B4C,DXGI,0,0,1,Hardware: Independent Flip,0,16.866824,7.0154,7.0154,0.4210
DemoGame.exe,7412,0x1F2A3B4C,DXGI,0,0,1,Hardware: Independent Flip,0,16.874050,7.2256,7.2256,0.4210
DemoGame.exe,7412,0x1F2A3B4C,DXGI,0,0,1,Hardware: Independent Flip,0,16.880723,6.6731,6.6731,0.4210
DemoGame.exe,7412,0x1F2A3B4C,DXGI,0,0,1,Hardware: Independent Flip,0,16.887442,6.7188,6.7188,0.4210
DemoGame.exe,7412,0x1F2A3B4C,DXGI,0,0,1,Hardware: Independent Flip,0,16.894641,7.1986,7.1986,0.4210
DemoGame.exe,7412,0x1F2A3B4C,DXGI,0,0,1,Hardware: Independent Flip,0,16.901833,7.1930,7.1930,0.4210
DemoGame.exe,7412,0x1F2A3B4C,DXGI,0,0,1,Hardware: Independent Flip,0,16.908826,6.9924,6.9924,0.4210
DemoGame.exe,7412,0x1F2A3B4C,DXGI,0,0,1,Hardware: Independent Flip,0,16.916010,7.1839,7.1839,0.4210
DemoGame.exe,7412,0x1F2A3B4C,DXGI,0,0,1,Hardware: Independent Flip,0,16.923053,7.0431,7.0431,0.4210
DemoGame.exe,7412,0x1F2A3B4C,DXGI,0,0,1,Hardware: Independent Flip,0,16.930054,7.0011,7.0011,0.4210
DemoGame.exe,7412,0x1F2A3B4C,DXGI,0,0,1,Hardware: Independent Flip,0,16.937169,7.1153,7.1153,0.4210
DemoGame.exe,7412,0x1F2A3B4C,DXGI,0,0,1,Hardware: Independent Flip,0,16.943980,6.8102,6.8102,0.4210
DemoGame.exe,7412,0x1F2A3B4C,DXGI,0,0,1,Hardware: Independent Flip,0,16.951001,7.0215,7.0215,0.4210
DemoGame.exe,7412,0x1F2A3B4C,DXGI,0,0,1,Hardware: Independent Flip,0,16.957850,6.8489,6.8489,0.4210
DemoGame.exe,7412,0x1F2A3B4C,DXGI,0,0,1,Hardware: Independent Flip,0,16.964563,6.7130,6.7130,0.4210
DemoGame.exe,7412,0x1F2A3B4C,DXGI,0,0,1,Hardware: Independent Flip,0,16.971283,6.7196,6.7196,0.4210
DemoGame.exe,7412,0x1F2A3B4C,DXGI,0,0,1,Hardware: Independent Flip,0,16.978226,6.9428,6.9428,0.4210
DemoGame.exe,7412,0x1F2A3B4C,DXGI,0,0,1,Hardware: Independent Flip,0,16.985153,6.9275,6.9275,0.4210
DemoGame.exe,7412,0x1F2A3B4C,DXGI,0,0,1,Hardware: Independent Flip,0,16.992098,6.9448,6.9448,0.4210
DemoGame.exe,7412,0x1F2A3B4C,DXGI,0,0,1,Hardware: Independent Flip,0,16.999289,7.1917,7.1917,0.4210
DemoGame.exe,7412,0x1F2A3B4C,DXGI,0,0,1,Hardware: Independent Flip,0,17.006080,6.7909,6.7909,0.4210
DemoGame.exe,7412,0x1F2A3B4C,DXGI,0,0,1,Hardware: Independent Flip,0,17.012981,6.9003,6.9003,0.4210
DemoGame.exe,7412,0x1F2A3B4C,DXGI,0,0,1,Hardware: Independent Flip,0,17.020166,7.1852,7.1852,0.4210
DemoGame.exe,7412,0x1F2A3B4C,DXGI,0,0,1,Hardware: Independent Flip,0,17.027089,6.9233,6.9233,0.4210
DemoGame.exe,7412,0x1F2A3B4C,DXGI,0,0,1,Hardware: Independent Flip,0,17.034076,6.9869,6.9869,0.4210
DemoGame.exe,7412,0x1F2A3B4C,DXGI,0,0,1,Hardware: Independent Flip,0,17.041119,7.0431,7.0431,0.4210
DemoGame.exe,7412,0x1F2A3B4C,DXGI,0,0,1,Hardware: Independent Flip,0,17.048227,7.1082,7.1082,0.4210
DemoGame.exe,7412,0x1F2A3B4C,DXGI,0,0,1,Hardware: Independent Flip,0,17.055188,6.9610,6.9610,0.4210
DemoGame.exe,7412,0x1F2A3B4C,DXGI,0,0,1,Hardware: Independent Flip,0,17.062305,7.1171,7.1171,0.4210
DemoGame.exe,7412,0x1F2A3B4C,DXGI,0,0,1,Hardware: Independent Flip,0,17.069380,7.0745,7.0745,0.4210
DemoGame.exe,7412,0x1F2A3B4C,DXGI,0,0,1,Hardware: Independent Flip,0,17.076112,6.7322,6.7322,0.4210
DemoGame.exe,7412,0x1F2A3B4C,DXGI,0,0,1,Hardware: Independent Flip,0,17.083025,6.9125,6.9125,0.4210
DemoGame.exe,7412,0x1F2A3B4C,DXGI,0,0,1,Hardware: Independent Flip,0,17.090186,7.1610,7.1610,0.4210
DemoGame.exe,7412,0x1F2A3B4C,DXGI,0,0,1,Hardware: Independent Flip,0,17.097416,7.2306,7.2306,0.4210
DemoGame.exe,7412,0x1F2A3B4C,DXGI,0,0,1,Hardware: Independent Flip,0,17.104166,6.7495,6.7495,0.4210
DemoGame.exe,7412,0x1F2A3B4C,DXGI,0,0,1,Hardware: Independent Flip,0,17.111040,6.8741,6.8741,0.4210
DemoGame.exe,7412,0x1F2A3B4C,DXGI,0,0,1,Hardware: Independent Flip,0,17.117702,6.6623,6.6623,0.4210
DemoGame.exe,7412,0x1F2A3B4C,DXGI,0,0,1,Hardware: Independent Flip,0,17.124694,6.9922,6.9922,0.4210
DemoGame.exe,7412,0x1F2A3B4C,DXGI,0,0,1,Hardware: Independent Flip,0,17.131469,6.7741,6.7741,0.4210
DemoGame.exe,7412,0x1F2A3B4C,DXGI,0,0,1,Hardware: Independent Flip,0,17.138364,6.8960,6.8960,0.4210
DemoGame.exe,7412,0x1F2A3B4C,DXGI,0,0,1,Hardware: Independent Flip,0,17.145153,6.7885,6.7885,0.4210
DemoGame.exe,7412,0x1F2A3B4C,DXGI,0,0,1,Hardware: Independent Flip,0,17.152210,7.0570,7.0570,0.4210
DemoGame.exe,7412,0x1F2A3B4C,DXGI,0,0,1,Hardware: Independent Flip,0,17.159013,6.8034,6.8034,0.4210
DemoGame.exe,7412,0x1F2A3B4C,DXGI,0,0,1,Hardware: Independent Flip,0,17.165775,6.7616,6.7616,0.4210
DemoGame.exe,7412,0x1F2A3B4C,DXGI,0,0,1,Hardware: Independent Flip,0,17.172436,6.6609,6.6609,0.4210
DemoGame.exe,7412,0x1F2A3B4C,DXGI,0,0,1,Hardware: Independent Flip,0,17.179340,6.9044,6.9044,0.4210
DemoGame.exe,7412,0x1F2A3B4C,DXGI,0,0,1,Hardware: Independent Flip,0,17.186407,7.0669,7.0669,0.4210
DemoGame.exe,7412,0x1F2A3B4C,DXGI,0,0,1,Hardware: Independent Flip,0,17.193224,6.8166,6.8166,0.4210
DemoGame.exe,7412,0x1F2A3B4C,DXGI,0,0,1,Hardware: Independent Flip,0,17.199899,6.6755,6.6755,0.4210
DemoGame.exe,7412,0x1F2A3B4C,DXGI,0,0,1,Hardware: Independent Flip,0,17.207081,7.1815,7.1815,0.4210
DemoGame.exe,7412,0x1F2A3B4C,DXGI,0,0,1,Hardware: Independent Flip,0,17.214247,7.1661,7.1661,0.4210
DemoGame.exe,7412,0x1F2A3B4C,DXGI,0,0,1,Hardware: Independent Flip,0,17.221027,6.7798,6.7798,0.4210
DemoGame.exe,7412,0x1F2A3B4C,DXGI,0,0,1,Hardware: Independent Flip,0,17.228092,7.0650,7.0650,0.4210
DemoGame.exe,7412,0x1F2A3B4C,DXGI,0,0,1,Hardware: Independent Flip,0,17.234855,6.7634,6.7634,0.4210
DemoGame.exe,7412,0x1F2A3B4C,DXGI,0,0,1,Hardware: Independent Flip,0,17.241958,7.1026,7.1026,0.4210
DemoGame.exe,7412,0x1F2A3B4C,DXGI,0,0,1,Hardware: Independent Flip,0,17.248717,6.7590,6.7590,0.4210
DemoGame.exe,7412,0x1F2A3B4C,DXGI,0,0,1,Hardware: Independent Flip,0,17.255401,6.6843,6.6843,0.4210
DemoGame.exe,7412,0x1F2A3B4C,DXGI,0,0,1,Hardware: Independent Flip,0,17.262395,6.9939,6.9939,0.4210
DemoGame.exe,7412,0x1F2A3B4C,DXGI,0,0,1,Hardware: Independent Flip,0,17.269371,6.9758,6.9758,0.4210
DemoGame.exe,7412,0x1F2A3B4C,DXGI,0,0,1,Hardware: Independent Flip,0,17.276170,6.7996,6.7996,0.4210
DemoGame.exe,7412,0x1F2A3B4C,DXGI,0,0,1,Hardware: Independent Flip,0,17.282899,6.7288,6.7288,0.4210
DemoGame.exe,7412,0x1F2A3B4C,DXGI,0,0,1,Hardware: Independent Flip,0,17.289575,6.6755,6.6755,0.4210
DemoGame.exe,7412,0x1F2A3B4C,DXGI,0,0,1,Hardware: Independent Flip,0,17.296285,6.7108,6.7108,0.4210
DemoGame.exe,7412,0x1F2A3B4C,DXGI,0,0,1,Hardware: Independent Flip,0,17.303498,7.2126,7.2126,0.4210
DemoGame.exe,7412,0x1F2A3B4C,DXGI,0,0,1,Hardware: Independent Flip,0,17.310411,6.9129,6.9129,0.4210
DemoGame.exe,7412,0x1F2A3B4C,DXGI,0,0,1,Hardware: Independent Flip,0,17.317258,6.8468,6.8468,0.4210
DemoGame.exe,7412,0x1F2A3B4C,DXGI,0,0,1,Hardware: Independent Flip,0,17.324151,6.8933,6.8933,0.4210
DemoGame.exe,7412,0x1F2A3B4C,DXGI,0,0,1,Hardware: Independent Flip,0,17.331186,7.0350,7.0350,0.4210
DemoGame.exe,7412,0x1F2A3B4C,DXGI,0,0,1,Hardware: Independent Flip,0,17.337929,6.7434,6.7434,0.4210
DemoGame.exe,7412,0x1F2A3B4C,DXGI,0,0,1,Hardware: Independent Flip,0,17.345012,7.0829,7.0829,0.4210
DemoGame.exe,7412,0x1F2A3B4C,DXGI,0,0,1,Hardware: Independent Flip,0,17.351714,6.7014,6.7014,0.4210
DemoGame.exe,7412,0x1F2A3B4C,DXGI,0,0,1,Hardware: Independent Flip,0,17.358908,7.1946,7.1946,0.4210
DemoGame.exe,7412,0x1F2A3B4C,DXGI,0,0,1,Hardware: Independent Flip,0,17.365706,6.7973,6.7973,0.4210
DemoGame.exe,7412,0x1F2A3B4C,DXGI,0,0,1,Hardware: Independent Flip,0,17.372398,6.6928,6.6928,0.4210
DemoGame.exe,7412,0x1F2A3B4C,DXGI,0,0,1,Hardware: Independent Flip,0,17.379446,7.0472,7.0472,0.4210
DemoGame.exe,7412,0x1F2A3B4C,DXGI,0,0,1,Hardware: Independent Flip,0,17.386423,6.9778,6.9778,0.4210
DemoGame.exe,7412,0x1F2A3B4C,DXGI,0,0,1,Hardware: Independent Flip,0,17.393164,6.7409,6.7409,0.4210
DemoGame.exe,7412,0x1F2A3B4C,DXGI,0,0,1,Hardware: Independent Flip,0,17.400232,7.0676,7.0676,0.4210
DemoGame.exe,7412,0x1F2A3B4C,DXGI,0,0,1,Hardware: Independent Flip,0,17.407138,6.9063,6.9063,0.4210
DemoGame.exe,7412,0x1F2A3B4C,DXGI,0,0,1,Hardware: Independent Flip,0,17.413865,6.7266,6.7266,0.4210
DemoGame.exe,7412,0x1F2A3B4C,DXGI,0,0,1,Hardware: Independent Flip,0,17.421085,7.2201,7.2201,0.4210
DemoGame.exe,7412,0x1F2A3B4C,DXGI,0,0,1,Hardware: Independent Flip,0,17.428021,6.9356,6.9356,0.4210
DemoGame.exe,7412,0x1F2A3B4C,DXGI,0,0,1,Hardware: Independent Flip,0,17.434950,6.9295,6.9295,0.4210
DemoGame.exe,7412,0x1F2A3B4C,DXGI,0,0,1,Hardware: Independent Flip,0,17.442130,7.1796,7.1796,0.4210
DemoGame.exe,7412,0x1F2A3B4C,DXGI,0,0,1,Hardware: Independent Flip,0,17.449282,7.1525,7.1525,0.4210
DemoGame.exe,7412,0x1F2A3B4C,DXGI,0,0,1,Hardware: Independent Flip,0,17.456479,7.1964,7.1964,0.4210
DemoGame.exe,7412,0x1F2A3B4C,DXGI,0,0,1,Hardware: Independent Flip,0,17.463570,7.0915,7.0915,0.4210
DemoGame.exe,7412,0x1F2A3B4C,DXGI,0,0,1,Hardware: Independent Flip,0,17.470612,7.0416,7.0416,0.4210
DemoGame.exe,7412,0x1F2A3B4C,DXGI,0,0,1,Hardware: Independent Flip,0,17.477384,6.7720,6.7720,0.4210
DemoGame.exe,7412,0x1F2A3B4C,DXGI,0,0,1,Hardware: Independent Flip,0,17.484618,7.2344,7.2344,0.4210
DemoGame.exe,7412,0x1F2A3B4C,DXGI,0,0,1,Hardware: Independent Flip,0,17.491452,6.8338,6.8338,0.4210
DemoGame.exe,7412,0x1F2A3B4C,DXGI,0,0,1,Hardware: Independent Flip,0,17.498364,6.9124,6.9124,0.4210
DemoGame.exe,7412,0x1F2A3B4C,DXGI,0,0,1,Hardware: Independent Flip,0,17.505025,6.6604,6.6604,0.4210
DemoGame.exe,7412,0x1F2A3B4C,DXGI,0,0,1,Hardware: Independent Flip,0,17.512243,7.2185,7.2185,0.4210
DemoGame.exe,7412,0x1F2A3B4C,DXGI,0,0,1,Hardware: Independent Flip,0,17.519054,6.8112,6.8112,0.4210
DemoGame.exe,7412,0x1F2A3B4C,DXGI,0,0,1,Hardware: Independent Flip,0,17.525811,6.7570,6.7570,0.4210
DemoGame.exe,7412,0x1F2A3B4C,DXGI,0,0,1,Hardware: Independent Flip,0,17.532802,6.9903,6.9903,0.4210
DemoGame.exe,7412,0x1F2A3B4C,DXGI,0,0,1,Hardware: Independent Flip,0,17.539637,6.8348,6.8348,0.4210
DemoGame.exe,7412,0x1F2A3B4C,DXGI,0,0,1,Hardware: Independent Flip,0,17.546729,7.0928,7.0928,0.4210
DemoGame.exe,7412,0x1F2A3B4C,DXGI,0,0,1,Hardware: Independent Flip,0,17.553787,7.0581,7.0581,0.4210
DemoGame.exe,7412,0x1F2A3B4C,DXGI,0,0,1,Hardware: Independent Flip,0,17.560443,6.6551,6.6551,0.4210
DemoGame.exe,7412,0x1F2A3B4C,DXGI,0,0,1,Hardware: Independent Flip,0,17.567118,6.6760,6.6760,0.4210
DemoGame.exe,7412,0x1F2A3B4C,DXGI,0,0,1,Hardware: Independent Flip,0,17.573836,6.7172,6.7172,0.4210
DemoGame.exe,7412,0x1F2A3B4C,DXGI,0,0,1,Hardware: Independent Flip,0,17.580672,6.8365,6.8365,0.4210
DemoGame.exe,7412,0x1F2A3B4C,DXGI,0,0,1,Hardware: Independent Flip,0,17.587796,7.1241,7.1241,0.4210
DemoGame.exe,7412,0x1F2A3B4C,DXGI,0,0,1,Hardware: Independent Flip,0,17.595012,7.2155,7.2155,0.4210
DemoGame.exe,7412,0x1F2A3B4C,DXGI,0,0,1,Hardware: Independent Flip,0,17.602238,7.2265,7.2265,0.4210
DemoGame.exe,7412,0x1F2A3B4C,DXGI,0,0,1,Hardware: Independent Flip,0,17.609255,7.0162,7.0162,0.4210
DemoGame.exe,7412,0x1F2A3B4C,DXGI,0,0,1,Hardware: Independent Flip,0,17.616215,6.9602,6.9602,0.4210
DemoGame.exe,7412,0x1F2A3B4C,DXGI,0,0,1,Hardware: Independent Flip,0,17.622983,6.7687,6.7687,0.4210
DemoGame.exe,7412,0x1F2A3B4C,DXGI,0,0,1,Hardware: Independent Flip,0,17.629646,6.6621,6.6621,0.4210
DemoGame.exe,7412,0x1F2A3B4C,DXGI,0,0,1,Hardware: Independent Flip,0,17.636506,6.8607,6.8607,0.4210
DemoGame.exe,7412,0x1F2A3B4C,DXGI,0,0,1,Hardware: Independent Flip,0,17.643238,6.7315,6.7315,0.4210
DemoGame.exe,7412,0x1F2A3B4C,DXGI,0,0,1,Hardware: Independent Flip,0,17.650131,6.8933,6.8933,0.4210
DemoGame.exe,7412,0x1F2A3B4C,DXGI,0,0,1,Hardware: Independent Flip,0,17.656955,6.8234,6.8234,0.4210
DemoGame.exe,7412,0x1F2A3B4C,DXGI,0,0,1,Hardware: Independent Flip,0,17.663992,7.0372,7.0372,0.4210
DemoGame.exe,7412,0x1F2A3B4C,DXGI,0,0,1,Hardware: Independent Flip,0,17.670982,6.9900,6.9900,0.4210
DemoGame.exe,7412,0x1F2A3B4C,DXGI,0,0,1,Hardware: Independent Flip,0,17.677757,6.7751,6.7751,0.4210
DemoGame.exe,7412,0x1F2A3B4C,DXGI,0,0,1,Hardware: Independent Flip,0,17.684461,6.7041,6.7041,0.4210
DemoGame.exe,7412,0x1F2A3B4C,DXGI,0,0,1,Hardware: Independent Flip,0,17.691421,6.9604,6.9604,0.4210
DemoGame.exe,7412,0x1F2A3B4C,DXGI,0,0,1,Hardware: Independent Flip,0,17.698421,6.9993,6.9993,0.4210
DemoGame.exe,7412,0x1F2A3B4C,DXGI,0,0,1,Hardware: Independent Flip,0,17.705516,7.0957,7.0957,0.4210
DemoGame.exe,7412,0x1F2A3B4C,DXGI,0,0,1,Hardware: Independent Flip,0,17.712423,6.9070,6.9070,0.4210
DemoGame.exe,7412,0x1F2A3B4C,DXGI,0,0,1,Hardware: Independent Flip,0,17.719176,6.7530,6.7530,0.4210
DemoGame.exe,7412,0x1F2A3B4C,DXGI,0,0,1,Hardware: Independent Flip,0,17.726070,6.8932,6.8932,0.4210
DemoGame.exe,7412,0x1F2A3B4C,DXGI,0,0,1,Hardware: Independent Flip,0,17.733103,7.0329,7.0329,0.4210
DemoGame.exe,7412,0x1F2A3B4C,DXGI,0,0,1,Hardware: Independent Flip,0,17.740281,7.1782,7.1782,0.4210
DemoGame.exe,7412,0x1F2A3B4C,DXGI,0,0,1,Hardware: Independent Flip,0,17.747104,6.8228,6.8228,0.4210
DemoGame.exe,7412,0x1F2A3B4C,DXGI,0,0,1,Hardware: Independent Flip,0,17.754229,7.1256,7.1256,0.4210
DemoGame.exe,7412,0x1F2A3B4C,DXGI,0,0,1,Hardware: Independent Flip,0,17.761163,6.9341,6.9341,0.4210
DemoGame.exe,7412,0x1F2A3B4C,DXGI,0,0,1,Hardware: Independent Flip,0,17.768395,7.2316,7.2316,0.4210
DemoGame.exe,7412,0x1F2A3B4C,DXGI,0,0,1,Hardware: Independent Flip,0,17.775545,7.1501,7.1501,0.4210
DemoGame.exe,7412,0x1F2A3B4C,DXGI,0,0,1,Hardware: Independent Flip,0,17.782764,7.2189,7.2189,0.4210
DemoGame.exe,7412,0x1F2A3B4C,DXGI,0,0,1,Hardware: Independent Flip,0,17.789856,7.0922,7.0922,0.4210
DemoGame.exe,7412,0x1F2A3B4C,DXGI,0,0,1,Hardware: Independent Flip,0,17.796571,6.7155,6.7155,0.4210
DemoGame.exe,7412,0x1F2A3B4C,DXGI,0,0,1,Hardware: Independent Flip,0,17.803760,7.1882,7.1882,0.4210
DemoGame.exe,7412,0x1F2A3B4C,DXGI,0,0,1,Hardware: Independent Flip,0,17.810622,6.8624,6.8624,0.4210
DemoGame.exe,7412,0x1F2A3B4C,DXGI,0,0,1,Hardware: Independent Flip,0,17.817359,6.7370,6.7370,0.4210
DemoGame.exe,7412,0x1F2A3B4C,DXGI,0,0,1,Hardware: Independent Flip,0,17.824058,6.6995,6.6995,0.4210
DemoGame.exe,7412,0x1F2A3B4C,DXGI,0,0,1,Hardware: Independent Flip,0,17.831239,7.1810,7.1810,0.4210
DemoGame.exe,7412,0x1F2A3B4C,DXGI,0,0,1,Hardware: Independent Flip,0,17.838453,7.2139,7.2139,0.4210
DemoGame.exe,7412,0x1F2A3B4C,DXGI,0,0,1,Hardware: Independent Flip,0,17.845173,6.7192,6.7192,0.4210
DemoGame.exe,7412,0x1F2A3B4C,DXGI,0,0,1,Hardware: Independent Flip,0,17.851898,6.7254,6.7254,0.4210
DemoGame.exe,7412,0x1F2A3B4C,DXGI,0,0,1,Hardware: Independent Flip,0,17.858545,6.6473,6.6473,0.4210
DemoGame.exe,7412,0x1F2A3B4C,DXGI,0,0,1,Hardware: Independent Flip,0,17.865762,7.2163,7.2163,0.4210
DemoGame.exe,7412,0x1F2A3B4C,DXGI,0,0,1,Hardware: Independent Flip,0,17.872979,7.2171,7.2171,0.4210
DemoGame.exe,7412,0x1F2A3B4C,DXGI,0,0,1,Hardware: Independent Flip,0,17.879804,6.8249,6.8249,0.4210
DemoGame.exe,7412,0x1F2A3B4C,DXGI,0,0,1,Hardware: Independent Flip,0,17.886815,7.0112,7.0112,0.4210
DemoGame.exe,7412,0x1F2A3B4C,DXGI,0,0,1,Hardware: Independent Flip,0,17.893854,7.0391,7.0391,0.4210
DemoGame.exe,7412,0x1F2A3B4C,DXGI,0,0,1,Hardware: Independent Flip,0,17.900872,7.0180,7.0180,0.4210
DemoGame.exe,7412,0x1F2A3B4C,DXGI,0,0,1,Hardware: Independent Flip,0,17.907883,7.0111,7.0111,0.4210
DemoGame.exe,7412,0x1F2A3B4C,DXGI,0,0,1,Hardware: Independent Flip,0,17.914742,6.8591,6.8591,0.4210
DemoGame.exe,7412,0x1F2A3B4C,DXGI,0,0,1,Hardware: Independent Flip,0,17.921517,6.7747,6.7747,0.4210
DemoGame.exe,7412,0x1F2A3B4C,DXGI,0,0,1,Hardware: Independent Flip,0,17.928293,6.7763,6.7763,0.4210
DemoGame.exe,7412,0x1F2A3B4C,DXGI,0,0,1,Hardware: Independent Flip,0,17.934996,6.7028,6.7028,0.4210
DemoGame.exe,7412,0x1F2A3B4C,DXGI,0,0,1,Hardware: Independent Flip,0,17.941799,6.8034,6.8034,0.4210
DemoGame.exe,7412,0x1F2A3B4C,DXGI,0,0,1,Hardware: Independent Flip,0,17.948812,7.0130,7.0130,0.4210
DemoGame.exe,7412,0x1F2A3B4C,DXGI,0,0,1,Hardware: Independent Flip,0,17.956020,7.2082,7.2082,0.4210
DemoGame.exe,7412,0x1F2A3B4C,DXGI,0,0,1,Hardware: Independent Flip,0,17.963208,7.1874,7.1874,0.4210
DemoGame.exe,7412,0x1F2A3B4C,DXGI,0,0,1,Hardware: Independent Flip,0,17.969943,6.7352,6.7352,0.4210
DemoGame.exe,7412,0x1F2A3B4C,DXGI,0,0,1,Hardware: Independent Flip,0,17.976624,6.6813,6.6813,0.4210
DemoGame.exe,7412,0x1F2A3B4C,DXGI,0,0,1,Hardware: Independent Flip,0,17.983672,7.0477,7.0477,0.4210
DemoGame.exe,7412,0x1F2A3B4C,DXGI,0,0,1,Hardware: Independent Flip,0,17.990807,7.1347,7.1347,0.4210
DemoGame.exe,7412,0x1F2A3B4C,DXGI,0,0,1,Hardware: Independent Flip,0,17.997477,6.6701,6.6701,0.4210
DemoGame.exe,7412,0x1F2A3B4C,DXGI,0,0,1,Hardware: Independent Flip,0,18.004258,6.7812,6.7812,0.4210
DemoGame.exe,7412,0x1F2A3B4C,DXGI,0,0,1,Hardware: Independent Flip,0,18.011014,6.7561,6.7561,0.4210
DemoGame.exe,7412,0x1F2A3B4C,DXGI,0,0,1,Hardware: Independent Flip,0,18.017900,6.8859,6.8859,0.4210
DemoGame.exe,7412,0x1F2A3B4C,DXGI,0,0,1,Hardware: Independent Flip,0,18.024783,6.8833,6.8833,0.4210
DemoGame.exe,7412,0x1F2A3B4C,DXGI,0,0,1,Hardware: Independent Flip,0,18.031605,6.8218,6.8218,0.4210
DemoGame.exe,7412,0x1F2A3B4C,DXGI,0,0,1,Hardware: Independent Flip,0,18.038484,6.8792,6.8792,0.4210
DemoGame.exe,7412,0x1F2A3B4C,DXGI,0,0,1,Hardware: Independent Flip,0,18.045303,6.8188,6.8188,0.4210
DemoGame.exe,7412,0x1F2A3B4C,DXGI,0,0,1,Hardware: Independent Flip,0,18.052200,6.8970,6.8970,0.4210
DemoGame.exe,7412,0x1F2A3B4C,DXGI,0,0,1,Hardware: Independent Flip,0,18.058919,6.7196,6.7196,0.4210
DemoGame.exe,7412,0x1F2A3B4C,DXGI,0,0,1,Hardware: Independent Flip,0,18.065687,6.7671,6.7671,0.4210
DemoGame.exe,7412,0x1F2A3B4C,DXGI,0,0,1,Hardware: Independent Flip,0,18.072677,6.9905,6.9905,0.4210
DemoGame.exe,7412,0x1F2A3B4C,DXGI,0,0,1,Hardware: Independent Flip,0,18.079601,6.9241,6.9241,0.4210
DemoGame.exe,7412,0x1F2A3B4C,DXGI,0,0,1,Hardware: Independent Flip,0,18.086616,7.0143,7.0143,0.4210
DemoGame.exe,7412,0x1F2A3B4C,DXGI,0,0,1,Hardware: Independent Flip,0,18.093519,6.9037,6.9037,0.4210
DemoGame.exe,7412,0x1F2A3B4C,DXGI,0,0,1,Hardware: Independent Flip,0,18.100300,6.7807,6.7807,0.4210
DemoGame.exe,7412,0x1F2A3B4C,DXGI,0,0,1,Hardware: Independent Flip,0,18.107220,6.9201,6.9201,0.4210
DemoGame.exe,7412,0x1F2A3B4C,DXGI,0,0,1,Hardware: Independent Flip,0,18.114072,6.8521,6.8521,0.4210
DemoGame.exe,7412,0x1F2A3B4C,DXGI,0,0,1,Hardware: Independent Flip,0,18.120883,6.8110,6.8110,0.4210
DemoGame.exe,7412,0x1F2A3B4C,DXGI,0,0,1,Hardware: Independent Flip,0,18.127911,7.0277,7.0277,0.4210
DemoGame.exe,7412,0x1F2A3B4C,DXGI,0,0,1,Hardware: Independent Flip,0,18.134662,6.7515,6.7515,0.4210
DemoGame.exe,7412,0x1F2A3B4C,DXGI,0,0,1,Hardware: Independent Flip,0,18.141829,7.1671,7.1671,0.4210
DemoGame.exe,7412,0x1F2A3B4C,DXGI,0,0,1,Hardware: Independent Flip,0,18.148846,7.0165,7.0165,0.4210
DemoGame.exe,7412,0x1F2A3B4C,DXGI,0,0,1,Hardware: Independent Flip,0,18.155865,7.0194,7.0194,0.4210
DemoGame.exe,7412,0x1F2A3B4C,DXGI,0,0,1,Hardware: Independent Flip,0,18.162952,7.0865,7.0865,0.4210
DemoGame.exe,7412,0x1F2A3B4C,DXGI,0,0,1,Hardware: Independent Flip,0,18.169985,7.0335,7.0335,0.4210
DemoGame.exe,7412,0x1F2A3B4C,DXGI,0,0,1,Hardware: Independent Flip,0,18.177141,7.1560,7.1560,0.4210
DemoGame.exe,7412,0x1F2A3B4C,DXGI,0,0,1,Hardware: Independent Flip,0,18.183961,6.8192,6.8192,0.4210
DemoGame.exe,7412,0x1F2A3B4C,DXGI,0,0,1,Hardware: Independent Flip,0,18.190859,6.8982,6.8982,0.4210
DemoGame.exe,7412,0x1F2A3B4C,DXGI,0,0,1,Hardware: Independent Flip,0,18.197652,6.7936,6.7936,0.4210
DemoGame.exe,7412,0x1F2A3B4C,DXGI,0,0,1,Hardware: Independent Flip,0,18.214582,16.9299,16.9299,0.4210
DemoGame.exe,7412,0x1F2A3B4C,DXGI,0,0,1,Hardware: Independent Flip,0,18.221726,7.1438,7.1438,0.4210
DemoGame.exe,7412,0x1F2A3B4C,DXGI,0,0,1,Hardware: Independent Flip,0,18.228536,6.8103,6.8103,0.4210
DemoGame.exe,7412,0x1F2A3B4C,DXGI,0,0,1,Hardware: Independent Flip,0,18.235365,6.8285,6.8285,0.4210
DemoGame.exe,7412,0x1F2A3B4C,DXGI,0,0,1,Hardware: Independent Flip,0,18.242064,6.6993,6.6993,0.4210
DemoGame.exe,7412,0x1F2A3B4C,DXGI,0,0,1,Hardware: Independent Flip,0,18.249174,7.1101,7.1101,0.4210
DemoGame.exe,7412,0x1F2A3B4C,DXGI,0,0,1,Hardware: Independent Flip,0,18.256278,7.1042,7.1042,0.4210
DemoGame.exe,7412,0x1F2A3B4C,DXGI,0,0,1,Hardware: Independent Flip,0,18.263254,6.9752,6.9752,0.4210
DemoGame.exe,7412,0x1F2A3B4C,DXGI,0,0,1,Hardware: Independent Flip,0,18.270439,7.1856,7.1856,0.4210
DemoGame.exe,7412,0x1F2A3B4C,DXGI,0,0,1,Hardware: Independent Flip,0,18.277273,6.8334,6.8334,0.4210
DemoGame.exe,7412,0x1F2A3B4C,DXGI,0,0,1,Hardware: Independent Flip,0,18.284076,6.8039,6.8039,0.4210
DemoGame.exe,7412,0x1F2A3B4C,DXGI,0,0,1,Hardware: Independent Flip,0,18.290920,6.8432,6.8432,0.4210
DemoGame.exe,7412,0x1F2A3B4C,DXGI,0,0,1,Hardware: Independent Flip,0,18.297678,6.7581,6.7581,0.4210
DemoGame.exe,7412,0x1F2A3B4C,DXGI,0,0,1,Hardware: Independent Flip,0,18.304461,6.7835,6.7835,0.4210
DemoGame.exe,7412,0x1F2A3B4C,DXGI,0,0,1,Hardware: Independent Flip,0,18.311113,6.6515,6.6515,0.4210
DemoGame.exe,7412,0x1F2A3B4C,DXGI,0,0,1,Hardware: Independent Flip,0,18.318143,7.0298,7.0298,0.4210
DemoGame.exe,7412,0x1F2A3B4C,DXGI,0,0,1,Hardware: Independent Flip,0,18.325165,7.0226,7.0226,0.4210
DemoGame.exe,7412,0x1F2A3B4C,DXGI,0,0,1,Hardware: Independent Flip,0,18.332198,7.0331,7.0331,0.4210
DemoGame.exe,7412,0x1F2A3B4C,DXGI,0,0,1,Hardware: Independent Flip,0,18.338952,6.7533,6.7533,0.4210
DemoGame.exe,7412,0x1F2A3B4C,DXGI,0,0,1,Hardware: Independent Flip,0,18.346023,7.0715,7.0715,0.4210
DemoGame.exe,7412,0x1F2A3B4C,DXGI,0,0,1,Hardware: Independent Flip,0,18.352934,6.9113,6.9113,0.4210
DemoGame.exe,7412,0x1F2A3B4C,DXGI,0,0,1,Hardware: Independent Flip,0,18.360062,7.1271,7.1271,0.4210
DemoGame.exe,7412,0x1F2A3B4C,DXGI,0,0,1,Hardware: Independent Flip,0,18.367176,7.1142,7.1142,0.4210
DemoGame.exe,7412,0x1F2A3B4C,DXGI,0,0,1,Hardware: Independent Flip,0,18.373840,6.6640,6.6640,0.4210
DemoGame.exe,7412,0x1F2A3B4C,DXGI,0,0,1,Hardware: Independent Flip,0,18.380867,7.0272,7.0272,0.4210
DemoGame.exe,7412,0x1F2A3B4C,DXGI,0,0,1,Hardware: Independent Flip,0,18.387614,6.7470,6.7470,0.4210
DemoGame.exe,7412,0x1F2A3B4C,DXGI,0,0,1,Hardware: Independent Flip,0,18.394623,7.0087,7.0087,0.4210
DemoGame.exe,7412,0x1F2A3B4C,DXGI,0,0,1,Hardware: Independent Flip,0,18.401603,6.9806,6.9806,0.4210
DemoGame.exe,7412,0x1F2A3B4C,DXGI,0,0,1,Hardware: Independent Flip,0,18.408647,7.0433,7.0433,0.4210
DemoGame.exe,7412,0x1F2A3B4C,DXGI,0,0,1,Hardware: Independent Flip,0,18.415740,7.0938,7.0938,0.4210
DemoGame.exe,7412,0x1F2A3B4C,DXGI,0,0,1,Hardware: Independent Flip,0,18.422650,6.9098,6.9098,0.4210
DemoGame.exe,7412,0x1F2A3B4C,DXGI,0,0,1,Hardware: Independent Flip,0,18.429354,6.7041,6.7041,0.4210
DemoGame.exe,7412,0x1F2A3B4C,DXGI,0,0,1,Hardware: Independent Flip,0,18.436519,7.1646,7.1646,0.4210
DemoGame.exe,7412,0x1F2A3B4C,DXGI,0,0,1,Hardware: Independent Flip,0,18.443266,6.7474,6.7474,0.4210
DemoGame.exe,7412,0x1F2A3B4C,DXGI,0,0,1,Hardware: Independent Flip,0,18.450022,6.7553,6.7553,0.4210
DemoGame.exe,7412,0x1F2A3B4C,DXGI,0,0,1,Hardware: Independent Flip,0,18.456889,6.8674,6.8674,0.4210
DemoGame.exe,7412,0x1F2A3B4C,DXGI,0,0,1,Hardware: Independent Flip,0,18.463713,6.8242,6.8242,0.4210
DemoGame.exe,7412,0x1F2A3B4C,DXGI,0,0,1,Hardware: Independent Flip,0,18.470453,6.7396,6.7396,0.4210
DemoGame.exe,7412,0x1F2A3B4C,DXGI,0,0,1,Hardware: Independent Flip,0,18.477412,6.9590,6.9590,0.4210
DemoGame.exe,7412,0x1F2A3B4C,DXGI,0,0,1,Hardware: Independent Flip,0,18.484449,7.0376,7.0376,0.4210
DemoGame.exe,7412,0x1F2A3B4C,DXGI,0,0,1,Hardware: Independent Flip,0,18.491370,6.9205,6.9205,0.4210
DemoGame.exe,7412,0x1F2A3B4C,DXGI,0,0,1,Hardware: Independent Flip,0,18.498559,7.1889,7.1889,0.4210
DemoGame.exe,7412,0x1F2A3B4C,DXGI,0,0,1,Hardware: Independent Flip,0,18.505469,6.9105,6.9105,0.4210
DemoGame.exe,7412,0x1F2A3B4C,DXGI,0,0,1,Hardware: Independent Flip,0,18.512691,7.2217,7.2217,0.4210
DemoGame.exe,7412,0x1F2A3B4C,DXGI,0,0,1,Hardware: Independent Flip,0,18.519559,6.8678,6.8678,0.4210
DemoGame.exe,7412,0x1F2A3B4C,DXGI,0,0,1,Hardware: Independent Flip,0,18.526711,7.1523,7.1523,0.4210
DemoGame.exe,7412,0x1F2A3B4C,DXGI,0,0,1,Hardware: Independent Flip,0,18.533764,7.0530,7.0530,0.4210
DemoGame.exe,7412,0x1F2A3B4C,DXGI,0,0,1,Hardware: Independent Flip,0,18.540641,6.8770,6.8770,0.4210
DemoGame.exe,7412,0x1F2A3B4C,DXGI,0,0,1,Hardware: Independent Flip,0,18.547653,7.0119,7.0119,0.4210
DemoGame.exe,7412,0x1F2A3B4C,DXGI,0,0,1,Hardware: Independent Flip,0,18.554354,6.7007,6.7007,0.4210
DemoGame.exe,7412,0x1F2A3B4C,DXGI,0,0,1,Hardware: Independent Flip,0,18.561008,6.6548,6.6548,0.4210
DemoGame.exe,7412,0x1F2A3B4C,DXGI,0,0,1,Hardware: Independent Flip,0,18.567775,6.7669,6.7669,0.4210
DemoGame.exe,7412,0x1F2A3B4C,DXGI,0,0,1,Hardware: Independent Flip,0,18.574485,6.7098,6.7098,0.4210
DemoGame.exe,7412,0x1F2A3B4C,DXGI,0,0,1,Hardware: Independent Flip,0,18.581556,7.0707,7.0707,0.4210
DemoGame.exe,7412,0x1F2A3B4C,DXGI,0,0,1,Hardware: Independent Flip,0,18.588682,7.1264,7.1264,0.4210
DemoGame.exe,7412,0x1F2A3B4C,DXGI,0,0,1,Hardware: Independent Flip,0,18.595407,6.7252,6.7252,0.4210
DemoGame.exe,7412,0x1F2A3B4C,DXGI,0,0,1,Hardware: Independent Flip,0,18.602081,6.6735,6.6735,0.4210
DemoGame.exe,7412,0x1F2A3B4C,DXGI,0,0,1,Hardware: Independent Flip,0,18.608871,6.7902,6.7902,0.4210
DemoGame.exe,7412,0x1F2A3B4C,DXGI,0,0,1,Hardware: Independent Flip,0,18.615917,7.0454,7.0454,0.4210
DemoGame.exe,7412,0x1F2A3B4C,DXGI,0,0,1,Hardware: Independent Flip,0,18.623113,7.1963,7.1963,0.4210
DemoGame.exe,7412,0x1F2A3B4C,DXGI,0,0,1,Hardware: Independent Flip,0,18.629858,6.7454,6.7454,0.4210
DemoGame.exe,7412,0x1F2A3B4C,DXGI,0,0,1,Hardware: Independent Flip,0,18.636626,6.7676,6.7676,0.4210
DemoGame.exe,7412,0x1F2A3B4C,DXGI,0,0,1,Hardware: Independent Flip,0,18.643802,7.1759,7.1759,0.4210
DemoGame.exe,7412,0x1F2A3B4C,DXGI,0,0,1,Hardware: Independent Flip,0,18.650538,6.7357,6.7357,0.4210
DemoGame.exe,7412,0x1F2A3B4C,DXGI,0,0,1,Hardware: Independent Flip,0,18.657705,7.1676,7.1676,0.4210
DemoGame.exe,7412,0x1F2A3B4C,DXGI,0,0,1,Hardware: Independent Flip,0,18.664449,6.7439,6.7439,0.4210
DemoGame.exe,7412,0x1F2A3B4C,DXGI,0,0,1,Hardware: Independent Flip,0,18.671372,6.9226,6.9226,0.4210
DemoGame.exe,7412,0x1F2A3B4C,DXGI,0,0,1,Hardware: Independent Flip,0,18.678026,6.6547,6.6547,0.4210
DemoGame.exe,7412,0x1F2A3B4C,DXGI,0,0,1,Hardware: Independent Flip,0,18.684698,6.6722,6.6722,0.4210
DemoGame.exe,7412,0x1F2A3B4C,DXGI,0,0,1,Hardware: Independent Flip,0,18.691727,7.0282,7.0282,0.4210
DemoGame.exe,7412,0x1F2A3B4C,DXGI,0,0,1,Hardware: Independent Flip,0,18.698576,6.8496,6.8496,0.4210
DemoGame.exe,7412,0x1F2A3B4C,DXGI,0,0,1,Hardware: Independent Flip,0,18.705503,6.9270,6.9270,0.4210
DemoGame.exe,7412,0x1F2A3B4C,DXGI,0,0,1,Hardware: Independent Flip,0,18.712221,6.7181,6.7181,0.4210
DemoGame.exe,7412,0x1F2A3B4C,DXGI,0,0,1,Hardware: Independent Flip,0,18.719181,6.9598,6.9598,0.4210
DemoGame.exe,7412,0x1F2A3B4C,DXGI,0,0,1,Hardware: Independent Flip,0,18.725976,6.7950,6.7950,0.4210
DemoGame.exe,7412,0x1F2A3B4C,DXGI,0,0,1,Hardware: Independent Flip,0,18.732942,6.9664,6.9664,0.4210
DemoGame.exe,7412,0x1F2A3B4C,DXGI,0,0,1,Hardware: Independent Flip,0,18.739803,6.8606,6.8606,0.4210
DemoGame.exe,7412,0x1F2A3B4C,DXGI,0,0,1,Hardware: Independent Flip,0,18.746940,7.1365,7.1365,0.4210
DemoGame.exe,7412,0x1F2A3B4C,DXGI,0,0,1,Hardware: Independent Flip,0,18.753980,7.0403,7.0403,0.4210
DemoGame.exe,7412,0x1F2A3B4C,DXGI,0,0,1,Hardware: Independent Flip,0,18.761099,7.1188,7.1188,0.4210
DemoGame.exe,7412,0x1F2A3B4C,DXGI,0,0,1,Hardware: Independent Flip,0,18.768037,6.9380,6.9380,0.4210
DemoGame.exe,7412,0x1F2A3B4C,DXGI,0,0,1,Hardware: Independent Flip,0,18.774812,6.7757,6.7757,0.4210
DemoGame.exe,7412,0x1F2A3B4C,DXGI,0,0,1,Hardware: Independent Flip,0,18.782025,7.2127,7.2127,0.4210
DemoGame.exe,7412,0x1F2A3B4C,DXGI,0,0,1,Hardware: Independent Flip,0,18.789012,6.9866,6.9866,0.4210
DemoGame.exe,7412,0x1F2A3B4C,DXGI,0,0,1,Hardware: Independent Flip,0,18.796095,7.0830,7.0830,0.4210
DemoGame.exe,7412,0x1F2A3B4C,DXGI,0,0,1,Hardware: Independent Flip,0,18.802881,6.7868,6.7868,0.4210
DemoGame.exe,7412,0x1F2A3B4C,DXGI,0,0,1,Hardware: Independent Flip,0,18.810120,7.2382,7.2382,0.4210
DemoGame.exe,7412,0x1F2A3B4C,DXGI,0,0,1,Hardware: Independent Flip,0,18.816858,6.7380,6.7380,0.4210
DemoGame.exe,7412,0x1F2A3B4C,DXGI,0,0,1,Hardware: Independent Flip,0,18.823723,6.8650,6.8650,0.4210
DemoGame.exe,7412,0x1F2A3B4C,DXGI,0,0,1,Hardware: Independent Flip,0,18.830397,6.6741,6.6741,0.4210
DemoGame.exe,7412,0x1F2A3B4C,DXGI,0,0,1,Hardware: Independent Flip,0,18.837235,6.8378,6.8378,0.4210
DemoGame.exe,7412,0x1F2A3B4C,DXGI,0,0,1,Hardware: Independent Flip,0,18.843913,6.6780,6.6780,0.4210
DemoGame.exe,7412,0x1F2A3B4C,DXGI,0,0,1,Hardware: Independent Flip,0,18.850851,6.9383,6.9383,0.4210
DemoGame.exe,7412,0x1F2A3B4C,DXGI,0,0,1,Hardware: Independent Flip,0,18.857858,7.0068,7.0068,0.4210
DemoGame.exe,7412,0x1F2A3B4C,DXGI,0,0,1,Hardware: Independent Flip,0,18.864794,6.9361,6.9361,0.4210
DemoGame.exe,7412,0x1F2A3B4C,DXGI,0,0,1,Hardware: Independent Flip,0,18.871591,6.7968,6.7968,0.4210
DemoGame.exe,7412,0x1F2A3B4C,DXGI,0,0,1,Hardware: Independent Flip,0,18.878248,6.6570,6.6570,0.4210
DemoGame.exe,7412,0x1F2A3B4C,DXGI,0,0,1,Hardware: Independent Flip,0,18.885066,6.8188,6.8188,0.4210
DemoGame.exe,7412,0x1F2A3B4C,DXGI,0,0,1,Hardware: Independent Flip,0,18.891764,6.6981,6.6981,0.4210
DemoGame.exe,7412,0x1F2A3B4C,DXGI,0,0,1,Hardware: Independent Flip,0,18.898532,6.7679,6.7679,0.4210
DemoGame.exe,7412,0x1F2A3B4C,DXGI,0,0,1,Hardware: Independent Flip,0,18.905406,6.8738,6.8738,0.4210
DemoGame.exe,7412,0x1F2A3B4C,DXGI,0,0,1,Hardware: Independent Flip,0,18.912448,7.0424,7.0424,0.4210
DemoGame.exe,7412,0x1F2A3B4C,DXGI,0,0,1,Hardware: Independent Flip,0,18.919297,6.8488,6.8488,0.4210
DemoGame.exe,7412,0x1F2A3B4C,DXGI,0,0,1,Hardware: Independent Flip,0,18.926525,7.2277,7.2277,0.4210
DemoGame.exe,7412,0x1F2A3B4C,DXGI,0,0,1,Hardware: Independent Flip,0,18.933620,7.0951,7.0951,0.4210
DemoGame.exe,7412,0x1F2A3B4C,DXGI,0,0,1,Hardware: Independent Flip,0,18.940592,6.9718,6.9718,0.4210
DemoGame.exe,7412,0x1F2A3B4C,DXGI,0,0,1,Hardware: Independent Flip,0,18.947285,6.6929,6.6929,0.4210
DemoGame.exe,7412,0x1F2A3B4C,DXGI,0,0,1,Hardware: Independent Flip,0,18.954279,6.9941,6.9941,0.4210
DemoGame.exe,7412,0x1F2A3B4C,DXGI,0,0,1,Hardware: Independent Flip,0,18.961199,6.9197,6.9197,0.4210
DemoGame.exe,7412,0x1F2A3B4C,DXGI,0,0,1,Hardware: Independent Flip,0,18.968003,6.8040,6.8040,0.4210
DemoGame.exe,7412,0x1F2A3B4C,DXGI,0,0,1,Hardware: Independent Flip,0,18.975111,7.1086,7.1086,0.4210
DemoGame.exe,7412,0x1F2A3B4C,DXGI,0,0,1,Hardware: Independent Flip,0,18.981892,6.7810,6.7810,0.4210
DemoGame.exe,7412,0x1F2A3B4C,DXGI,0,0,1,Hardware: Independent Flip,0,18.988886,6.9940,6.9940,0.4210
DemoGame.exe,7412,0x1F2A3B4C,DXGI,0,0,1,Hardware: Independent Flip,0,18.996057,7.1705,7.1705,0.4210
DemoGame.exe,7412,0x1F2A3B4C,DXGI,0,0,1,Hardware: Independent Flip,0,19.002959,6.9023,6.9023,0.4210
DemoGame.exe,7412,0x1F2A3B4C,DXGI,0,0,1,Hardware: Independent Flip,0,19.010173,7.2138,7.2138,0.4210
DemoGame.exe,7412,0x1F2A3B4C,DXGI,0,0,1,Hardware: Independent Flip,0,19.016972,6.7989,6.7989,0.4210
DemoGame.exe,7412,0x1F2A3B4C,DXGI,0,0,1,Hardware: Independent Flip,0,19.023805,6.8333,6.8333,0.4210
DemoGame.exe,7412,0x1F2A3B4C,DXGI,0,0,1,Hardware: Independent Flip,0,19.030702,6.8967,6.8967,0.4210
DemoGame.exe,7412,0x1F2A3B4C,DXGI,0,0,1,Hardware: Independent Flip,0,19.037726,7.0248,7.0248,0.4210
DemoGame.exe,7412,0x1F2A3B4C,DXGI,0,0,1,Hardware: Independent Flip,0,19.044476,6.7496,6.7496,0.4210
DemoGame.exe,7412,0x1F2A3B4C,DXGI,0,0,1,Hardware: Independent Flip,0,19.051305,6.8286,6.8286,0.4210
DemoGame.exe,7412,0x1F2A3B4C,DXGI,0,0,1,Hardware: Independent Flip,0,19.058338,7.0336,7.0336,0.4210
DemoGame.exe,7412,0x1F2A3B4C,DXGI,0,0,1,Hardware: Independent Flip,0,19.065580,7.2420,7.2420,0.4210
DemoGame.exe,7412,0x1F2A3B4C,DXGI,0,0,1,Hardware: Independent Flip,0,19.072415,6.8343,6.8343,0.4210
DemoGame.exe,7412,0x1F2A3B4C,DXGI,0,0,1,Hardware: Independent Flip,0,19.079230,6.8156,6.8156,0.4210
DemoGame.exe,7412,0x1F2A3B4C,DXGI,0,0,1,Hardware: Independent Flip,0,19.086463,7.2328,7.2328,0.4210
DemoGame.exe,7412,0x1F2A3B4C,DXGI,0,0,1,Hardware: Independent Flip,0,19.093418,6.9553,6.9553,0.4210
DemoGame.exe,7412,0x1F2A3B4C,DXGI,0,0,1,Hardware: Independent Flip,0,19.100086,6.6676,6.6676,0.4210
DemoGame.exe,7412,0x1F2A3B4C,DXGI,0,0,1,Hardware: Independent Flip,0,19.107328,7.2422,7.2422,0.4210
DemoGame.exe,7412,0x1F2A3B4C,DXGI,0,0,1,Hardware: Independent Flip,0,19.114282,6.9534,6.9534,0.4210
DemoGame.exe,7412,0x1F2A3B4C,DXGI,0,0,1,Hardware: Independent Flip,0,19.120967,6.6859,6.6859,0.4210
DemoGame.exe,7412,0x1F2A3B4C,DXGI,0,0,1,Hardware: Independent Flip,0,19.128050,7.0825,7.0825,0.4210
DemoGame.exe,7412,0x1F2A3B4C,DXGI,0,0,1,Hardware: Independent Flip,0,19.134966,6.9164,6.9164,0.4210
DemoGame.exe,7412,0x1F2A3B4C,DXGI,0,0,1,Hardware: Independent Flip,0,19.141855,6.8891,6.8891,0.4210
DemoGame.exe,7412,0x1F2A3B4C,DXGI,0,0,1,Hardware: Independent Flip,0,19.148995,7.1396,7.1396,0.4210
DemoGame.exe,7412,0x1F2A3B4C,DXGI,0,0,1,Hardware: Independent Flip,0,19.156166,7.1708,7.1708,0.4210
DemoGame.exe,7412,0x1F2A3B4C,DXGI,0,0,1,Hardware: Independent Flip,0,19.163395,7.2290,7.2290,0.4210
DemoGame.exe,7412,0x1F2A3B4C,DXGI,0,0,1,Hardware: Independent Flip,0,19.170530,7.1355,7.1355,0.4210
DemoGame.exe,7412,0x1F2A3B4C,DXGI,0,0,1,Hardware: Independent Flip,0,19.177285,6.7553,6.7553,0.4210
DemoGame.exe,7412,0x1F2A3B4C,DXGI,0,0,1,Hardware: Independent Flip,0,19.184023,6.7379,6.7379,0.4210
DemoGame.exe,7412,0x1F2A3B4C,DXGI,0,0,1,Hardware: Independent Flip,0,19.190912,6.8881,6.8881,0.4210
DemoGame.exe,7412,0x1F2A3B4C,DXGI,0,0,1,Hardware: Independent Flip,0,19.197974,7.0623,7.0623,0.4210
DemoGame.exe,7412,0x1F2A3B4C,DXGI,0,0,1,Hardware: Independent Flip,0,19.204679,6.7050,6.7050,0.4210
DemoGame.exe,7412,0x1F2A3B4C,DXGI,0,0,1,Hardware: Independent Flip,0,19.211488,6.8096,6.8096,0.4210
DemoGame.exe,7412,0x1F2A3B4C,DXGI,0,0,1,Hardware: Independent Flip,0,19.218189,6.7008,6.7008,0.4210
DemoGame.exe,7412,0x1F2A3B4C,DXGI,0,0,1,Hardware: Independent Flip,0,19.225117,6.9280,6.9280,0.4210
DemoGame.exe,7412,0x1F2A3B4C,DXGI,0,0,1,Hardware: Independent Flip,0,19.232129,7.0117,7.0117,0.4210
DemoGame.exe,7412,0x1F2A3B4C,DXGI,0,0,1,Hardware: Independent Flip,0,19.238877,6.7484,6.7484,0.4210
DemoGame.exe,7412,0x1F2A3B4C,DXGI,0,0,1,Hardware: Independent Flip,0,19.245844,6.9664,6.9664,0.4210
DemoGame.exe,7412,0x1F2A3B4C,DXGI,0,0,1,Hardware: Independent Flip,0,19.253086,7.2419,7.2419,0.4210
DemoGame.exe,7412,0x1F2A3B4C,DXGI,0,0,1,Hardware: Independent Flip,0,19.260153,7.0677,7.0677,0.4210
DemoGame.exe,7412,0x1F2A3B4C,DXGI,0,0,1,Hardware: Independent Flip,0,19.267319,7.1661,7.1661,0.4210
DemoGame.exe,7412,0x1F2A3B4C,DXGI,0,0,1,Hardware: Independent Flip,0,19.274237,6.9173,6.9173,0.4210
DemoGame.exe,7412,0x1F2A3B4C,DXGI,0,0,1,Hardware: Independent Flip,0,19.280899,6.6623,6.6623,0.4210
DemoGame.exe,7412,0x1F2A3B4C,DXGI,0,0,1,Hardware: Independent Flip,0,19.287588,6.6892,6.6892,0.4210
DemoGame.exe,7412,0x1F2A3B4C,DXGI,0,0,1,Hardware: Independent Flip,0,19.294241,6.6527,6.6527,0.4210
DemoGame.exe,7412,0x1F2A3B4C,DXGI,0,0,1,Hardware: Independent Flip,0,19.301092,6.8508,6.8508,0.4210
DemoGame.exe,7412,0x1F2A3B4C,DXGI,0,0,1,Hardware: Independent Flip,0,19.308129,7.0374,7.0374,0.4210
DemoGame.exe,7412,0x1F2A3B4C,DXGI,0,0,1,Hardware: Independent Flip,0,19.315053,6.9235,6.9235,0.4210
DemoGame.exe,7412,0x1F2A3B4C,DXGI,0,0,1,Hardware: Independent Flip,0,19.322036,6.9830,6.9830,0.4210
DemoGame.exe,7412,0x1F2A3B4C,DXGI,0,0,1,Hardware: Independent Flip,0,19.329017,6.9816,6.9816,0.4210
DemoGame.exe,7412,0x1F2A3B4C,DXGI,0,0,1,Hardware: Independent Flip,0,19.335988,6.9704,6.9704,0.4210
DemoGame.exe,7412,0x1F2A3B4C,DXGI,0,0,1,Hardware: Independent Flip,0,19.342909,6.9215,6.9215,0.4210
DemoGame.exe,7412,0x1F2A3B4C,DXGI,0,0,1,Hardware: Independent Flip,0,19.350004,7.0946,7.0946,0.4210
DemoGame.exe,7412,0x1F2A3B4C,DXGI,0,0,1,Hardware: Independent Flip,0,19.357070,7.0667,7.0667,0.4210
DemoGame.exe,7412,0x1F2A3B4C,DXGI,0,0,1,Hardware: Independent Flip,0,19.364013,6.9425,6.9425,0.4210
DemoGame.exe,7412,0x1F2A3B4C,DXGI,0,0,1,Hardware: Independent Flip,0,19.370735,6.7216,6.7216,0.4210
DemoGame.exe,7412,0x1F2A3B4C,DXGI,0,0,1,Hardware: Independent Flip,0,19.377660,6.9255,6.9255,0.4210
DemoGame.exe,7412,0x1F2A3B4C,DXGI,0,0,1,Hardware: Independent Flip,0,19.384667,7.0067,7.0067,0.4210
DemoGame.exe,7412,0x1F2A3B4C,DXGI,0,0,1,Hardware: Independent Flip,0,19.391354,6.6869,6.6869,0.4210
DemoGame.exe,7412,0x1F2A3B4C,DXGI,0,0,1,Hardware: Independent Flip,0,19.398168,6.8139,6.8139,0.4210
DemoGame.exe,7412,0x1F2A3B4C,DXGI,0,0,1,Hardware: Independent Flip,0,19.405109,6.9418,6.9418,0.4210
DemoGame.exe,7412,0x1F2A3B4C,DXGI,0,0,1,Hardware: Independent Flip,0,19.411895,6.7854,6.7854,0.4210
DemoGame.exe,7412,0x1F2A3B4C,DXGI,0,0,1,Hardware: Independent Flip,0,19.418826,6.9309,6.9309,0.4210
DemoGame.exe,7412,0x1F2A3B4C,DXGI,0,0,1,Hardware: Independent Flip,0,19.425931,7.1055,7.1055,0.4210
DemoGame.exe,7412,0x1F2A3B4C,DXGI,0,0,1,Hardware: Independent Flip,0,19.432941,7.0103,7.0103,0.4210
DemoGame.exe,7412,0x1F2A3B4C,DXGI,0,0,1,Hardware: Independent Flip,0,19.439914,6.9726,6.9726,0.4210
DemoGame.exe,7412,0x1F2A3B4C,DXGI,0,0,1,Hardware: Independent Flip,0,19.446991,7.0765,7.0765,0.4210
DemoGame.exe,7412,0x1F2A3B4C,DXGI,0,0,1,Hardware: Independent Flip,0,19.453768,6.7775,6.7775,0.4210
DemoGame.exe,7412,0x1F2A3B4C,DXGI,0,0,1,Hardware: Independent Flip,0,19.460900,7.1316,7.1316,0.4210
DemoGame.exe,7412,0x1F2A3B4C,DXGI,0,0,1,Hardware: Independent Flip,0,19.467765,6.8650,6.8650,0.4210
DemoGame.exe,7412,0x1F2A3B4C,DXGI,0,0,1,Hardware: Independent Flip,0,19.474616,6.8509,6.8509,0.4210
DemoGame.exe,7412,0x1F2A3B4C,DXGI,0,0,1,Hardware: Independent Flip,0,19.481561,6.9453,6.9453,0.4210
DemoGame.exe,7412,0x1F2A3B4C,DXGI,0,0,1,Hardware: Independent Flip,0,19.488205,6.6442,6.6442,0.4210
DemoGame.exe,7412,0x1F2A3B4C,DXGI,0,0,1,Hardware: Independent Flip,0,19.495335,7.1297,7.1297,0.4210
DemoGame.exe,7412,0x1F2A3B4C,DXGI,0,0,1,Hardware: Independent Flip,0,19.502099,6.7638,6.7638,0.4210
DemoGame.exe,7412,0x1F2A3B4C,DXGI,0,0,1,Hardware: Independent Flip,0,19.508908,6.8092,6.8092,0.4210
DemoGame.exe,7412,0x1F2A3B4C,DXGI,0,0,1,Hardware: Independent Flip,0,19.515806,6.8981,6.8981,0.4210
DemoGame.exe,7412,0x1F2A3B4C,DXGI,0,0,1,Hardware: Independent Flip,0,19.522650,6.8439,6.8439,0.4210
DemoGame.exe,7412,0x1F2A3B4C,DXGI,0,0,1,Hardware: Independent Flip,0,19.529781,7.1309,7.1309,0.4210
DemoGame.exe,7412,0x1F2A3B4C,DXGI,0,0,1,Hardware: Independent Flip,0,19.536745,6.9640,6.9640,0.4210
DemoGame.exe,7412,0x1F2A3B4C,DXGI,0,0,1,Hardware: Independent Flip,0,19.543580,6.8356,6.8356,0.4210
DemoGame.exe,7412,0x1F2A3B4C,DXGI,0,0,1,Hardware: Independent Flip,0,19.550436,6.8560,6.8560,0.4210
DemoGame.exe,7412,0x1F2A3B4C,DXGI,0,0,1,Hardware: Independent Flip,0,19.557453,7.0163,7.0163,0.4210
DemoGame.exe,7412,0x1F2A3B4C,DXGI,0,0,1,Hardware: Independent Flip,0,19.564453,7.0003,7.0003,0.4210
DemoGame.exe,7412,0x1F2A3B4C,DXGI,0,0,1,Hardware: Independent Flip,0,19.571615,7.1617,7.1617,0.4210
DemoGame.exe,7412,0x1F2A3B4C,DXGI,0,0,1,Hardware: Independent Flip,0,19.578399,6.7849,6.7849,0.4210
DemoGame.exe,7412,0x1F2A3B4C,DXGI,0,0,1,Hardware: Independent Flip,0,19.585254,6.8544,6.8544,0.4210
DemoGame.exe,7412,0x1F2A3B4C,DXGI,0,0,1,Hardware: Independent Flip,0,19.592241,6.9869,6.9869,0.4210
DemoGame.exe,7412,0x1F2A3B4C,DXGI,0,0,1,Hardware: Independent Flip,0,19.599243,7.0023,7.0023,0.4210
DemoGame.exe,7412,0x1F2A3B4C,DXGI,0,0,1,Hardware: Independent Flip,0,19.606093,6.8504,6.8504,0.4210
DemoGame.exe,7412,0x1F2A3B4C,DXGI,0,0,1,Hardware: Independent Flip,0,19.612824,6.7303,6.7303,0.4210
DemoGame.exe,7412,0x1F2A3B4C,DXGI,0,0,1,Hardware: Independent Flip,0,19.619809,6.9857,6.9857,0.4210
DemoGame.exe,7412,0x1F2A3B4C,DXGI,0,0,1,Hardware: Independent Flip,0,19.626733,6.9235,6.9235,0.4210
DemoGame.exe,7412,0x1F2A3B4C,DXGI,0,0,1,Hardware: Independent Flip,0,19.633805,7.0721,7.0721,0.4210
DemoGame.exe,7412,0x1F2A3B4C,DXGI,0,0,1,Hardware: Independent Flip,0,19.640575,6.7699,6.7699,0.4210
DemoGame.exe,7412,0x1F2A3B4C,DXGI,0,0,1,Hardware: Independent Flip,0,19.647599,7.0246,7.0246,0.4210
DemoGame.exe,7412,0x1F2A3B4C,DXGI,0,0,1,Hardware: Independent Flip,0,19.654830,7.2304,7.2304,0.4210
DemoGame.exe,7412,0x1F2A3B4C,DXGI,0,0,1,Hardware: Independent Flip,0,19.661631,6.8007,6.8007,0.4210
DemoGame.exe,7412,0x1F2A3B4C,DXGI,0,0,1,Hardware: Independent Flip,0,19.668553,6.9229,6.9229,0.4210
DemoGame.exe,7412,0x1F2A3B4C,DXGI,0,0,1,Hardware: Independent Flip,0,19.675478,6.9242,6.9242,0.4210
DemoGame.exe,7412,0x1F2A3B4C,DXGI,0,0,1,Hardware: Independent Flip,0,19.682496,7.0183,7.0183,0.4210
DemoGame.exe,7412,0x1F2A3B4C,DXGI,0,0,1,Hardware: Independent Flip,0,19.689400,6.9039,6.9039,0.4210
DemoGame.exe,7412,0x1F2A3B4C,DXGI,0,0,1,Hardware: Independent Flip,0,19.696436,7.0359,7.0359,0.4210
DemoGame.exe,7412,0x1F2A3B4C,DXGI,0,0,1,Hardware: Independent Flip,0,19.703198,6.7620,6.7620,0.4210
DemoGame.exe,7412,0x1F2A3B4C,DXGI,0,0,1,Hardware: Independent Flip,0,19.709972,6.7747,6.7747,0.4210
DemoGame.exe,7412,0x1F2A3B4C,DXGI,0,0,1,Hardware: Independent Flip,0,19.716641,6.6692,6.6692,0.4210
DemoGame.exe,7412,0x1F2A3B4C,DXGI,0,0,1,Hardware: Independent Flip,0,19.723563,6.9212,6.9212,0.4210
DemoGame.exe,7412,0x1F2A3B4C,DXGI,0,0,1,Hardware: Independent Flip,0,19.730772,7.2089,7.2089,0.4210
DemoGame.exe,7412,0x1F2A3B4C,DXGI,0,0,1,Hardware: Independent Flip,0,19.737718,6.9469,6.9469,0.4210
DemoGame.exe,7412,0x1F2A3B4C,DXGI,0,0,1,Hardware: Independent Flip,0,19.744496,6.7774,6.7774,0.4210
DemoGame.exe,7412,0x1F2A3B4C,DXGI,0,0,1,Hardware: Independent Flip,0,19.751563,7.0675,7.0675,0.4210
DemoGame.exe,7412,0x1F2A3B4C,DXGI,0,0,1,Hardware: Independent Flip,0,19.758289,6.7256,6.7256,0.4210
DemoGame.exe,7412,0x1F2A3B4C,DXGI,0,0,1,Hardware: Independent Flip,0,19.765409,7.1198,7.1198,0.4210
DemoGame.exe,7412,0x1F2A3B4C,DXGI,0,0,1,Hardware: Independent Flip,0,19.772376,6.9669,6.9669,0.4210
DemoGame.exe,7412,0x1F2A3B4C,DXGI,0,0,1,Hardware: Independent Flip,0,19.779598,7.2222,7.2222,0.4210
DemoGame.exe,7412,0x1F2A3B4C,DXGI,0,0,1,Hardware: Independent Flip,0,19.786328,6.7298,6.7298,0.4210
DemoGame.exe,7412,0x1F2A3B4C,DXGI,0,0,1,Hardware: Independent Flip,0,19.793341,7.0132,7.0132,0.4210
DemoGame.exe,7412,0x1F2A3B4C,DXGI,0,0,1,Hardware: Independent Flip,0,19.800516,7.1746,7.1746,0.4210
DemoGame.exe,7412,0x1F2A3B4C,DXGI,0,0,1,Hardware: Independent Flip,0,19.807703,7.1878,7.1878,0.4210
DemoGame.exe,7412,0x1F2A3B4C,DXGI,0,0,1,Hardware: Independent Flip,0,19.814573,6.8694,6.8694,0.4210
DemoGame.exe,7412,0x1F2A3B4C,DXGI,0,0,1,Hardware: Independent Flip,0,19.821335,6.7621,6.7621,0.4210
DemoGame.exe,7412,0x1F2A3B4C,DXGI,0,0,1,Hardware: Independent Flip,0,19.828069,6.7336,6.7336,0.4210
DemoGame.exe,7412,0x1F2A3B4C,DXGI,0,0,1,Hardware: Independent Flip,0,19.835088,7.0192,7.0192,0.4210
DemoGame.exe,7412,0x1F2A3B4C,DXGI,0,0,1,Hardware: Independent Flip,0,19.842013,6.9253,6.9253,0.4210
DemoGame.exe,7412,0x1F2A3B4C,DXGI,0,0,1,Hardware: Independent Flip,0,19.848792,6.7788,6.7788,0.4210
DemoGame.exe,7412,0x1F2A3B4C,DXGI,0,0,1,Hardware: Independent Flip,0,19.855901,7.1091,7.1091,0.4210
DemoGame.exe,7412,0x1F2A3B4C,DXGI,0,0,1,Hardware: Independent Flip,0,19.862567,6.6658,6.6658,0.4210
DemoGame.exe,7412,0x1F2A3B4C,DXGI,0,0,1,Hardware: Independent Flip,0,19.869383,6.8162,6.8162,0.4210
DemoGame.exe,7412,0x1F2A3B4C,DXGI,0,0,1,Hardware: Independent Flip,0,19.876387,7.0038,7.0038,0.4210
DemoGame.exe,7412,0x1F2A3B4C,DXGI,0,0,1,Hardware: Independent Flip,0,19.883370,6.9832,6.9832,0.4210
DemoGame.exe,7412,0x1F2A3B4C,DXGI,0,0,1,Hardware: Independent Flip,0,19.890193,6.8228,6.8228,0.4210
DemoGame.exe,7412,0x1F2A3B4C,DXGI,0,0,1,Hardware: Independent Flip,0,19.896934,6.7413,6.7413,0.4210
DemoGame.exe,7412,0x1F2A3B4C,DXGI,0,0,1,Hardware: Independent Flip,0,19.904099,7.1650,7.1650,0.4210
DemoGame.exe,7412,0x1F2A3B4C,DXGI,0,0,1,Hardware: Independent Flip,0,19.910950,6.8507,6.8507,0.4210
DemoGame.exe,7412,0x1F2A3B4C,DXGI,0,0,1,Hardware: Independent Flip,0,19.918139,7.1897,7.1897,0.4210
DemoGame.exe,7412,0x1F2A3B4C,DXGI,0,0,1,Hardware: Independent Flip,0,19.925315,7.1758,7.1758,0.4210
DemoGame.exe,7412,0x1F2A3B4C,DXGI,0,0,1,Hardware: Independent Flip,0,19.932379,7.0641,7.0641,0.4210
DemoGame.exe,7412,0x1F2A3B4C,DXGI,0,0,1,Hardware: Independent Flip,0,19.939278,6.8983,6.8983,0.4210
DemoGame.exe,7412,0x1F2A3B4C,DXGI,0,0,1,Hardware: Independent Flip,0,19.946147,6.8696,6.8696,0.4210
DemoGame.exe,7412,0x1F2A3B4C,DXGI,0,0,1,Hardware: Independent Flip,0,19.953284,7.1365,7.1365,0.4210
DemoGame.exe,7412,0x1F2A3B4C,DXGI,0,0,1,Hardware: Independent Flip,0,19.960391,7.1076,7.1076,0.4210
DemoGame.exe,7412,0x1F2A3B4C,DXGI,0,0,1,Hardware: Independent Flip,0,19.967281,6.8895,6.8895,0.4210
DemoGame.exe,7412,0x1F2A3B4C,DXGI,0,0,1,Hardware: Independent Flip,0,19.973965,6.6840,6.6840,0.4210
DemoGame.exe,7412,0x1F2A3B4C,DXGI,0,0,1,Hardware: Independent Flip,0,19.980834,6.8689,6.8689,0.4210
DemoGame.exe,7412,0x1F2A3B4C,DXGI,0,0,1,Hardware: Independent Flip,0,19.987861,7.0268,7.0268,0.4210
DemoGame.exe,7412,0x1F2A3B4C,DXGI,0,0,1,Hardware: Independent Flip,0,19.994509,6.6487,6.6487,0.4210
DemoGame.exe,7412,0x1F2A3B4C,DXGI,0,0,1,Hardware: Independent Flip,0,20.001619,7.1099,7.1099,0.4210
DemoGame.exe,7412,0x1F2A3B4C,DXGI,0,0,1,Hardware: Independent Flip,0,20.008820,7.2006,7.2006,0.4210
DemoGame.exe,7412,0x1F2A3B4C,DXGI,0,0,1,Hardware: Independent Flip,0,20.015914,7.0938,7.0938,0.4210
DemoGame.exe,7412,0x1F2A3B4C,DXGI,0,0,1,Hardware: Independent Flip,0,20.022598,6.6840,6.6840,0.4210
DemoGame.exe,7412,0x1F2A3B4C,DXGI,0,0,1,Hardware: Independent Flip,0,20.029253,6.6555,6.6555,0.4210
DemoGame.exe,7412,0x1F2A3B4C,DXGI,0,0,1,Hardware: Independent Flip,0,20.035953,6.6998,6.6998,0.4210
DemoGame.exe,7412,0x1F2A3B4C,DXGI,0,0,1,Hardware: Independent Flip,0,20.042810,6.8569,6.8569,0.4210
DemoGame.exe,7412,0x1F2A3B4C,DXGI,0,0,1,Hardware: Independent Flip,0,20.049507,6.6974,6.6974,0.4210
DemoGame.exe,7412,0x1F2A3B4C,DXGI,0,0,1,Hardware: Independent Flip,0,20.056313,6.8060,6.8060,0.4210
DemoGame.exe,7412,0x1F2A3B4C,DXGI,0,0,1,Hardware: Independent Flip,0,20.063242,6.9287,6.9287,0.4210
DemoGame.exe,7412,0x1F2A3B4C,DXGI,0,0,1,Hardware: Independent Flip,0,20.070371,7.1286,7.1286,0.4210
DemoGame.exe,7412,0x1F2A3B4C,DXGI,0,0,1,Hardware: Independent Flip,0,20.077125,6.7546,6.7546,0.4210
DemoGame.exe,7412,0x1F2A3B4C,DXGI,0,0,1,Hardware: Independent Flip,0,20.084352,7.2272,7.2272,0.4210
DemoGame.exe,7412,0x1F2A3B4C,DXGI,0,0,1,Hardware: Independent Flip,0,20.091262,6.9096,6.9096,0.4210
DemoGame.exe,7412,0x1F2A3B4C,DXGI,0,0,1,Hardware: Independent Flip,0,20.097909,6.6474,6.6474,0.4210
DemoGame.exe,7412,0x1F2A3B4C,DXGI,0,0,1,Hardware: Independent Flip,0,20.104658,6.7490,6.7490,0.4210
DemoGame.exe,7412,0x1F2A3B4C,DXGI,0,0,1,Hardware: Independent Flip,0,20.111508,6.8491,6.8491,0.4210
DemoGame.exe,7412,0x1F2A3B4C,DXGI,0,0,1,Hardware: Independent Flip,0,20.118715,7.2077,7.2077,0.4210
DemoGame.exe,7412,0x1F2A3B4C,DXGI,0,0,1,Hardware: Independent Flip,0,20.125914,7.1986,7.1986,0.4210
DemoGame.exe,7412,0x1F2A3B4C,DXGI,0,0,1,Hardware: Independent Flip,0,20.132884,6.9702,6.9702,0.4210
DemoGame.exe,7412,0x1F2A3B4C,DXGI,0,0,1,Hardware: Independent Flip,0,20.139689,6.8046,6.8046,0.4210
DemoGame.exe,7412,0x1F2A3B4C,DXGI,0,0,1,Hardware: Independent Flip,0,20.146602,6.9131,6.9131,0.4210
DemoGame.exe,7412,0x1F2A3B4C,DXGI,0,0,1,Hardware: Independent Flip,0,20.153623,7.0212,7.0212,0.4210
DemoGame.exe,7412,0x1F2A3B4C,DXGI,0,0,1,Hardware: Independent Flip,0,20.160313,6.6905,6.6905,0.4210
DemoGame.exe,7412,0x1F2A3B4C,DXGI,0,0,1,Hardware: Independent Flip,0,20.167223,6.9097,6.9097,0.4210
DemoGame.exe,7412,0x1F2A3B4C,DXGI,0,0,1,Hardware: Independent Flip,0,20.173982,6.7589,6.7589,0.4210
DemoGame.exe,7412,0x1F2A3B4C,DXGI,0,0,1,Hardware: Independent Flip,0,20.180931,6.9490,6.9490,0.4210
DemoGame.exe,7412,0x1F2A3B4C,DXGI,0,0,1,Hardware: Independent Flip,0,20.187626,6.6953,6.6953,0.4210
DemoGame.exe,7412,0x1F2A3B4C,DXGI,0,0,1,Hardware: Independent Flip,0,20.194632,7.0058,7.0058,0.4210
DemoGame.exe,7412,0x1F2A3B4C,DXGI,0,0,1,Hardware: Independent Flip,0,20.201749,7.1166,7.1166,0.4210
DemoGame.exe,7412,0x1F2A3B4C,DXGI,0,0,1,Hardware: Independent Flip,0,20.218164,16.4152,16.4152,0.4210
DemoGame.exe,7412,0x1F2A3B4C,DXGI,0,0,1,Hardware: Independent Flip,0,20.224958,6.7943,6.7943,0.4210
DemoGame.exe,7412,0x1F2A3B4C,DXGI,0,0,1,Hardware: Independent Flip,0,20.232101,7.1425,7.1425,0.4210
DemoGame.exe,7412,0x1F2A3B4C,DXGI,0,0,1,Hardware: Independent Flip,0,20.238875,6.7741,6.7741,0.4210
DemoGame.exe,7412,0x1F2A3B4C,DXGI,0,0,1,Hardware: Independent Flip,0,20.246118,7.2432,7.2432,0.4210
DemoGame.exe,7412,0x1F2A3B4C,DXGI,0,0,1,Hardware: Independent Flip,0,20.252827,6.7092,6.7092,0.4210
DemoGame.exe,7412,0x1F2A3B4C,DXGI,0,0,1,Hardware: Independent Flip,0,20.259794,6.9663,6.9663,0.4210
DemoGame.exe,7412,0x1F2A3B4C,DXGI,0,0,1,Hardware: Independent Flip,0,20.266757,6.9638,6.9638,0.4210
DemoGame.exe,7412,0x1F2A3B4C,DXGI,0,0,1,Hardware: Independent Flip,0,20.273729,6.9717,6.9717,0.4210
DemoGame.exe,7412,0x1F2A3B4C,DXGI,0,0,1,Hardware: Independent Flip,0,20.280496,6.7670,6.7670,0.4210
DemoGame.exe,7412,0x1F2A3B4C,DXGI,0,0,1,Hardware: Independent Flip,0,20.287625,7.1284,7.1284,0.4210
DemoGame.exe,7412,0x1F2A3B4C,DXGI,0,0,1,Hardware: Independent Flip,0,20.294736,7.1116,7.1116,0.4210
DemoGame.exe,7412,0x1F2A3B4C,DXGI,0,0,1,Hardware: Independent Flip,0,20.301425,6.6887,6.6887,0.4210
DemoGame.exe,7412,0x1F2A3B4C,DXGI,0,0,1,Hardware: Independent Flip,0,20.308330,6.9050,6.9050,0.4210
DemoGame.exe,7412,0x1F2A3B4C,DXGI,0,0,1,Hardware: Independent Flip,0,20.315021,6.6911,6.6911,0.4210
DemoGame.exe,7412,0x1F2A3B4C,DXGI,0,0,1,Hardware: Independent Flip,0,20.321974,6.9535,6.9535,0.4210
DemoGame.exe,7412,0x1F2A3B4C,DXGI,0,0,1,Hardware: Independent Flip,0,20.328890,6.9151,6.9151,0.4210
DemoGame.exe,7412,0x1F2A3B4C,DXGI,0,0,1,Hardware: Independent Flip,0,20.336094,7.2040,7.2040,0.4210
DemoGame.exe,7412,0x1F2A3B4C,DXGI,0,0,1,Hardware: Independent Flip,0,20.343227,7.1331,7.1331,0.4210
DemoGame.exe,7412,0x1F2A3B4C,DXGI,0,0,1,Hardware: Independent Flip,0,20.350229,7.0026,7.0026,0.4210
DemoGame.exe,7412,0x1F2A3B4C,DXGI,0,0,1,Hardware: Independent Flip,0,20.473319,123.0900,123.0900,0.4210
DemoGame.exe,7412,0x1F2A3B4C,DXGI,0,0,1,Hardware: Independent Flip,0,20.480234,6.9144,6.9144,0.4210
DemoGame.exe,7412,0x1F2A3B4C,DXGI,0,0,1,Hardware: Independent Flip,0,20.486934,6.7006,6.7006,0.4210
DemoGame.exe,7412,0x1F2A3B4C,DXGI,0,0,1,Hardware: Independent Flip,0,20.494022,7.0881,7.0881,0.4210
DemoGame.exe,7412,0x1F2A3B4C,DXGI,0,0,1,Hardware: Independent Flip,0,20.500863,6.8408,6.8408,0.4210
DemoGame.exe,7412,0x1F2A3B4C,DXGI,0,0,1,Hardware: Independent Flip,0,20.507686,6.8233,6.8233,0.4210
DemoGame.exe,7412,0x1F2A3B4C,DXGI,0,0,1,Hardware: Independent Flip,0,20.514734,7.0474,7.0474,0.4210
DemoGame.exe,7412,0x1F2A3B4C,DXGI,0,0,1,Hardware: Independent Flip,0,20.521752,7.0183,7.0183,0.4210
DemoGame.exe,7412,0x1F2A3B4C,DXGI,0,0,1,Hardware: Independent Flip,0,20.528893,7.1406,7.1406,0.4210
DemoGame.exe,7412,0x1F2A3B4C,DXGI,0,0,1,Hardware: Independent Flip,0,20.535888,6.9949,6.9949,0.4210
DemoGame.exe,7412,0x1F2A3B4C,DXGI,0,0,1,Hardware: Independent Flip,0,20.542693,6.8056,6.8056,0.4210
DemoGame.exe,7412,0x1F2A3B4C,DXGI,0,0,1,Hardware: Independent Flip,0,20.549629,6.9356,6.9356,0.4210
DemoGame.exe,7412,0x1F2A3B4C,DXGI,0,0,1,Hardware: Independent Flip,0,20.556562,6.9334,6.9334,0.4210
DemoGame.exe,7412,0x1F2A3B4C,DXGI,0,0,1,Hardware: Independent Flip,0,20.563441,6.8791,6.8791,0.4210
DemoGame.exe,7412,0x1F2A3B4C,DXGI,0,0,1,Hardware: Independent Flip,0,20.570420,6.9783,6.9783,0.4210
DemoGame.exe,7412,0x1F2A3B4C,DXGI,0,0,1,Hardware: Independent Flip,0,20.577276,6.8561,6.8561,0.4210
DemoGame.exe,7412,0x1F2A3B4C,DXGI,0,0,1,Hardware: Independent Flip,0,20.584373,7.0970,7.0970,0.4210
DemoGame.exe,7412,0x1F2A3B4C,DXGI,0,0,1,Hardware: Independent Flip,0,20.591283,6.9104,6.9104,0.4210
DemoGame.exe,7412,0x1F2A3B4C,DXGI,0,0,1,Hardware: Independent Flip,0,20.598465,7.1821,7.1821,0.4210
DemoGame.exe,7412,0x1F2A3B4C,DXGI,0,0,1,Hardware: Independent Flip,0,20.605492,7.0267,7.0267,0.4210
DemoGame.exe,7412,0x1F2A3B4C,DXGI,0,0,1,Hardware: Independent Flip,0,20.612621,7.1293,7.1293,0.4210
DemoGame.exe,7412,0x1F2A3B4C,DXGI,0,0,1,Hardware: Independent Flip,0,20.619501,6.8799,6.8799,0.4210
DemoGame.exe,7412,0x1F2A3B4C,DXGI,0,0,1,Hardware: Independent Flip,0,20.626577,7.0756,7.0756,0.4210
DemoGame.exe,7412,0x1F2A3B4C,DXGI,0,0,1,Hardware: Independent Flip,0,20.633663,7.0858,7.0858,0.4210
DemoGame.exe,7412,0x1F2A3B4C,DXGI,0,0,1,Hardware: Independent Flip,0,20.640600,6.9370,6.9370,0.4210
DemoGame.exe,7412,0x1F2A3B4C,DXGI,0,0,1,Hardware: Independent Flip,0,20.647468,6.8684,6.8684,0.4210
DemoGame.exe,7412,0x1F2A3B4C,DXGI,0,0,1,Hardware: Independent Flip,0,20.654228,6.7602,6.7602,0.4210
DemoGame.exe,7412,0x1F2A3B4C,DXGI,0,0,1,Hardware: Independent Flip,0,20.661472,7.2433,7.2433,0.4210
DemoGame.exe,7412,0x1F2A3B4C,DXGI,0,0,1,Hardware: Independent Flip,0,20.668672,7.2002,7.2002,0.4210
DemoGame.exe,7412,0x1F2A3B4C,DXGI,0,0,1,Hardware: Independent Flip,0,20.675760,7.0877,7.0877,0.4210
DemoGame.exe,7412,0x1F2A3B4C,DXGI,0,0,1,Hardware: Independent Flip,0,20.682749,6.9890,6.9890,0.4210
DemoGame.exe,7412,0x1F2A3B4C,DXGI,0,0,1,Hardware: Independent Flip,0,20.689555,6.8062,6.8062,0.4210
DemoGame.exe,7412,0x1F2A3B4C,DXGI,0,0,1,Hardware: Independent Flip,0,20.696202,6.6472,6.6472,0.4210
DemoGame.exe,7412,0x1F2A3B4C,DXGI,0,0,1,Hardware: Independent Flip,0,20.703278,7.0763,7.0763,0.4210
DemoGame.exe,7412,0x1F2A3B4C,DXGI,0,0,1,Hardware: Independent Flip,0,20.710495,7.2173,7.2173,0.4210
DemoGame.exe,7412,0x1F2A3B4C,DXGI,0,0,1,Hardware: Independent Flip,0,20.717619,7.1239,7.1239,0.4210
DemoGame.exe,7412,0x1F2A3B4C,DXGI,0,0,1,Hardware: Independent Flip,0,20.724705,7.0858,7.0858,0.4210
DemoGame.exe,7412,0x1F2A3B4C,DXGI,0,0,1,Hardware: Independent Flip,0,20.731635,6.9300,6.9300,0.4210
DemoGame.exe,7412,0x1F2A3B4C,DXGI,0,0,1,Hardware: Independent Flip,0,20.738682,7.0464,7.0464,0.4210
DemoGame.exe,7412,0x1F2A3B4C,DXGI,0,0,1,Hardware: Independent Flip,0,20.745812,7.1299,7.1299,0.4210
DemoGame.exe,7412,0x1F2A3B4C,DXGI,0,0,1,Hardware: Independent Flip,0,20.752975,7.1630,7.1630,0.4210
DemoGame.exe,7412,0x1F2A3B4C,DXGI,0,0,1,Hardware: Independent Flip,0,20.760164,7.1895,7.1895,0.4210
DemoGame.exe,7412,0x1F2A3B4C,DXGI,0,0,1,Hardware: Independent Flip,0,20.767239,7.0752,7.0752,0.4210
DemoGame.exe,7412,0x1F2A3B4C,DXGI,0,0,1,Hardware: Independent Flip,0,20.774255,7.0161,7.0161,0.4210
DemoGame.exe,7412,0x1F2A3B4C,DXGI,0,0,1,Hardware: Independent Flip,0,20.781222,6.9668,6.9668,0.4210
DemoGame.exe,7412,0x1F2A3B4C,DXGI,0,0,1,Hardware: Independent Flip,0,20.788042,6.8199,6.8199,0.4210
DemoGame.exe,7412,0x1F2A3B4C,DXGI,0,0,1,Hardware: Independent Flip,0,20.795041,6.9993,6.9993,0.4210
DemoGame.exe,7412,0x1F2A3B4C,DXGI,0,0,1,Hardware: Independent Flip,0,20.801711,6.6698,6.6698,0.4210
DemoGame.exe,7412,0x1F2A3B4C,DXGI,0,0,1,Hardware: Independent Flip,0,20.808668,6.9568,6.9568,0.4210
DemoGame.exe,7412,0x1F2A3B4C,DXGI,0,0,1,Hardware: Independent Flip,0,20.815409,6.7414,6.7414,0.4210
DemoGame.exe,7412,0x1F2A3B4C,DXGI,0,0,1,Hardware: Independent Flip,0,20.822472,7.0621,7.0621,0.4210
DemoGame.exe,7412,0x1F2A3B4C,DXGI,0,0,1,Hardware: Independent Flip,0,20.829409,6.9376,6.9376,0.4210
DemoGame.exe,7412,0x1F2A3B4C,DXGI,0,0,1,Hardware: Independent Flip,0,20.836604,7.1950,7.1950,0.4210
DemoGame.exe,7412,0x1F2A3B4C,DXGI,0,0,1,Hardware: Independent Flip,0,20.843824,7.2199,7.2199,0.4210
DemoGame.exe,7412,0x1F2A3B4C,DXGI,0,0,1,Hardware: Independent Flip,0,20.850623,6.7991,6.7991,0.4210
DemoGame.exe,7412,0x1F2A3B4C,DXGI,0,0,1,Hardware: Independent Flip,0,20.857708,7.0844,7.0844,0.4210
DemoGame.exe,7412,0x1F2A3B4C,DXGI,0,0,1,Hardware: Independent Flip,0,20.864790,7.0828,7.0828,0.4210
DemoGame.exe,7412,0x1F2A3B4C,DXGI,0,0,1,Hardware: Independent Flip,0,20.871649,6.8588,6.8588,0.4210
DemoGame.exe,7412,0x1F2A3B4C,DXGI,0,0,1,Hardware: Independent Flip,0,20.878444,6.7951,6.7951,0.4210
DemoGame.exe,7412,0x1F2A3B4C,DXGI,0,0,1,Hardware: Independent Flip,0,20.885661,7.2164,7.2164,0.4210
DemoGame.exe,7412,0x1F2A3B4C,DXGI,0,0,1,Hardware: Independent Flip,0,20.892368,6.7071,6.7071,0.4210
DemoGame.exe,7412,0x1F2A3B4C,DXGI,0,0,1,Hardware: Independent Flip,0,20.899416,7.0480,7.0480,0.4210
DemoGame.exe,7412,0x1F2A3B4C,DXGI,0,0,1,Hardware: Independent Flip,0,20.906478,7.0621,7.0621,0.4210
DemoGame.exe,7412,0x1F2A3B4C,DXGI,0,0,1,Hardware: Independent Flip,0,20.913175,6.6968,6.6968,0.4210
DemoGame.exe,7412,0x1F2A3B4C,DXGI,0,0,1,Hardware: Independent Flip,0,20.919825,6.6499,6.6499,0.4210
DemoGame.exe,7412,0x1F2A3B4C,DXGI,0,0,1,Hardware: Independent Flip,0,20.927068,7.2434,7.2434,0.4210
DemoGame.exe,7412,0x1F2A3B4C,DXGI,0,0,1,Hardware: Independent Flip,0,20.934000,6.9324,6.9324,0.4210
DemoGame.exe,7412,0x1F2A3B4C,DXGI,0,0,1,Hardware: Independent Flip,0,20.941102,7.1011,7.1011,0.4210
DemoGame.exe,7412,0x1F2A3B4C,DXGI,0,0,1,Hardware: Independent Flip,0,20.948007,6.9059,6.9059,0.4210
DemoGame.exe,7412,0x1F2A3B4C,DXGI,0,0,1,Hardware: Independent Flip,0,20.955106,7.0984,7.0984,0.4210
DemoGame.exe,7412,0x1F2A3B4C,DXGI,0,0,1,Hardware: Independent Flip,0,20.962120,7.0143,7.0143,0.4210
DemoGame.exe,7412,0x1F2A3B4C,DXGI,0,0,1,Hardware: Independent Flip,0,20.968931,6.8110,6.8110,0.4210
DemoGame.exe,7412,0x1F2A3B4C,DXGI,0,0,1,Hardware: Independent Flip,0,20.976039,7.1080,7.1080,0.4210
DemoGame.exe,7412,0x1F2A3B4C,DXGI,0,0,1,Hardware: Independent Flip,0,20.982735,6.6963,6.6963,0.4210
DemoGame.exe,7412,0x1F2A3B4C,DXGI,0,0,1,Hardware: Independent Flip,0,20.989843,7.1077,7.1077,0.4210
DemoGame.exe,7412,0x1F2A3B4C,DXGI,0,0,1,Hardware: Independent Flip,0,20.997027,7.1838,7.1838,0.4210
DemoGame.exe,7412,0x1F2A3B4C,DXGI,0,0,1,Hardware: Independent Flip,0,21.004076,7.0488,7.0488,0.4210
DemoGame.exe,7412,0x1F2A3B4C,DXGI,0,0,1,Hardware: Independent Flip,0,21.010779,6.7035,6.7035,0.4210
DemoGame.exe,7412,0x1F2A3B4C,DXGI,0,0,1,Hardware: Independent Flip,0,21.017542,6.7629,6.7629,0.4210
DemoGame.exe,7412,0x1F2A3B4C,DXGI,0,0,1,Hardware: Independent Flip,0,21.024303,6.7610,6.7610,0.4210
DemoGame.exe,7412,0x1F2A3B4C,DXGI,0,0,1,Hardware: Independent Flip,0,21.031416,7.1131,7.1131,0.4210
DemoGame.exe,7412,0x1F2A3B4C,DXGI,0,0,1,Hardware: Independent Flip,0,21.038151,6.7344,6.7344,0.4210
DemoGame.exe,7412,0x1F2A3B4C,DXGI,0,0,1,Hardware: Independent Flip,0,21.045081,6.9305,6.9305,0.4210
DemoGame.exe,7412,0x1F2A3B4C,DXGI,0,0,1,Hardware: Independent Flip,0,21.052184,7.1028,7.1028,0.4210
DemoGame.exe,7412,0x1F2A3B4C,DXGI,0,0,1,Hardware: Independent Flip,0,21.058854,6.6696,6.6696,0.4210
DemoGame.exe,7412,0x1F2A3B4C,DXGI,0,0,1,Hardware: Independent Flip,0,21.065549,6.6954,6.6954,0.4210
DemoGame.exe,7412,0x1F2A3B4C,DXGI,0,0,1,Hardware: Independent Flip,0,21.072404,6.8552,6.8552,0.4210
DemoGame.exe,7412,0x1F2A3B4C,DXGI,0,0,1,Hardware: Independent Flip,0,21.079075,6.6713,6.6713,0.4210
DemoGame.exe,7412,0x1F2A3B4C,DXGI,0,0,1,Hardware: Independent Flip,0,21.085997,6.9212,6.9212,0.4210
DemoGame.exe,7412,0x1F2A3B4C,DXGI,0,0,1,Hardware: Independent Flip,0,21.092773,6.7768,6.7768,0.4210
DemoGame.exe,7412,0x1F2A3B4C,DXGI,0,0,1,Hardware: Independent Flip,0,21.099459,6.6852,6.6852,0.4210
DemoGame.exe,7412,0x1F2A3B4C,DXGI,0,0,1,Hardware: Independent Flip,0,21.106330,6.8710,6.8710,0.4210
DemoGame.exe,7412,0x1F2A3B4C,DXGI,0,0,1,Hardware: Independent Flip,0,21.113109,6.7789,6.7789,0.4210
DemoGame.exe,7412,0x1F2A3B4C,DXGI,0,0,1,Hardware: Independent Flip,0,21.120183,7.0741,7.0741,0.4210
DemoGame.exe,7412,0x1F2A3B4C,DXGI,0,0,1,Hardware: Independent Flip,0,21.127249,7.0668,7.0668,0.4210
DemoGame.exe,7412,0x1F2A3B4C,DXGI,0,0,1,Hardware: Independent Flip,0,21.134008,6.7590,6.7590,0.4210
DemoGame.exe,7412,0x1F2A3B4C,DXGI,0,0,1,Hardware: Independent Flip,0,21.140780,6.7714,6.7714,0.4210
DemoGame.exe,7412,0x1F2A3B4C,DXGI,0,0,1,Hardware: Independent Flip,0,21.147802,7.0223,7.0223,0.4210
DemoGame.exe,7412,0x1F2A3B4C,DXGI,0,0,1,Hardware: Independent Flip,0,21.154812,7.0102,7.0102,0.4210
DemoGame.exe,7412,0x1F2A3B4C,DXGI,0,0,1,Hardware: Independent Flip,0,21.161780,6.9675,6.9675,0.4210
DemoGame.exe,7412,0x1F2A3B4C,DXGI,0,0,1,Hardware: Independent Flip,0,21.168911,7.1315,7.1315,0.4210
DemoGame.exe,7412,0x1F2A3B4C,DXGI,0,0,1,Hardware: Independent Flip,0,21.176053,7.1422,7.1422,0.4210
DemoGame.exe,7412,0x1F2A3B4C,DXGI,0,0,1,Hardware: Independent Flip,0,21.183061,7.0080,7.0080,0.4210
DemoGame.exe,7412,0x1F2A3B4C,DXGI,0,0,1,Hardware: Independent Flip,0,21.190164,7.1024,7.1024,0.4210
DemoGame.exe,7412,0x1F2A3B4C,DXGI,0,0,1,Hardware: Independent Flip,0,21.197135,6.9711,6.9711,0.4210
DemoGame.exe,7412,0x1F2A3B4C,DXGI,0,0,1,Hardware: Independent Flip,0,21.204030,6.8951,6.8951,0.4210
DemoGame.exe,7412,0x1F2A3B4C,DXGI,0,0,1,Hardware: Independent Flip,0,21.211104,7.0736,7.0736,0.4210
DemoGame.exe,7412,0x1F2A3B4C,DXGI,0,0,1,Hardware: Independent Flip,0,21.218246,7.1427,7.1427,0.4210
DemoGame.exe,7412,0x1F2A3B4C,DXGI,0,0,1,Hardware: Independent Flip,0,21.225003,6.7562,6.7562,0.4210
DemoGame.exe,7412,0x1F2A3B4C,DXGI,0,0,1,Hardware: Independent Flip,0,21.231862,6.8592,6.8592,0.4210
DemoGame.exe,7412,0x1F2A3B4C,DXGI,0,0,1,Hardware: Independent Flip,0,21.238541,6.6797,6.6797,0.4210
DemoGame.exe,7412,0x1F2A3B4C,DXGI,0,0,1,Hardware: Independent Flip,0,21.245565,7.0233,7.0233,0.4210
DemoGame.exe,7412,0x1F2A3B4C,DXGI,0,0,1,Hardware: Independent Flip,0,21.252305,6.7399,6.7399,0.4210
DemoGame.exe,7412,0x1F2A3B4C,DXGI,0,0,1,Hardware: Independent Flip,0,21.258983,6.6781,6.6781,0.4210
DemoGame.exe,7412,0x1F2A3B4C,DXGI,0,0,1,Hardware: Independent Flip,0,21.265730,6.7472,6.7472,0.4210
DemoGame.exe,7412,0x1F2A3B4C,DXGI,0,0,1,Hardware: Independent Flip,0,21.272947,7.2167,7.2167,0.4210
DemoGame.exe,7412,0x1F2A3B4C,DXGI,0,0,1,Hardware: Independent Flip,0,21.279708,6.7615,6.7615,0.4210
DemoGame.exe,7412,0x1F2A3B4C,DXGI,0,0,1,Hardware: Independent Flip,0,21.286911,7.2033,7.2033,0.4210
DemoGame.exe,7412,0x1F2A3B4C,DXGI,0,0,1,Hardware: Independent Flip,0,21.293583,6.6712,6.6712,0.4210
DemoGame.exe,7412,0x1F2A3B4C,DXGI,0,0,1,Hardware: Independent Flip,0,21.300781,7.1985,7.1985,0.4210
DemoGame.exe,7412,0x1F2A3B4C,DXGI,0,0,1,Hardware: Independent Flip,0,21.307813,7.0321,7.0321,0.4210
DemoGame.exe,7412,0x1F2A3B4C,DXGI,0,0,1,Hardware: Independent Flip,0,21.314719,6.9052,6.9052,0.4210
DemoGame.exe,7412,0x1F2A3B4C,DXGI,0,0,1,Hardware: Independent Flip,0,21.321542,6.8239,6.8239,0.4210
DemoGame.exe,7412,0x1F2A3B4C,DXGI,0,0,1,Hardware: Independent Flip,0,21.328315,6.7730,6.7730,0.4210
DemoGame.exe,7412,0x1F2A3B4C,DXGI,0,0,1,Hardware: Independent Flip,0,21.335373,7.0572,7.0572,0.4210
DemoGame.exe,7412,0x1F2A3B4C,DXGI,0,0,1,Hardware: Independent Flip,0,21.342160,6.7873,6.7873,0.4210
DemoGame.exe,7412,0x1F2A3B4C,DXGI,0,0,1,Hardware: Independent Flip,0,21.348836,6.6761,6.6761,0.4210
DemoGame.exe,7412,0x1F2A3B4C,DXGI,0,0,1,Hardware: Independent Flip,0,21.355514,6.6779,6.6779,0.4210
DemoGame.exe,7412,0x1F2A3B4C,DXGI,0,0,1,Hardware: Independent Flip,0,21.362387,6.8735,6.8735,0.4210
DemoGame.exe,7412,0x1F2A3B4C,DXGI,0,0,1,Hardware: Independent Flip,0,21.369380,6.9927,6.9927,0.4210
DemoGame.exe,7412,0x1F2A3B4C,DXGI,0,0,1,Hardware: Independent Flip,0,21.376437,7.0564,7.0564,0.4210
DemoGame.exe,7412,0x1F2A3B4C,DXGI,0,0,1,Hardware: Independent Flip,0,21.383107,6.6704,6.6704,0.4210
DemoGame.exe,7412,0x1F2A3B4C,DXGI,0,0,1,Hardware: Independent Flip,0,21.390044,6.9372,6.9372,0.4210
DemoGame.exe,7412,0x1F2A3B4C,DXGI,0,0,1,Hardware: Independent Flip,0,21.397084,7.0395,7.0395,0.4210
DemoGame.exe,7412,0x1F2A3B4C,DXGI,0,0,1,Hardware: Independent Flip,0,21.403957,6.8735,6.8735,0.4210
DemoGame.exe,7412,0x1F2A3B4C,DXGI,0,0,1,Hardware: Independent Flip,0,21.411172,7.2149,7.2149,0.4210
DemoGame.exe,7412,0x1F2A3B4C,DXGI,0,0,1,Hardware: Independent Flip,0,21.418143,6.9704,6.9704,0.4210
DemoGame.exe,7412,0x1F2A3B4C,DXGI,0,0,1,Hardware: Independent Flip,0,21.425215,7.0721,7.0721,0.4210
DemoGame.exe,7412,0x1F2A3B4C,DXGI,0,0,1,Hardware: Independent Flip,0,21.431990,6.7757,6.7757,0.4210
DemoGame.exe,7412,0x1F2A3B4C,DXGI,0,0,1,Hardware: Independent Flip,0,21.439009,7.0185,7.0185,0.4210
DemoGame.exe,7412,0x1F2A3B4C,DXGI,0,0,1,Hardware: Independent Flip,0,21.445875,6.8658,6.8658,0.4210
DemoGame.exe,7412,0x1F2A3B4C,DXGI,0,0,1,Hardware: Independent Flip,0,21.452831,6.9565,6.9565,0.4210
DemoGame.exe,7412,0x1F2A3B4C,DXGI,0,0,1,Hardware: Independent Flip,0,21.459990,7.1591,7.1591,0.4210
DemoGame.exe,7412,0x1F2A3B4C,DXGI,0,0,1,Hardware: Independent Flip,0,21.466696,6.7060,6.7060,0.4210
DemoGame.exe,7412,0x1F2A3B4C,DXGI,0,0,1,Hardware: Independent Flip,0,21.473438,6.7411,6.7411,0.4210
DemoGame.exe,7412,0x1F2A3B4C,DXGI,0,0,1,Hardware: Independent Flip,0,21.480343,6.9059,6.9059,0.4210
DemoGame.exe,7412,0x1F2A3B4C,DXGI,0,0,1,Hardware: Independent Flip,0,21.487118,6.7751,6.7751,0.4210
DemoGame.exe,7412,0x1F2A3B4C,DXGI,0,0,1,Hardware: Independent Flip,0,21.493863,6.7448,6.7448,0.4210
DemoGame.exe,7412,0x1F2A3B4C,DXGI,0,0,1,Hardware: Independent Flip,0,21.500834,6.9708,6.9708,0.4210
DemoGame.exe,7412,0x1F2A3B4C,DXGI,0,0,1,Hardware: Independent Flip,0,21.507928,7.0941,7.0941,0.4210
DemoGame.exe,7412,0x1F2A3B4C,DXGI,0,0,1,Hardware: Independent Flip,0,21.515170,7.2415,7.2415,0.4210
DemoGame.exe,7412,0x1F2A3B4C,DXGI,0,0,1,Hardware: Independent Flip,0,21.521982,6.8122,6.8122,0.4210
DemoGame.exe,7412,0x1F2A3B4C,DXGI,0,0,1,Hardware: Independent Flip,0,21.528977,6.9951,6.9951,0.4210
DemoGame.exe,7412,0x1F2A3B4C,DXGI,0,0,1,Hardware: Independent Flip,0,21.536033,7.0557,7.0557,0.4210
DemoGame.exe,7412,0x1F2A3B4C,DXGI,0,0,1,Hardware: Independent Flip,0,21.543212,7.1793,7.1793,0.4210
DemoGame.exe,7412,0x1F2A3B4C,DXGI,0,0,1,Hardware: Independent Flip,0,21.550082,6.8703,6.8703,0.4210
DemoGame.exe,7412,0x1F2A3B4C,DXGI,0,0,1,Hardware: Independent Flip,0,21.557045,6.9623,6.9623,0.4210
DemoGame.exe,7412,0x1F2A3B4C,DXGI,0,0,1,Hardware: Independent Flip,0,21.563924,6.8789,6.8789,0.4210
DemoGame.exe,7412,0x1F2A3B4C,DXGI,0,0,1,Hardware: Independent Flip,0,21.570613,6.6892,6.6892,0.4210
DemoGame.exe,7412,0x1F2A3B4C,DXGI,0,0,1,Hardware: Independent Flip,0,21.577441,6.8278,6.8278,0.4210
DemoGame.exe,7412,0x1F2A3B4C,DXGI,0,0,1,Hardware: Independent Flip,0,21.584304,6.8630,6.8630,0.4210
DemoGame.exe,7412,0x1F2A3B4C,DXGI,0,0,1,Hardware: Independent Flip,0,21.591343,7.0396,7.0396,0.4210
DemoGame.exe,7412,0x1F2A3B4C,DXGI,0,0,1,Hardware: Independent Flip,0,21.598256,6.9133,6.9133,0.4210
DemoGame.exe,7412,0x1F2A3B4C,DXGI,0,0,1,Hardware: Independent Flip,0,21.605264,7.0075,7.0075,0.4210
DemoGame.exe,7412,0x1F2A3B4C,DXGI,0,0,1,Hardware: Independent Flip,0,21.612311,7.0468,7.0468,0.4210
DemoGame.exe,7412,0x1F2A3B4C,DXGI,0,0,1,Hardware: Independent Flip,0,21.618964,6.6532,6.6532,0.4210
DemoGame.exe,7412,0x1F2A3B4C,DXGI,0,0,1,Hardware: Independent Flip,0,21.625694,6.7301,6.7301,0.4210
DemoGame.exe,7412,0x1F2A3B4C,DXGI,0,0,1,Hardware: Independent Flip,0,21.632638,6.9445,6.9445,0.4210
DemoGame.exe,7412,0x1F2A3B4C,DXGI,0,0,1,Hardware: Independent Flip,0,21.639687,7.0486,7.0486,0.4210
DemoGame.exe,7412,0x1F2A3B4C,DXGI,0,0,1,Hardware: Independent Flip,0,21.646463,6.7763,6.7763,0.4210
DemoGame.exe,7412,0x1F2A3B4C,DXGI,0,0,1,Hardware: Independent Flip,0,21.653354,6.8903,6.8903,0.4210
DemoGame.exe,7412,0x1F2A3B4C,DXGI,0,0,1,Hardware: Independent Flip,0,21.660287,6.9334,6.9334,0.4210
DemoGame.exe,7412,0x1F2A3B4C,DXGI,0,0,1,Hardware: Independent Flip,0,21.667359,7.0715,7.0715,0.4210
DemoGame.exe,7412,0x1F2A3B4C,DXGI,0,0,1,Hardware: Independent Flip,0,21.674255,6.8967,6.8967,0.4210
DemoGame.exe,7412,0x1F2A3B4C,DXGI,0,0,1,Hardware: Independent Flip,0,21.681232,6.9767,6.9767,0.4210
DemoGame.exe,7412,0x1F2A3B4C,DXGI,0,0,1,Hardware: Independent Flip,0,21.687952,6.7196,6.7196,0.4210
DemoGame.exe,7412,0x1F2A3B4C,DXGI,0,0,1,Hardware: Independent Flip,0,21.694942,6.9901,6.9901,0.4210
DemoGame.exe,7412,0x1F2A3B4C,DXGI,0,0,1,Hardware: Independent Flip,0,21.701704,6.7619,6.7619,0.4210
DemoGame.exe,7412,0x1F2A3B4C,DXGI,0,0,1,Hardware: Independent Flip,0,21.708379,6.6759,6.6759,0.4210
DemoGame.exe,7412,0x1F2A3B4C,DXGI,0,0,1,Hardware: Independent Flip,0,21.715175,6.7954,6.7954,0.4210
DemoGame.exe,7412,0x1F2A3B4C,DXGI,0,0,1,Hardware: Independent Flip,0,21.721831,6.6562,6.6562,0.4210
DemoGame.exe,7412,0x1F2A3B4C,DXGI,0,0,1,Hardware: Independent Flip,0,21.729006,7.1753,7.1753,0.4210
DemoGame.exe,7412,0x1F2A3B4C,DXGI,0,0,1,Hardware: Independent Flip,0,21.735957,6.9511,6.9511,0.4210
DemoGame.exe,7412,0x1F2A3B4C,DXGI,0,0,1,Hardware: Independent Flip,0,21.742981,7.0234,7.0234,0.4210
DemoGame.exe,7412,0x1F2A3B4C,DXGI,0,0,1,Hardware: Independent Flip,0,21.749976,6.9953,6.9953,0.4210
DemoGame.exe,7412,0x1F2A3B4C,DXGI,0,0,1,Hardware: Independent Flip,0,21.756864,6.8883,6.8883,0.4210
DemoGame.exe,7412,0x1F2A3B4C,DXGI,0,0,1,Hardware: Independent Flip,0,21.763784,6.9193,6.9193,0.4210
DemoGame.exe,7412,0x1F2A3B4C,DXGI,0,0,1,Hardware: Independent Flip,0,21.770909,7.1255,7.1255,0.4210
DemoGame.exe,7412,0x1F2A3B4C,DXGI,0,0,1,Hardware: Independent Flip,0,21.778013,7.1041,7.1041,0.4210
DemoGame.exe,7412,0x1F2A3B4C,DXGI,0,0,1,Hardware: Independent Flip,0,21.784661,6.6472,6.6472,0.4210
DemoGame.exe,7412,0x1F2A3B4C,DXGI,0,0,1,Hardware: Independent Flip,0,21.791557,6.8966,6.8966,0.4210
DemoGame.exe,7412,0x1F2A3B4C,DXGI,0,0,1,Hardware: Independent Flip,0,21.798293,6.7355,6.7355,0.4210
DemoGame.exe,7412,0x1F2A3B4C,DXGI,0,0,1,Hardware: Independent Flip,0,21.805319,7.0269,7.0269,0.4210
DemoGame.exe,7412,0x1F2A3B4C,DXGI,0,0,1,Hardware: Independent Flip,0,21.812511,7.1919,7.1919,0.4210
DemoGame.exe,7412,0x1F2A3B4C,DXGI,0,0,1,Hardware: Independent Flip,0,21.819311,6.7996,6.7996,0.4210
DemoGame.exe,7412,0x1F2A3B4C,DXGI,0,0,1,Hardware: Independent Flip,0,21.826381,7.0702,7.0702,0.4210
DemoGame.exe,7412,0x1F2A3B4C,DXGI,0,0,1,Hardware: Independent Flip,0,21.833068,6.6873,6.6873,0.4210
DemoGame.exe,7412,0x1F2A3B4C,DXGI,0,0,1,Hardware: Independent Flip,0,21.839864,6.7956,6.7956,0.4210
DemoGame.exe,7412,0x1F2A3B4C,DXGI,0,0,1,Hardware: Independent Flip,0,21.846767,6.9032,6.9032,0.4210
DemoGame.exe,7412,0x1F2A3B4C,DXGI,0,0,1,Hardware: Independent Flip,0,21.853499,6.7319,6.7319,0.4210
DemoGame.exe,7412,0x1F2A3B4C,DXGI,0,0,1,Hardware: Independent Flip,0,21.860319,6.8198,6.8198,0.4210
DemoGame.exe,7412,0x1F2A3B4C,DXGI,0,0,1,Hardware: Independent Flip,0,21.867394,7.0746,7.0746,0.4210
DemoGame.exe,7412,0x1F2A3B4C,DXGI,0,0,1,Hardware: Independent Flip,0,21.874334,6.9403,6.9403,0.4210
DemoGame.exe,7412,0x1F2A3B4C,DXGI,0,0,1,Hardware: Independent Flip,0,21.881172,6.8385,6.8385,0.4210
DemoGame.exe,7412,0x1F2A3B4C,DXGI,0,0,1,Hardware: Independent Flip,0,21.888020,6.8478,6.8478,0.4210
DemoGame.exe,7412,0x1F2A3B4C,DXGI,0,0,1,Hardware: Independent Flip,0,21.894972,6.9521,6.9521,0.4210
DemoGame.exe,7412,0x1F2A3B4C,DXGI,0,0,1,Hardware: Independent Flip,0,21.901957,6.9846,6.9846,0.4210
DemoGame.exe,7412,0x1F2A3B4C,DXGI,0,0,1,Hardware: Independent Flip,0,21.908699,6.7424,6.7424,0.4210
DemoGame.exe,7412,0x1F2A3B4C,DXGI,0,0,1,Hardware: Independent Flip,0,21.915422,6.7230,6.7230,0.4210
DemoGame.exe,7412,0x1F2A3B4C,DXGI,0,0,1,Hardware: Independent Flip,0,21.922526,7.1037,7.1037,0.4210
DemoGame.exe,7412,0x1F2A3B4C,DXGI,0,0,1,Hardware: Independent Flip,0,21.929650,7.1243,7.1243,0.4210
DemoGame.exe,7412,0x1F2A3B4C,DXGI,0,0,1,Hardware: Independent Flip,0,21.936495,6.8444,6.8444,0.4210
DemoGame.exe,7412,0x1F2A3B4C,DXGI,0,0,1,Hardware: Independent Flip,0,21.943342,6.8470,6.8470,0.4210
DemoGame.exe,7412,0x1F2A3B4C,DXGI,0,0,1,Hardware: Independent Flip,0,21.950480,7.1379,7.1379,0.4210
DemoGame.exe,7412,0x1F2A3B4C,DXGI,0,0,1,Hardware: Independent Flip,0,21.957295,6.8156,6.8156,0.4210
DemoGame.exe,7412,0x1F2A3B4C,DXGI,0,0,1,Hardware: Independent Flip,0,21.964227,6.9316,6.9316,0.4210
DemoGame.exe,7412,0x1F2A3B4C,DXGI,0,0,1,Hardware: Independent Flip,0,21.970959,6.7325,6.7325,0.4210
DemoGame.exe,7412,0x1F2A3B4C,DXGI,0,0,1,Hardware: Independent Flip,0,21.978093,7.1339,7.1339,0.4210
DemoGame.exe,7412,0x1F2A3B4C,DXGI,0,0,1,Hardware: Independent Flip,0,21.984749,6.6562,6.6562,0.4210
DemoGame.exe,7412,0x1F2A3B4C,DXGI,0,0,1,Hardware: Independent Flip,0,21.991552,6.8025,6.8025,0.4210
DemoGame.exe,7412,0x1F2A3B4C,DXGI,0,0,1,Hardware: Independent Flip,0,21.998530,6.9779,6.9779,0.4210
DemoGame.exe,7412,0x1F2A3B4C,DXGI,0,0,1,Hardware: Independent Flip,0,22.005378,6.8485,6.8485,0.4210
DemoGame.exe,7412,0x1F2A3B4C,DXGI,0,0,1,Hardware: Independent Flip,0,22.012463,7.0843,7.0843,0.4210
DemoGame.exe,7412,0x1F2A3B4C,DXGI,0,0,1,Hardware: Independent Flip,0,22.019508,7.0454,7.0454,0.4210
DemoGame.exe,7412,0x1F2A3B4C,DXGI,0,0,1,Hardware: Independent Flip,0,22.026632,7.1238,7.1238,0.4210
DemoGame.exe,7412,0x1F2A3B4C,DXGI,0,0,1,Hardware: Independent Flip,0,22.033431,6.7988,6.7988,0.4210
DemoGame.exe,7412,0x1F2A3B4C,DXGI,0,0,1,Hardware: Independent Flip,0,22.040581,7.1505,7.1505,0.4210
DemoGame.exe,7412,0x1F2A3B4C,DXGI,0,0,1,Hardware: Independent Flip,0,22.047705,7.1236,7.1236,0.4210
DemoGame.exe,7412,0x1F2A3B4C,DXGI,0,0,1,Hardware: Independent Flip,0,22.054446,6.7411,6.7411,0.4210
DemoGame.exe,7412,0x1F2A3B4C,DXGI,0,0,1,Hardware: Independent Flip,0,22.061596,7.1505,7.1505,0.4210
DemoGame.exe,7412,0x1F2A3B4C,DXGI,0,0,1,Hardware: Independent Flip,0,22.068273,6.6763,6.6763,0.4210
DemoGame.exe,7412,0x1F2A3B4C,DXGI,0,0,1,Hardware: Independent Flip,0,22.075111,6.8384,6.8384,0.4210
DemoGame.exe,7412,0x1F2A3B4C,DXGI,0,0,1,Hardware: Independent Flip,0,22.082214,7.1027,7.1027,0.4210
DemoGame.exe,7412,0x1F2A3B4C,DXGI,0,0,1,Hardware: Independent Flip,0,22.089402,7.1880,7.1880,0.4210
DemoGame.exe,7412,0x1F2A3B4C,DXGI,0,0,1,Hardware: Independent Flip,0,22.096621,7.2196,7.2196,0.4210
DemoGame.exe,7412,0x1F2A3B4C,DXGI,0,0,1,Hardware: Independent Flip,0,22.103447,6.8256,6.8256,0.4210
DemoGame.exe,7412,0x1F2A3B4C,DXGI,0,0,1,Hardware: Independent Flip,0,22.110326,6.8791,6.8791,0.4210
DemoGame.exe,7412,0x1F2A3B4C,DXGI,0,0,1,Hardware: Independent Flip,0,22.117083,6.7567,6.7567,0.4210
DemoGame.exe,7412,0x1F2A3B4C,DXGI,0,0,1,Hardware: Independent Flip,0,22.123902,6.8196,6.8196,0.4210
DemoGame.exe,7412,0x1F2A3B4C,DXGI,0,0,1,Hardware: Independent Flip,0,22.130589,6.6872,6.6872,0.4210
DemoGame.exe,7412,0x1F2A3B4C,DXGI,0,0,1,Hardware: Independent Flip,0,22.137737,7.1477,7.1477,0.4210
DemoGame.exe,7412,0x1F2A3B4C,DXGI,0,0,1,Hardware: Independent Flip,0,22.144558,6.8209,6.8209,0.4210
DemoGame.exe,7412,0x1F2A3B4C,DXGI,0,0,1,Hardware: Independent Flip,0,22.151605,7.0465,7.0465,0.4210
DemoGame.exe,7412,0x1F2A3B4C,DXGI,0,0,1,Hardware: Independent Flip,0,22.158249,6.6444,6.6444,0.4210
DemoGame.exe,7412,0x1F2A3B4C,DXGI,0,0,1,Hardware: Independent Flip,0,22.165016,6.7669,6.7669,0.4210
DemoGame.exe,7412,0x1F2A3B4C,DXGI,0,0,1,Hardware: Independent Flip,0,22.171712,6.6962,6.6962,0.4210
DemoGame.exe,7412,0x1F2A3B4C,DXGI,0,0,1,Hardware: Independent Flip,0,22.178844,7.1324,7.1324,0.4210
DemoGame.exe,7412,0x1F2A3B4C,DXGI,0,0,1,Hardware: Independent Flip,0,22.185977,7.1330,7.1330,0.4210
DemoGame.exe,7412,0x1F2A3B4C,DXGI,0,0,1,Hardware: Independent Flip,0,22.192998,7.0203,7.0203,0.4210
DemoGame.exe,7412,0x1F2A3B4C,DXGI,0,0,1,Hardware: Independent Flip,0,22.200110,7.1120,7.1120,0.4210
DemoGame.exe,7412,0x1F2A3B4C,DXGI,0,0,1,Hardware: Independent Flip,0,22.207091,6.9817,6.9817,0.4210
DemoGame.exe,7412,0x1F2A3B4C,DXGI,0,0,1,Hardware: Independent Flip,0,22.213889,6.7974,6.7974,0.4210
DemoGame.exe,7412,0x1F2A3B4C,DXGI,0,0,1,Hardware: Independent Flip,0,22.220672,6.7834,6.7834,0.4210
DemoGame.exe,7412,0x1F2A3B4C,DXGI,0,0,1,Hardware: Independent Flip,0,22.227417,6.7446,6.7446,0.4210
DemoGame.exe,7412,0x1F2A3B4C,DXGI,0,0,1,Hardware: Independent Flip,0,22.234415,6.9980,6.9980,0.4210
DemoGame.exe,7412,0x1F2A3B4C,DXGI,0,0,1,Hardware: Independent Flip,0,22.241630,7.2153,7.2153,0.4210
DemoGame.exe,7412,0x1F2A3B4C,DXGI,0,0,1,Hardware: Independent Flip,0,22.248864,7.2343,7.2343,0.4210
DemoGame.exe,7412,0x1F2A3B4C,DXGI,0,0,1,Hardware: Independent Flip,0,22.256003,7.1389,7.1389,0.4210
DemoGame.exe,7412,0x1F2A3B4C,DXGI,0,0,1,Hardware: Independent Flip,0,22.262962,6.9587,6.9587,0.4210
DemoGame.exe,7412,0x1F2A3B4C,DXGI,0,0,1,Hardware: Independent Flip,0,22.269655,6.6930,6.6930,0.4210
DemoGame.exe,7412,0x1F2A3B4C,DXGI,0,0,1,Hardware: Independent Flip,0,22.276701,7.0456,7.0456,0.4210
DemoGame.exe,7412,0x1F2A3B4C,DXGI,0,0,1,Hardware: Independent Flip,0,22.283806,7.1050,7.1050,0.4210
DemoGame.exe,7412,0x1F2A3B4C,DXGI,0,0,1,Hardware: Independent Flip,0,22.290451,6.6454,6.6454,0.4210
DemoGame.exe,7412,0x1F2A3B4C,DXGI,0,0,1,Hardware: Independent Flip,0,22.297267,6.8165,6.8165,0.4210
DemoGame.exe,7412,0x1F2A3B4C,DXGI,0,0,1,Hardware: Independent Flip,0,22.304339,7.0714,7.0714,0.4210
DemoGame.exe,7412,0x1F2A3B4C,DXGI,0,0,1,Hardware: Independent Flip,0,22.311269,6.9298,6.9298,0.4210
DemoGame.exe,7412,0x1F2A3B4C,DXGI,0,0,1,Hardware: Independent Flip,0,22.318254,6.9857,6.9857,0.4210
DemoGame.exe,7412,0x1F2A3B4C,DXGI,0,0,1,Hardware: Independent Flip,0,22.325157,6.9030,6.9030,0.4210
DemoGame.exe,7412,0x1F2A3B4C,DXGI,0,0,1,Hardware: Independent Flip,0,22.342041,16.8839,16.8839,0.4210
DemoGame.exe,7412,0x1F2A3B4C,DXGI,0,0,1,Hardware: Independent Flip,0,22.349275,7.2341,7.2341,0.4210
DemoGame.exe,7412,0x1F2A3B4C,DXGI,0,0,1,Hardware: Independent Flip,0,22.355972,6.6966,6.6966,0.4210
DemoGame.exe,7412,0x1F2A3B4C,DXGI,0,0,1,Hardware: Independent Flip,0,22.363192,7.2198,7.2198,0.4210
DemoGame.exe,7412,0x1F2A3B4C,DXGI,0,0,1,Hardware: Independent Flip,0,22.370150,6.9583,6.9583,0.4210
DemoGame.exe,7412,0x1F2A3B4C,DXGI,0,0,1,Hardware: Independent Flip,0,22.377363,7.2130,7.2130,0.4210
DemoGame.exe,7412,0x1F2A3B4C,DXGI,0,0,1,Hardware: Independent Flip,0,22.384262,6.8989,6.8989,0.4210
DemoGame.exe,7412,0x1F2A3B4C,DXGI,0,0,1,Hardware: Independent Flip,0,22.391063,6.8010,6.8010,0.4210
DemoGame.exe,7412,0x1F2A3B4C,DXGI,0,0,1,Hardware: Independent Flip,0,22.398109,7.0460,7.0460,0.4210
DemoGame.exe,7412,0x1F2A3B4C,DXGI,0,0,1,Hardware: Independent Flip,0,22.405193,7.0840,7.0840,0.4210
DemoGame.exe,7412,0x1F2A3B4C,DXGI,0,0,1,Hardware: Independent Flip,0,22.412115,6.9224,6.9224,0.4210
DemoGame.exe,7412,0x1F2A3B4C,DXGI,0,0,1,Hardware: Independent Flip,0,22.419187,7.0716,7.0716,0.4210
DemoGame.exe,7412,0x1F2A3B4C,DXGI,0,0,1,Hardware: Independent Flip,0,22.426097,6.9104,6.9104,0.4210
DemoGame.exe,7412,0x1F2A3B4C,DXGI,0,0,1,Hardware: Independent Flip,0,22.432759,6.6615,6.6615,0.4210
DemoGame.exe,7412,0x1F2A3B4C,DXGI,0,0,1,Hardware: Independent Flip,0,22.439506,6.7473,6.7473,0.4210
DemoGame.exe,7412,0x1F2A3B4C,DXGI,0,0,1,Hardware: Independent Flip,0,22.446379,6.8731,6.8731,0.4210
DemoGame.exe,7412,0x1F2A3B4C,DXGI,0,0,1,Hardware: Independent Flip,0,22.453192,6.8128,6.8128,0.4210
DemoGame.exe,7412,0x1F2A3B4C,DXGI,0,0,1,Hardware: Independent Flip,0,22.460315,7.1229,7.1229,0.4210
DemoGame.exe,7412,0x1F2A3B4C,DXGI,0,0,1,Hardware: Independent Flip,0,22.467014,6.6990,6.6990,0.4210
DemoGame.exe,7412,0x1F2A3B4C,DXGI,0,0,1,Hardware: Independent Flip,0,22.474016,7.0021,7.0021,0.4210
DemoGame.exe,7412,0x1F2A3B4C,DXGI,0,0,1,Hardware: Independent Flip,0,22.480850,6.8340,6.8340,0.4210
DemoGame.exe,7412,0x1F2A3B4C,DXGI,0,0,1,Hardware: Independent Flip,0,22.487498,6.6483,6.6483,0.4210
DemoGame.exe,7412,0x1F2A3B4C,DXGI,0,0,1,Hardware: Independent Flip,0,22.494334,6.8353,6.8353,0.4210
DemoGame.exe,7412,0x1F2A3B4C,DXGI,0,0,1,Hardware: Independent Flip,0,22.501318,6.9842,6.9842,0.4210
DemoGame.exe,7412,0x1F2A3B4C,DXGI,0,0,1,Hardware: Independent Flip,0,22.508360,7.0420,7.0420,0.4210
DemoGame.exe,7412,0x1F2A3B4C,DXGI,0,0,1,Hardware: Independent Flip,0,22.515130,6.7706,6.7706,0.4210
DemoGame.exe,7412,0x1F2A3B4C,DXGI,0,0,1,Hardware: Independent Flip,0,22.522016,6.8856,6.8856,0.4210
DemoGame.exe,7412,0x1F2A3B4C,DXGI,0,0,1,Hardware: Independent Flip,0,22.528703,6.6867,6.6867,0.4210
DemoGame.exe,7412,0x1F2A3B4C,DXGI,0,0,1,Hardware: Independent Flip,0,22.535522,6.8195,6.8195,0.4210
DemoGame.exe,7412,0x1F2A3B4C,DXGI,0,0,1,Hardware: Independent Flip,0,22.542396,6.8740,6.8740,0.4210
DemoGame.exe,7412,0x1F2A3B4C,DXGI,0,0,1,Hardware: Independent Flip,0,22.549213,6.8170,6.8170,0.4210
DemoGame.exe,7412,0x1F2A3B4C,DXGI,0,0,1,Hardware: Independent Flip,0,22.556294,7.0811,7.0811,0.4210
DemoGame.exe,7412,0x1F2A3B4C,DXGI,0,0,1,Hardware: Independent Flip,0,22.563249,6.9545,6.9545,0.4210
DemoGame.exe,7412,0x1F2A3B4C,DXGI,0,0,1,Hardware: Independent Flip,0,22.570122,6.8734,6.8734,0.4210
DemoGame.exe,7412,0x1F2A3B4C,DXGI,0,0,1,Hardware: Independent Flip,0,22.577337,7.2147,7.2147,0.4210
DemoGame.exe,7412,0x1F2A3B4C,DXGI,0,0,1,Hardware: Independent Flip,0,22.584367,7.0302,7.0302,0.4210
DemoGame.exe,7412,0x1F2A3B4C,DXGI,0,0,1,Hardware: Independent Flip,0,22.591427,7.0594,7.0594,0.4210
DemoGame.exe,7412,0x1F2A3B4C,DXGI,0,0,1,Hardware: Independent Flip,0,22.598432,7.0058,7.0058,0.4210
DemoGame.exe,7412,0x1F2A3B4C,DXGI,0,0,1,Hardware: Independent Flip,0,22.605516,7.0831,7.0831,0.4210
DemoGame.exe,7412,0x1F2A3B4C,DXGI,0,0,1,Hardware: Independent Flip,0,22.612330,6.8144,6.8144,0.4210
DemoGame.exe,7412,0x1F2A3B4C,DXGI,0,0,1,Hardware: Independent Flip,0,22.619420,7.0898,7.0898,0.4210
DemoGame.exe,7412,0x1F2A3B4C,DXGI,0,0,1,Hardware: Independent Flip,0,22.626261,6.8410,6.8410,0.4210
DemoGame.exe,7412,0x1F2A3B4C,DXGI,0,0,1,Hardware: Independent Flip,0,22.633074,6.8132,6.8132,0.4210
DemoGame.exe,7412,0x1F2A3B4C,DXGI,0,0,1,Hardware: Independent Flip,0,22.639868,6.7944,6.7944,0.4210
DemoGame.exe,7412,0x1F2A3B4C,DXGI,0,0,1,Hardware: Independent Flip,0,22.646729,6.8605,6.8605,0.4210
DemoGame.exe,7412,0x1F2A3B4C,DXGI,0,0,1,Hardware: Independent Flip,0,22.653860,7.1311,7.1311,0.4210
DemoGame.exe,7412,0x1F2A3B4C,DXGI,0,0,1,Hardware: Independent Flip,0,22.660886,7.0266,7.0266,0.4210
DemoGame.exe,7412,0x1F2A3B4C,DXGI,0,0,1,Hardware: Independent Flip,0,22.667915,7.0280,7.0280,0.4210
DemoGame.exe,7412,0x1F2A3B4C,DXGI,0,0,1,Hardware: Independent Flip,0,22.674916,7.0016,7.0016,0.4210
DemoGame.exe,7412,0x1F2A3B4C,DXGI,0,0,1,Hardware: Independent Flip,0,22.681932,7.0162,7.0162,0.4210
DemoGame.exe,7412,0x1F2A3B4C,DXGI,0,0,1,Hardware: Independent Flip,0,22.688580,6.6477,6.6477,0.4210
DemoGame.exe,7412,0x1F2A3B4C,DXGI,0,0,1,Hardware: Independent Flip,0,22.695773,7.1925,7.1925,0.4210
DemoGame.exe,7412,0x1F2A3B4C,DXGI,0,0,1,Hardware: Independent Flip,0,22.702647,6.8748,6.8748,0.4210
DemoGame.exe,7412,0x1F2A3B4C,DXGI,0,0,1,Hardware: Independent Flip,0,22.709875,7.2276,7.2276,0.4210
DemoGame.exe,7412,0x1F2A3B4C,DXGI,0,0,1,Hardware: Independent Flip,0,22.716588,6.7130,6.7130,0.4210
DemoGame.exe,7412,0x1F2A3B4C,DXGI,0,0,1,Hardware: Independent Flip,0,22.723746,7.1580,7.1580,0.4210
DemoGame.exe,7412,0x1F2A3B4C,DXGI,0,0,1,Hardware: Independent Flip,0,22.730789,7.0428,7.0428,0.4210
DemoGame.exe,7412,0x1F2A3B4C,DXGI,0,0,1,Hardware: Independent Flip,0,22.737745,6.9564,6.9564,0.4210
DemoGame.exe,7412,0x1F2A3B4C,DXGI,0,0,1,Hardware: Independent Flip,0,22.744567,6.8219,6.8219,0.4210
DemoGame.exe,7412,0x1F2A3B4C,DXGI,0,0,1,Hardware: Independent Flip,0,22.751399,6.8317,6.8317,0.4210
DemoGame.exe,7412,0x1F2A3B4C,DXGI,0,0,1,Hardware: Independent Flip,0,22.758370,6.9714,6.9714,0.4210
DemoGame.exe,7412,0x1F2A3B4C,DXGI,0,0,1,Hardware: Independent Flip,0,22.765226,6.8562,6.8562,0.4210
DemoGame.exe,7412,0x1F2A3B4C,DXGI,0,0,1,Hardware: Independent Flip,0,22.772452,7.2255,7.2255,0.4210
DemoGame.exe,7412,0x1F2A3B4C,DXGI,0,0,1,Hardware: Independent Flip,0,22.779268,6.8160,6.8160,0.4210
DemoGame.exe,7412,0x1F2A3B4C,DXGI,0,0,1,Hardware: Independent Flip,0,22.786179,6.9110,6.9110,0.4210
DemoGame.exe,7412,0x1F2A3B4C,DXGI,0,0,1,Hardware: Independent Flip,0,22.793264,7.0854,7.0854,0.4210
DemoGame.exe,7412,0x1F2A3B4C,DXGI,0,0,1,Hardware: Independent Flip,0,22.800025,6.7611,6.7611,0.4210
DemoGame.exe,7412,0x1F2A3B4C,DXGI,0,0,1,Hardware: Independent Flip,0,22.806706,6.6809,6.6809,0.4210
DemoGame.exe,7412,0x1F2A3B4C,DXGI,0,0,1,Hardware: Independent Flip,0,22.813397,6.6908,6.6908,0.4210
DemoGame.exe,7412,0x1F2A3B4C,DXGI,0,0,1,Hardware: Independent Flip,0,22.820358,6.9611,6.9611,0.4210
DemoGame.exe,7412,0x1F2A3B4C,DXGI,0,0,1,Hardware: Independent Flip,0,22.827416,7.0577,7.0577,0.4210
DemoGame.exe,7412,0x1F2A3B4C,DXGI,0,0,1,Hardware: Independent Flip,0,22.834467,7.0510,7.0510,0.4210
DemoGame.exe,7412,0x1F2A3B4C,DXGI,0,0,1,Hardware: Independent Flip,0,22.841151,6.6838,6.6838,0.4210
DemoGame.exe,7412,0x1F2A3B4C,DXGI,0,0,1,Hardware: Independent Flip,0,22.848279,7.1286,7.1286,0.4210
DemoGame.exe,7412,0x1F2A3B4C,DXGI,0,0,1,Hardware: Independent Flip,0,22.855436,7.1563,7.1563,0.4210
DemoGame.exe,7412,0x1F2A3B4C,DXGI,0,0,1,Hardware: Independent Flip,0,22.862673,7.2370,7.2370,0.4210
DemoGame.exe,7412,0x1F2A3B4C,DXGI,0,0,1,Hardware: Independent Flip,0,22.869752,7.0791,7.0791,0.4210
DemoGame.exe,7412,0x1F2A3B4C,DXGI,0,0,1,Hardware: Independent Flip,0,22.876437,6.6849,6.6849,0.4210
DemoGame.exe,7412,0x1F2A3B4C,DXGI,0,0,1,Hardware: Independent Flip,0,22.883204,6.7677,6.7677,0.4210
DemoGame.exe,7412,0x1F2A3B4C,DXGI,0,0,1,Hardware: Independent Flip,0,22.890359,7.1548,7.1548,0.4210
DemoGame.exe,7412,0x1F2A3B4C,DXGI,0,0,1,Hardware: Independent Flip,0,22.897347,6.9879,6.9879,0.4210
DemoGame.exe,7412,0x1F2A3B4C,DXGI,0,0,1,Hardware: Independent Flip,0,22.904449,7.1016,7.1016,0.4210
DemoGame.exe,7412,0x1F2A3B4C,DXGI,0,0,1,Hardware: Independent Flip,0,22.911378,6.9290,6.9290,0.4210
DemoGame.exe,7412,0x1F2A3B4C,DXGI,0,0,1,Hardware: Independent Flip,0,22.918425,7.0473,7.0473,0.4210
DemoGame.exe,7412,0x1F2A3B4C,DXGI,0,0,1,Hardware: Independent Flip,0,22.925295,6.8703,6.8703,0.4210
DemoGame.exe,7412,0x1F2A3B4C,DXGI,0,0,1,Hardware: Independent Flip,0,22.932164,6.8685,6.8685,0.4210
DemoGame.exe,7412,0x1F2A3B4C,DXGI,0,0,1,Hardware: Independent Flip,0,22.939014,6.8502,6.8502,0.4210
DemoGame.exe,7412,0x1F2A3B4C,DXGI,0,0,1,Hardware: Independent Flip,0,22.945985,6.9709,6.9709,0.4210
DemoGame.exe,7412,0x1F2A3B4C,DXGI,0,0,1,Hardware: Independent Flip,0,22.952789,6.8044,6.8044,0.4210
DemoGame.exe,7412,0x1F2A3B4C,DXGI,0,0,1,Hardware: Independent Flip,0,22.959490,6.7007,6.7007,0.4210
DemoGame.exe,7412,0x1F2A3B4C,DXGI,0,0,1,Hardware: Independent Flip,0,22.966722,7.2314,7.2314,0.4210
DemoGame.exe,7412,0x1F2A3B4C,DXGI,0,0,1,Hardware: Independent Flip,0,22.973469,6.7470,6.7470,0.4210
DemoGame.exe,7412,0x1F2A3B4C,DXGI,0,0,1,Hardware: Independent Flip,0,22.980297,6.8279,6.8279,0.4210
DemoGame.exe,7412,0x1F2A3B4C,DXGI,0,0,1,Hardware: Independent Flip,0,22.987192,6.8954,6.8954,0.4210
DemoGame.exe,7412,0x1F2A3B4C,DXGI,0,0,1,Hardware: Independent Flip,0,22.994279,7.0870,7.0870,0.4210
DemoGame.exe,7412,0x1F2A3B4C,DXGI,0,0,1,Hardware: Independent Flip,0,23.001157,6.8775,6.8775,0.4210
DemoGame.exe,7412,0x1F2A3B4C,DXGI,0,0,1,Hardware: Independent Flip,0,23.008016,6.8595,6.8595,0.4210
DemoGame.exe,7412,0x1F2A3B4C,DXGI,0,0,1,Hardware: Independent Flip,0,23.015257,7.2412,7.2412,0.4210
DemoGame.exe,7412,0x1F2A3B4C,DXGI,0,0,1,Hardware: Independent Flip,0,23.022385,7.1274,7.1274,0.4210
DemoGame.exe,7412,0x1F2A3B4C,DXGI,0,0,1,Hardware: Independent Flip,0,23.029404,7.0191,7.0191,0.4210
DemoGame.exe,7412,0x1F2A3B4C,DXGI,0,0,1,Hardware: Independent Flip,0,23.036418,7.0141,7.0141,0.4210
DemoGame.exe,7412,0x1F2A3B4C,DXGI,0,0,1,Hardware: Independent Flip,0,23.043407,6.9897,6.9897,0.4210
DemoGame.exe,7412,0x1F2A3B4C,DXGI,0,0,1,Hardware: Independent Flip,0,23.050389,6.9812,6.9812,0.4210
DemoGame.exe,7412,0x1F2A3B4C,DXGI,0,0,1,Hardware: Independent Flip,0,23.057073,6.6846,6.6846,0.4210
DemoGame.exe,7412,0x1F2A3B4C,DXGI,0,0,1,Hardware: Independent Flip,0,23.064276,7.2025,7.2025,0.4210
DemoGame.exe,7412,0x1F2A3B4C,DXGI,0,0,1,Hardware: Independent Flip,0,23.071116,6.8406,6.8406,0.4210
DemoGame.exe,7412,0x1F2A3B4C,DXGI,0,0,1,Hardware: Independent Flip,0,23.078269,7.1527,7.1527,0.4210
DemoGame.exe,7412,0x1F2A3B4C,DXGI,0,0,1,Hardware: Independent Flip,0,23.085259,6.9903,6.9903,0.4210
DemoGame.exe,7412,0x1F2A3B4C,DXGI,0,0,1,Hardware: Independent Flip,0,23.091975,6.7152,6.7152,0.4210
DemoGame.exe,7412,0x1F2A3B4C,DXGI,0,0,1,Hardware: Independent Flip,0,23.098695,6.7200,6.7200,0.4210
DemoGame.exe,7412,0x1F2A3B4C,DXGI,0,0,1,Hardware: Independent Flip,0,23.105417,6.7229,6.7229,0.4210
DemoGame.exe,7412,0x1F2A3B4C,DXGI,0,0,1,Hardware: Independent Flip,0,23.112419,7.0019,7.0019,0.4210
DemoGame.exe,7412,0x1F2A3B4C,DXGI,0,0,1,Hardware: Independent Flip,0,23.119252,6.8327,6.8327,0.4210
DemoGame.exe,7412,0x1F2A3B4C,DXGI,0,0,1,Hardware: Independent Flip,0,23.126163,6.9111,6.9111,0.4210
DemoGame.exe,7412,0x1F2A3B4C,DXGI,0,0,1,Hardware: Independent Flip,0,23.133251,7.0878,7.0878,0.4210
DemoGame.exe,7412,0x1F2A3B4C,DXGI,0,0,1,Hardware: Independent Flip,0,23.140365,7.1138,7.1138,0.4210
DemoGame.exe,7412,0x1F2A3B4C,DXGI,0,0,1,Hardware: Independent Flip,0,23.147536,7.1712,7.1712,0.4210
DemoGame.exe,7412,0x1F2A3B4C,DXGI,0,0,1,Hardware: Independent Flip,0,23.154358,6.8222,6.8222,0.4210
DemoGame.exe,7412,0x1F2A3B4C,DXGI,0,0,1,Hardware: Independent Flip,0,23.161548,7.1897,7.1897,0.4210
DemoGame.exe,7412,0x1F2A3B4C,DXGI,0,0,1,Hardware: Independent Flip,0,23.168234,6.6865,6.6865,0.4210
DemoGame.exe,7412,0x1F2A3B4C,DXGI,0,0,1,Hardware: Independent Flip,0,23.175113,6.8791,6.8791,0.4210
DemoGame.exe,7412,0x1F2A3B4C,DXGI,0,0,1,Hardware: Independent Flip,0,23.182147,7.0341,7.0341,0.4210
DemoGame.exe,7412,0x1F2A3B4C,DXGI,0,0,1,Hardware: Independent Flip,0,23.189268,7.1206,7.1206,0.4210
DemoGame.exe,7412,0x1F2A3B4C,DXGI,0,0,1,Hardware: Independent Flip,0,23.196502,7.2341,7.2341,0.4210
DemoGame.exe,7412,0x1F2A3B4C,DXGI,0,0,1,Hardware: Independent Flip,0,23.203476,6.9736,6.9736,0.4210
DemoGame.exe,7412,0x1F2A3B4C,DXGI,0,0,1,Hardware: Independent Flip,0,23.210430,6.9547,6.9547,0.4210
DemoGame.exe,7412,0x1F2A3B4C,DXGI,0,0,1,Hardware: Independent Flip,0,23.217298,6.8671,6.8671,0.4210
DemoGame.exe,7412,0x1F2A3B4C,DXGI,0,0,1,Hardware: Independent Flip,0,23.224330,7.0324,7.0324,0.4210
DemoGame.exe,7412,0x1F2A3B4C,DXGI,0,0,1,Hardware: Independent Flip,0,23.231015,6.6855,6.6855,0.4210
DemoGame.exe,7412,0x1F2A3B4C,DXGI,0,0,1,Hardware: Independent Flip,0,23.237938,6.9228,6.9228,0.4210
DemoGame.exe,7412,0x1F2A3B4C,DXGI,0,0,1,Hardware: Independent Flip,0,23.244960,7.0215,7.0215,0.4210
DemoGame.exe,7412,0x1F2A3B4C,DXGI,0,0,1,Hardware: Independent Flip,0,23.252042,7.0819,7.0819,0.4210
DemoGame.exe,7412,0x1F2A3B4C,DXGI,0,0,1,Hardware: Independent Flip,0,23.258843,6.8015,6.8015,0.4210
DemoGame.exe,7412,0x1F2A3B4C,DXGI,0,0,1,Hardware: Independent Flip,0,23.265836,6.9926,6.9926,0.4210
DemoGame.exe,7412,0x1F2A3B4C,DXGI,0,0,1,Hardware: Independent Flip,0,23.272621,6.7848,6.7848,0.4210
DemoGame.exe,7412,0x1F2A3B4C,DXGI,0,0,1,Hardware: Independent Flip,0,23.279863,7.2422,7.2422,0.4210
DemoGame.exe,7412,0x1F2A3B4C,DXGI,0,0,1,Hardware: Independent Flip,0,23.286627,6.7644,6.7644,0.4210
DemoGame.exe,7412,0x1F2A3B4C,DXGI,0,0,1,Hardware: Independent Flip,0,23.293516,6.8885,6.8885,0.4210
DemoGame.exe,7412,0x1F2A3B4C,DXGI,0,0,1,Hardware: Independent Flip,0,23.300605,7.0888,7.0888,0.4210
DemoGame.exe,7412,0x1F2A3B4C,DXGI,0,0,1,Hardware: Independent Flip,0,23.307278,6.6737,6.6737,0.4210
DemoGame.exe,7412,0x1F2A3B4C,DXGI,0,0,1,Hardware: Independent Flip,0,23.314238,6.9598,6.9598,0.4210
DemoGame.exe,7412,0x1F2A3B4C,DXGI,0,0,1,Hardware: Independent Flip,0,23.321342,7.1040,7.1040,0.4210
DemoGame.exe,7412,0x1F2A3B4C,DXGI,0,0,1,Hardware: Independent Flip,0,23.328242,6.8997,6.8997,0.4210
DemoGame.exe,7412,0x1F2A3B4C,DXGI,0,0,1,Hardware: Independent Flip,0,23.334970,6.7284,6.7284,0.4210
DemoGame.exe,7412,0x1F2A3B4C,DXGI,0,0,1,Hardware: Independent Flip,0,23.342192,7.2219,7.2219,0.4210
DemoGame.exe,7412,0x1F2A3B4C,DXGI,0,0,1,Hardware: Independent Flip,0,23.349065,6.8736,6.8736,0.4210
DemoGame.exe,7412,0x1F2A3B4C,DXGI,0,0,1,Hardware: Independent Flip,0,23.356224,7.1583,7.1583,0.4210
DemoGame.exe,7412,0x1F2A3B4C,DXGI,0,0,1,Hardware: Independent Flip,0,23.363385,7.1609,7.1609,0.4210
DemoGame.exe,7412,0x1F2A3B4C,DXGI,0,0,1,Hardware: Independent Flip,0,23.370436,7.0516,7.0516,0.4210
DemoGame.exe,7412,0x1F2A3B4C,DXGI,0,0,1,Hardware: Independent Flip,0,23.377654,7.2173,7.2173,0.4210
DemoGame.exe,7412,0x1F2A3B4C,DXGI,0,0,1,Hardware: Independent Flip,0,23.384604,6.9504,6.9504,0.4210
DemoGame.exe,7412,0x1F2A3B4C,DXGI,0,0,1,Hardware: Independent Flip,0,23.391285,6.6813,6.6813,0.4210
DemoGame.exe,7412,0x1F2A3B4C,DXGI,0,0,1,Hardware: Independent Flip,0,23.397981,6.6954,6.6954,0.4210
DemoGame.exe,7412,0x1F2A3B4C,DXGI,0,0,1,Hardware: Independent Flip,0,23.405066,7.0848,7.0848,0.4210
DemoGame.exe,7412,0x1F2A3B4C,DXGI,0,0,1,Hardware: Independent Flip,0,23.411850,6.7840,6.7840,0.4210
DemoGame.exe,7412,0x1F2A3B4C,DXGI,0,0,1,Hardware: Independent Flip,0,23.419073,7.2239,7.2239,0.4210
DemoGame.exe,7412,0x1F2A3B4C,DXGI,0,0,1,Hardware: Independent Flip,0,23.426187,7.1131,7.1131,0.4210
DemoGame.exe,7412,0x1F2A3B4C,DXGI,0,0,1,Hardware: Independent Flip,0,23.433178,6.9911,6.9911,0.4210
DemoGame.exe,7412,0x1F2A3B4C,DXGI,0,0,1,Hardware: Independent Flip,0,23.440133,6.9549,6.9549,0.4210
DemoGame.exe,7412,0x1F2A3B4C,DXGI,0,0,1,Hardware: Independent Flip,0,23.447024,6.8918,6.8918,0.4210
DemoGame.exe,7412,0x1F2A3B4C,DXGI,0,0,1,Hardware: Independent Flip,0,23.454242,7.2176,7.2176,0.4210
DemoGame.exe,7412,0x1F2A3B4C,DXGI,0,0,1,Hardware: Independent Flip,0,23.461006,6.7643,6.7643,0.4210
DemoGame.exe,7412,0x1F2A3B4C,DXGI,0,0,1,Hardware: Independent Flip,0,23.467955,6.9488,6.9488,0.4210
DemoGame.exe,7412,0x1F2A3B4C,DXGI,0,0,1,Hardware: Independent Flip,0,23.474991,7.0364,7.0364,0.4210
DemoGame.exe,7412,0x1F2A3B4C,DXGI,0,0,1,Hardware: Independent Flip,0,23.481934,6.9425,6.9425,0.4210
DemoGame.exe,7412,0x1F2A3B4C,DXGI,0,0,1,Hardware: Independent Flip,0,23.488819,6.8849,6.8849,0.4210
DemoGame.exe,7412,0x1F2A3B4C,DXGI,0,0,1,Hardware: Independent Flip,0,23.495663,6.8443,6.8443,0.4210
DemoGame.exe,7412,0x1F2A3B4C,DXGI,0,0,1,Hardware: Independent Flip,0,23.502747,7.0841,7.0841,0.4210
DemoGame.exe,7412,0x1F2A3B4C,DXGI,0,0,1,Hardware: Independent Flip,0,23.509518,6.7703,6.7703,0.4210
DemoGame.exe,7412,0x1F2A3B4C,DXGI,0,0,1,Hardware: Independent Flip,0,23.516607,7.0895,7.0895,0.4210
DemoGame.exe,7412,0x1F2A3B4C,DXGI,0,0,1,Hardware: Independent Flip,0,23.523600,6.9934,6.9934,0.4210
DemoGame.exe,7412,0x1F2A3B4C,DXGI,0,0,1,Hardware: Independent Flip,0,23.530527,6.9267,6.9267,0.4210
DemoGame.exe,7412,0x1F2A3B4C,DXGI,0,0,1,Hardware: Independent Flip,0,23.537505,6.9774,6.9774,0.4210
DemoGame.exe,7412,0x1F2A3B4C,DXGI,0,0,1,Hardware: Independent Flip,0,23.544665,7.1601,7.1601,0.4210
DemoGame.exe,7412,0x1F2A3B4C,DXGI,0,0,1,Hardware: Independent Flip,0,23.551635,6.9708,6.9708,0.4210
DemoGame.exe,7412,0x1F2A3B4C,DXGI,0,0,1,Hardware: Independent Flip,0,23.558655,7.0191,7.0191,0.4210
DemoGame.exe,7412,0x1F2A3B4C,DXGI,0,0,1,Hardware: Independent Flip,0,23.565433,6.7784,6.7784,0.4210
DemoGame.exe,7412,0x1F2A3B4C,DXGI,0,0,1,Hardware: Independent Flip,0,23.572469,7.0362,7.0362,0.4210
DemoGame.exe,7412,0x1F2A3B4C,DXGI,0,0,1,Hardware: Independent Flip,0,23.579125,6.6562,6.6562,0.4210
DemoGame.exe,7412,0x1F2A3B4C,DXGI,0,0,1,Hardware: Independent Flip,0,23.585869,6.7441,6.7441,0.4210
DemoGame.exe,7412,0x1F2A3B4C,DXGI,0,0,1,Hardware: Independent Flip,0,23.592910,7.0404,7.0404,0.4210
DemoGame.exe,7412,0x1F2A3B4C,DXGI,0,0,1,Hardware: Independent Flip,0,23.599860,6.9502,6.9502,0.4210
DemoGame.exe,7412,0x1F2A3B4C,DXGI,0,0,1,Hardware: Independent Flip,0,23.607085,7.2248,7.2248,0.4210
DemoGame.exe,7412,0x1F2A3B4C,DXGI,0,0,1,Hardware: Independent Flip,0,23.613797,6.7123,6.7123,0.4210
DemoGame.exe,7412,0x1F2A3B4C,DXGI,0,0,1,Hardware: Independent Flip,0,23.621014,7.2164,7.2164,0.4210
DemoGame.exe,7412,0x1F2A3B4C,DXGI,0,0,1,Hardware: Independent Flip,0,23.627998,6.9842,6.9842,0.4210
DemoGame.exe,7412,0x1F2A3B4C,DXGI,0,0,1,Hardware: Independent Flip,0,23.635028,7.0305,7.0305,0.4210
DemoGame.exe,7412,0x1F2A3B4C,DXGI,0,0,1,Hardware: Independent Flip,0,23.641989,6.9607,6.9607,0.4210
DemoGame.exe,7412,0x1F2A3B4C,DXGI,0,0,1,Hardware: Independent Flip,0,23.648842,6.8526,6.8526,0.4210
DemoGame.exe,7412,0x1F2A3B4C,DXGI,0,0,1,Hardware: Independent Flip,0,23.655646,6.8049,6.8049,0.4210
DemoGame.exe,7412,0x1F2A3B4C,DXGI,0,0,1,Hardware: Independent Flip,0,23.662419,6.7731,6.7731,0.4210
DemoGame.exe,7412,0x1F2A3B4C,DXGI,0,0,1,Hardware: Independent Flip,0,23.669437,7.0173,7.0173,0.4210
DemoGame.exe,7412,0x1F2A3B4C,DXGI,0,0,1,Hardware: Independent Flip,0,23.676614,7.1776,7.1776,0.4210
DemoGame.exe,7412,0x1F2A3B4C,DXGI,0,0,1,Hardware: Independent Flip,0,23.683455,6.8409,6.8409,0.4210
DemoGame.exe,7412,0x1F2A3B4C,DXGI,0,0,1,Hardware: Independent Flip,0,23.690155,6.7001,6.7001,0.4210
DemoGame.exe,7412,0x1F2A3B4C,DXGI,0,0,1,Hardware: Independent Flip,0,23.696995,6.8395,6.8395,0.4210
DemoGame.exe,7412,0x1F2A3B4C,DXGI,0,0,1,Hardware: Independent Flip,0,23.703794,6.7992,6.7992,0.4210
DemoGame.exe,7412,0x1F2A3B4C,DXGI,0,0,1,Hardware: Independent Flip,0,23.710901,7.1073,7.1073,0.4210
DemoGame.exe,7412,0x1F2A3B4C,DXGI,0,0,1,Hardware: Independent Flip,0,23.717931,7.0298,7.0298,0.4210
DemoGame.exe,7412,0x1F2A3B4C,DXGI,0,0,1,Hardware: Independent Flip,0,23.724912,6.9809,6.9809,0.4210
DemoGame.exe,7412,0x1F2A3B4C,DXGI,0,0,1,Hardware: Independent Flip,0,23.731585,6.6732,6.6732,0.4210
DemoGame.exe,7412,0x1F2A3B4C,DXGI,0,0,1,Hardware: Independent Flip,0,23.738304,6.7182,6.7182,0.4210
DemoGame.exe,7412,0x1F2A3B4C,DXGI,0,0,1,Hardware: Independent Flip,0,23.745338,7.0346,7.0346,0.4210
DemoGame.exe,7412,0x1F2A3B4C,DXGI,0,0,1,Hardware: Independent Flip,0,23.752544,7.2061,7.2061,0.4210
DemoGame.exe,7412,0x1F2A3B4C,DXGI,0,0,1,Hardware: Independent Flip,0,23.759412,6.8679,6.8679,0.4210
DemoGame.exe,7412,0x1F2A3B4C,DXGI,0,0,1,Hardware: Independent Flip,0,23.766080,6.6677,6.6677,0.4210
DemoGame.exe,7412,0x1F2A3B4C,DXGI,0,0,1,Hardware: Independent Flip,0,23.773028,6.9479,6.9479,0.4210
DemoGame.exe,7412,0x1F2A3B4C,DXGI,0,0,1,Hardware: Independent Flip,0,23.779807,6.7794,6.7794,0.4210
DemoGame.exe,7412,0x1F2A3B4C,DXGI,0,0,1,Hardware: Independent Flip,0,23.786565,6.7581,6.7581,0.4210
DemoGame.exe,7412,0x1F2A3B4C,DXGI,0,0,1,Hardware: Independent Flip,0,23.793574,7.0089,7.0089,0.4210
DemoGame.exe,7412,0x1F2A3B4C,DXGI,0,0,1,Hardware: Independent Flip,0,23.800664,7.0895,7.0895,0.4210
DemoGame.exe,7412,0x1F2A3B4C,DXGI,0,0,1,Hardware: Independent Flip,0,23.807385,6.7209,6.7209,0.4210
DemoGame.exe,7412,0x1F2A3B4C,DXGI,0,0,1,Hardware: Independent Flip,0,23.814363,6.9788,6.9788,0.4210
DemoGame.exe,7412,0x1F2A3B4C,DXGI,0,0,1,Hardware: Independent Flip,0,23.821218,6.8548,6.8548,0.4210
DemoGame.exe,7412,0x1F2A3B4C,DXGI,0,0,1,Hardware: Independent Flip,0,23.828314,7.0955,7.0955,0.4210
DemoGame.exe,7412,0x1F2A3B4C,DXGI,0,0,1,Hardware: Independent Flip,0,23.835225,6.9114,6.9114,0.4210
DemoGame.exe,7412,0x1F2A3B4C,DXGI,0,0,1,Hardware: Independent Flip,0,23.842009,6.7835,6.7835,0.4210
DemoGame.exe,7412,0x1F2A3B4C,DXGI,0,0,1,Hardware: Independent Flip,0,23.848889,6.8805,6.8805,0.4210
DemoGame.exe,7412,0x1F2A3B4C,DXGI,0,0,1,Hardware: Independent Flip,0,23.855953,7.0640,7.0640,0.4210
DemoGame.exe,7412,0x1F2A3B4C,DXGI,0,0,1,Hardware: Independent Flip,0,23.863155,7.2023,7.2023,0.4210
DemoGame.exe,7412,0x1F2A3B4C,DXGI,0,0,1,Hardware: Independent Flip,0,23.870254,7.0984,7.0984,0.4210
DemoGame.exe,7412,0x1F2A3B4C,DXGI,0,0,1,Hardware: Independent Flip,0,23.877381,7.1276,7.1276,0.4210
DemoGame.exe,7412,0x1F2A3B4C,DXGI,0,0,1,Hardware: Independent Flip,0,23.884257,6.8755,6.8755,0.4210
DemoGame.exe,7412,0x1F2A3B4C,DXGI,0,0,1,Hardware: Independent Flip,0,23.891466,7.2094,7.2094,0.4210
DemoGame.exe,7412,0x1F2A3B4C,DXGI,0,0,1,Hardware: Independent Flip,0,23.898427,6.9605,6.9605,0.4210
DemoGame.exe,7412,0x1F2A3B4C,DXGI,0,0,1,Hardware: Independent Flip,0,23.905647,7.2200,7.2200,0.4210
DemoGame.exe,7412,0x1F2A3B4C,DXGI,0,0,1,Hardware: Independent Flip,0,23.912640,6.9931,6.9931,0.4210
DemoGame.exe,7412,0x1F2A3B4C,DXGI,0,0,1,Hardware: Independent Flip,0,23.919420,6.7805,6.7805,0.4210
DemoGame.exe,7412,0x1F2A3B4C,DXGI,0,0,1,Hardware: Independent Flip,0,23.926524,7.1039,7.1039,0.4210
DemoGame.exe,7412,0x1F2A3B4C,DXGI,0,0,1,Hardware: Independent Flip,0,23.933300,6.7753,6.7753,0.4210
DemoGame.exe,7412,0x1F2A3B4C,DXGI,0,0,1,Hardware: Independent Flip,0,23.940164,6.8639,6.8639,0.4210
DemoGame.exe,7412,0x1F2A3B4C,DXGI,0,0,1,Hardware: Independent Flip,0,23.947079,6.9151,6.9151,0.4210
DemoGame.exe,7412,0x1F2A3B4C,DXGI,0,0,1,Hardware: Independent Flip,0,23.953729,6.6504,6.6504,0.4210
DemoGame.exe,7412,0x1F2A3B4C,DXGI,0,0,1,Hardware: Independent Flip,0,23.960648,6.9193,6.9193,0.4210
DemoGame.exe,7412,0x1F2A3B4C,DXGI,0,0,1,Hardware: Independent Flip,0,23.967363,6.7149,6.7149,0.4210
DemoGame.exe,7412,0x1F2A3B4C,DXGI,0,0,1,Hardware: Independent Flip,0,23.974329,6.9661,6.9661,0.4210
DemoGame.exe,7412,0x1F2A3B4C,DXGI,0,0,1,Hardware: Independent Flip,0,23.981489,7.1596,7.1596,0.4210
DemoGame.exe,7412,0x1F2A3B4C,DXGI,0,0,1,Hardware: Independent Flip,0,23.988152,6.6627,6.6627,0.4210
DemoGame.exe,7412,0x1F2A3B4C,DXGI,0,0,1,Hardware: Independent Flip,0,23.995240,7.0884,7.0884,0.4210
DemoGame.exe,7412,0x1F2A3B4C,DXGI,0,0,1,Hardware: Independent Flip,0,24.002433,7.1928,7.1928,0.4210
DemoGame.exe,7412,0x1F2A3B4C,DXGI,0,0,1,Hardware: Independent Flip,0,24.009113,6.6802,6.6802,0.4210
DemoGame.exe,7412,0x1F2A3B4C,DXGI,0,0,1,Hardware: Independent Flip,0,24.016008,6.8951,6.8951,0.4210
DemoGame.exe,7412,0x1F2A3B4C,DXGI,0,0,1,Hardware: Independent Flip,0,24.022855,6.8467,6.8467,0.4210
DemoGame.exe,7412,0x1F2A3B4C,DXGI,0,0,1,Hardware: Independent Flip,0,24.029943,7.0877,7.0877,0.4210
DemoGame.exe,7412,0x1F2A3B4C,DXGI,0,0,1,Hardware: Independent Flip,0,24.036902,6.9593,6.9593,0.4210
DemoGame.exe,7412,0x1F2A3B4C,DXGI,0,0,1,Hardware: Independent Flip,0,24.043598,6.6961,6.6961,0.4210
DemoGame.exe,7412,0x1F2A3B4C,DXGI,0,0,1,Hardware: Independent Flip,0,24.050281,6.6825,6.6825,0.4210
DemoGame.exe,7412,0x1F2A3B4C,DXGI,0,0,1,Hardware: Independent Flip,0,24.057247,6.9667,6.9667,0.4210
DemoGame.exe,7412,0x1F2A3B4C,DXGI,0,0,1,Hardware: Independent Flip,0,24.064237,6.9895,6.9895,0.4210
DemoGame.exe,7412,0x1F2A3B4C,DXGI,0,0,1,Hardware: Independent Flip,0,24.071269,7.0327,7.0327,0.4210
DemoGame.exe,7412,0x1F2A3B4C,DXGI,0,0,1,Hardware: Independent Flip,0,24.077969,6.7000,6.7000,0.4210
DemoGame.exe,7412,0x1F2A3B4C,DXGI,0,0,1,Hardware: Independent Flip,0,24.085132,7.1627,7.1627,0.4210
DemoGame.exe,7412,0x1F2A3B4C,DXGI,0,0,1,Hardware: Independent Flip,0,24.091819,6.6873,6.6873,0.4210
DemoGame.exe,7412,0x1F2A3B4C,DXGI,0,0,1,Hardware: Independent Flip,0,24.098891,7.0715,7.0715,0.4210
DemoGame.exe,7412,0x1F2A3B4C,DXGI,0,0,1,Hardware: Independent Flip,0,24.106017,7.1265,7.1265,0.4210
DemoGame.exe,7412,0x1F2A3B4C,DXGI,0,0,1,Hardware: Independent Flip,0,24.112807,6.7896,6.7896,0.4210
DemoGame.exe,7412,0x1F2A3B4C,DXGI,0,0,1,Hardware: Independent Flip,0,24.119894,7.0868,7.0868,0.4210
DemoGame.exe,7412,0x1F2A3B4C,DXGI,0,0,1,Hardware: Independent Flip,0,24.126963,7.0692,7.0692,0.4210
DemoGame.exe,7412,0x1F2A3B4C,DXGI,0,0,1,Hardware: Independent Flip,0,24.133853,6.8896,6.8896,0.4210
DemoGame.exe,7412,0x1F2A3B4C,DXGI,0,0,1,Hardware: Independent Flip,0,24.140745,6.8919,6.8919,0.4210
DemoGame.exe,7412,0x1F2A3B4C,DXGI,0,0,1,Hardware: Independent Flip,0,24.147663,6.9185,6.9185,0.4210
DemoGame.exe,7412,0x1F2A3B4C,DXGI,0,0,1,Hardware: Independent Flip,0,24.154474,6.8114,6.8114,0.4210
DemoGame.exe,7412,0x1F2A3B4C,DXGI,0,0,1,Hardware: Independent Flip,0,24.161394,6.9195,6.9195,0.4210
DemoGame.exe,7412,0x1F2A3B4C,DXGI,0,0,1,Hardware: Independent Flip,0,24.168621,7.2268,7.2268,0.4210
DemoGame.exe,7412,0x1F2A3B4C,DXGI,0,0,1,Hardware: Independent Flip,0,24.175410,6.7889,6.7889,0.4210
DemoGame.exe,7412,0x1F2A3B4C,DXGI,0,0,1,Hardware: Independent Flip,0,24.182228,6.8184,6.8184,0.4210
DemoGame.exe,7412,0x1F2A3B4C,DXGI,0,0,1,Hardware: Independent Flip,0,24.188943,6.7146,6.7146,0.4210
DemoGame.exe,7412,0x1F2A3B4C,DXGI,0,0,1,Hardware: Independent Flip,0,24.195646,6.7035,6.7035,0.4210
DemoGame.exe,7412,0x1F2A3B4C,DXGI,0,0,1,Hardware: Independent Flip,0,24.202430,6.7840,6.7840,0.4210
DemoGame.exe,7412,0x1F2A3B4C,DXGI,0,0,1,Hardware: Independent Flip,0,24.209204,6.7733,6.7733,0.4210
DemoGame.exe,7412,0x1F2A3B4C,DXGI,0,0,1,Hardware: Independent Flip,0,24.216199,6.9958,6.9958,0.4210
DemoGame.exe,7412,0x1F2A3B4C,DXGI,0,0,1,Hardware: Independent Flip,0,24.222964,6.7648,6.7648,0.4210
DemoGame.exe,7412,0x1F2A3B4C,DXGI,0,0,1,Hardware: Independent Flip,0,24.230000,7.0361,7.0361,0.4210
DemoGame.exe,7412,0x1F2A3B4C,DXGI,0,0,1,Hardware: Independent Flip,0,24.237115,7.1152,7.1152,0.4210
DemoGame.exe,7412,0x1F2A3B4C,DXGI,0,0,1,Hardware: Independent Flip,0,24.244282,7.1661,7.1661,0.4210
DemoGame.exe,7412,0x1F2A3B4C,DXGI,0,0,1,Hardware: Independent Flip,0,24.251129,6.8473,6.8473,0.4210
DemoGame.exe,7412,0x1F2A3B4C,DXGI,0,0,1,Hardware: Independent Flip,0,24.258054,6.9250,6.9250,0.4210
DemoGame.exe,7412,0x1F2A3B4C,DXGI,0,0,1,Hardware: Independent Flip,0,24.265086,7.0317,7.0317,0.4210
DemoGame.exe,7412,0x1F2A3B4C,DXGI,0,0,1,Hardware: Independent Flip,0,24.271980,6.8941,6.8941,0.4210
DemoGame.exe,7412,0x1F2A3B4C,DXGI,0,0,1,Hardware: Independent Flip,0,24.278888,6.9083,6.9083,0.4210
DemoGame.exe,7412,0x1F2A3B4C,DXGI,0,0,1,Hardware: Independent Flip,0,24.286069,7.1815,7.1815,0.4210
DemoGame.exe,7412,0x1F2A3B4C,DXGI,0,0,1,Hardware: Independent Flip,0,24.292740,6.6704,6.6704,0.4210
DemoGame.exe,7412,0x1F2A3B4C,DXGI,0,0,1,Hardware: Independent Flip,0,24.299775,7.0350,7.0350,0.4210
DemoGame.exe,7412,0x1F2A3B4C,DXGI,0,0,1,Hardware: Independent Flip,0,24.306490,6.7152,6.7152,0.4210
DemoGame.exe,7412,0x1F2A3B4C,DXGI,0,0,1,Hardware: Independent Flip,0,24.313209,6.7193,6.7193,0.4210
DemoGame.exe,7412,0x1F2A3B4C,DXGI,0,0,1,Hardware: Independent Flip,0,24.320155,6.9452,6.9452,0.4210
DemoGame.exe,7412,0x1F2A3B4C,DXGI,0,0,1,Hardware: Independent Flip,0,24.327026,6.8718,6.8718,0.4210
DemoGame.exe,7412,0x1F2A3B4C,DXGI,0,0,1,Hardware: Independent Flip,0,24.333849,6.8228,6.8228,0.4210
DemoGame.exe,7412,0x1F2A3B4C,DXGI,0,0,1,Hardware: Independent Flip,0,24.350608,16.7584,16.7584,0.4210
DemoGame.exe,7412,0x1F2A3B4C,DXGI,0,0,1,Hardware: Independent Flip,0,24.357777,7.1693,7.1693,0.4210
DemoGame.exe,7412,0x1F2A3B4C,DXGI,0,0,1,Hardware: Independent Flip,0,24.364900,7.1234,7.1234,0.4210
DemoGame.exe,7412,0x1F2A3B4C,DXGI,0,0,1,Hardware: Independent Flip,0,24.371635,6.7344,6.7344,0.4210
DemoGame.exe,7412,0x1F2A3B4C,DXGI,0,0,1,Hardware: Independent Flip,0,24.378652,7.0171,7.0171,0.4210
DemoGame.exe,7412,0x1F2A3B4C,DXGI,0,0,1,Hardware: Independent Flip,0,24.385492,6.8405,6.8405,0.4210
DemoGame.exe,7412,0x1F2A3B4C,DXGI,0,0,1,Hardware: Independent Flip,0,24.392410,6.9182,6.9182,0.4210
DemoGame.exe,7412,0x1F2A3B4C,DXGI,0,0,1,Hardware: Independent Flip,0,24.399523,7.1128,7.1128,0.4210
DemoGame.exe,7412,0x1F2A3B4C,DXGI,0,0,1,Hardware: Independent Flip,0,24.406743,7.2196,7.2196,0.4210
DemoGame.exe,7412,0x1F2A3B4C,DXGI,0,0,1,Hardware: Independent Flip,0,24.413607,6.8639,6.8639,0.4210
DemoGame.exe,7412,0x1F2A3B4C,DXGI,0,0,1,Hardware: Independent Flip,0,24.420550,6.9428,6.9428,0.4210
DemoGame.exe,7412,0x1F2A3B4C,DXGI,0,0,1,Hardware: Independent Flip,0,24.427335,6.7849,6.7849,0.4210
DemoGame.exe,7412,0x1F2A3B4C,DXGI,0,0,1,Hardware: Independent Flip,0,24.434560,7.2256,7.2256,0.4210
DemoGame.exe,7412,0x1F2A3B4C,DXGI,0,0,1,Hardware: Independent Flip,0,24.441783,7.2230,7.2230,0.4210
DemoGame.exe,7412,0x1F2A3B4C,DXGI,0,0,1,Hardware: Independent Flip,0,24.448610,6.8268,6.8268,0.4210
DemoGame.exe,7412,0x1F2A3B4C,DXGI,0,0,1,Hardware: Independent Flip,0,24.455470,6.8601,6.8601,0.4210
DemoGame.exe,7412,0x1F2A3B4C,DXGI,0,0,1,Hardware: Independent Flip,0,24.462151,6.6810,6.6810,0.4210
DemoGame.exe,7412,0x1F2A3B4C,DXGI,0,0,1,Hardware: Independent Flip,0,24.469330,7.1792,7.1792,0.4210
DemoGame.exe,7412,0x1F2A3B4C,DXGI,0,0,1,Hardware: Independent Flip,0,24.476101,6.7706,6.7706,0.4210
DemoGame.exe,7412,0x1F2A3B4C,DXGI,0,0,1,Hardware: Independent Flip,0,24.482917,6.8161,6.8161,0.4210
DemoGame.exe,7412,0x1F2A3B4C,DXGI,0,0,1,Hardware: Independent Flip,0,24.490066,7.1494,7.1494,0.4210
DemoGame.exe,7412,0x1F2A3B4C,DXGI,0,0,1,Hardware: Independent Flip,0,24.496989,6.9232,6.9232,0.4210
DemoGame.exe,7412,0x1F2A3B4C,DXGI,0,0,1,Hardware: Independent Flip,0,24.504098,7.1086,7.1086,0.4210
DemoGame.exe,7412,0x1F2A3B4C,DXGI,0,0,1,Hardware: Independent Flip,0,24.510797,6.6990,6.6990,0.4210
DemoGame.exe,7412,0x1F2A3B4C,DXGI,0,0,1,Hardware: Independent Flip,0,24.517616,6.8191,6.8191,0.4210
DemoGame.exe,7412,0x1F2A3B4C,DXGI,0,0,1,Hardware: Independent Flip,0,24.524841,7.2253,7.2253,0.4210
DemoGame.exe,7412,0x1F2A3B4C,DXGI,0,0,1,Hardware: Independent Flip,0,24.531796,6.9544,6.9544,0.4210
DemoGame.exe,7412,0x1F2A3B4C,DXGI,0,0,1,Hardware: Independent Flip,0,24.538688,6.8921,6.8921,0.4210
DemoGame.exe,7412,0x1F2A3B4C,DXGI,0,0,1,Hardware: Independent Flip,0,24.545708,7.0204,7.0204,0.4210
DemoGame.exe,7412,0x1F2A3B4C,DXGI,0,0,1,Hardware: Independent Flip,0,24.552557,6.8483,6.8483,0.4210
DemoGame.exe,7412,0x1F2A3B4C,DXGI,0,0,1,Hardware: Independent Flip,0,24.559708,7.1515,7.1515,0.4210
DemoGame.exe,7412,0x1F2A3B4C,DXGI,0,0,1,Hardware: Independent Flip,0,24.566796,7.0877,7.0877,0.4210
DemoGame.exe,7412,0x1F2A3B4C,DXGI,0,0,1,Hardware: Independent Flip,0,24.573986,7.1907,7.1907,0.4210
DemoGame.exe,7412,0x1F2A3B4C,DXGI,0,0,1,Hardware: Independent Flip,0,24.581122,7.1357,7.1357,0.4210
DemoGame.exe,7412,0x1F2A3B4C,DXGI,0,0,1,Hardware: Independent Flip,0,24.588033,6.9107,6.9107,0.4210
DemoGame.exe,7412,0x1F2A3B4C,DXGI,0,0,1,Hardware: Independent Flip,0,24.594892,6.8587,6.8587,0.4210
DemoGame.exe,7412,0x1F2A3B4C,DXGI,0,0,1,Hardware: Independent Flip,0,24.601786,6.8940,6.8940,0.4210
DemoGame.exe,7412,0x1F2A3B4C,DXGI,0,0,1,Hardware: Independent Flip,0,24.608691,6.9054,6.9054,0.4210
DemoGame.exe,7412,0x1F2A3B4C,DXGI,0,0,1,Hardware: Independent Flip,0,24.615683,6.9917,6.9917,0.4210
DemoGame.exe,7412,0x1F2A3B4C,DXGI,0,0,1,Hardware: Independent Flip,0,24.622522,6.8396,6.8396,0.4210
DemoGame.exe,7412,0x1F2A3B4C,DXGI,0,0,1,Hardware: Independent Flip,0,24.629363,6.8410,6.8410,0.4210
DemoGame.exe,7412,0x1F2A3B4C,DXGI,0,0,1,Hardware: Independent Flip,0,24.636061,6.6973,6.6973,0.4210
DemoGame.exe,7412,0x1F2A3B4C,DXGI,0,0,1,Hardware: Independent Flip,0,24.642932,6.8717,6.8717,0.4210
DemoGame.exe,7412,0x1F2A3B4C,DXGI,0,0,1,Hardware: Independent Flip,0,24.649637,6.7051,6.7051,0.4210
DemoGame.exe,7412,0x1F2A3B4C,DXGI,0,0,1,Hardware: Independent Flip,0,24.656370,6.7329,6.7329,0.4210
DemoGame.exe,7412,0x1F2A3B4C,DXGI,0,0,1,Hardware: Independent Flip,0,24.663124,6.7532,6.7532,0.4210
DemoGame.exe,7412,0x1F2A3B4C,DXGI,0,0,1,Hardware: Independent Flip,0,24.670050,6.9268,6.9268,0.4210
DemoGame.exe,7412,0x1F2A3B4C,DXGI,0,0,1,Hardware: Independent Flip,0,24.677253,7.2025,7.2025,0.4210
DemoGame.exe,7412,0x1F2A3B4C,DXGI,0,0,1,Hardware: Independent Flip,0,24.684340,7.0876,7.0876,0.4210
DemoGame.exe,7412,0x1F2A3B4C,DXGI,0,0,1,Hardware: Independent Flip,0,24.691159,6.8189,6.8189,0.4210
DemoGame.exe,7412,0x1F2A3B4C,DXGI,0,0,1,Hardware: Independent Flip,0,24.697838,6.6782,6.6782,0.4210
DemoGame.exe,7412,0x1F2A3B4C,DXGI,0,0,1,Hardware: Independent Flip,0,24.704622,6.7841,6.7841,0.4210
DemoGame.exe,7412,0x1F2A3B4C,DXGI,0,0,1,Hardware: Independent Flip,0,24.711440,6.8186,6.8186,0.4210
DemoGame.exe,7412,0x1F2A3B4C,DXGI,0,0,1,Hardware: Independent Flip,0,24.718140,6.6997,6.6997,0.4210
DemoGame.exe,7412,0x1F2A3B4C,DXGI,0,0,1,Hardware: Independent Flip,0,24.725057,6.9174,6.9174,0.4210
DemoGame.exe,7412,0x1F2A3B4C,DXGI,0,0,1,Hardware: Independent Flip,0,24.731815,6.7577,6.7577,0.4210
DemoGame.exe,7412,0x1F2A3B4C,DXGI,0,0,1,Hardware: Independent Flip,0,24.738520,6.7046,6.7046,0.4210
DemoGame.exe,7412,0x1F2A3B4C,DXGI,0,0,1,Hardware: Independent Flip,0,24.745588,7.0683,7.0683,0.4210
DemoGame.exe,7412,0x1F2A3B4C,DXGI,0,0,1,Hardware: Independent Flip,0,24.752747,7.1593,7.1593,0.4210
DemoGame.exe,7412,0x1F2A3B4C,DXGI,0,0,1,Hardware: Independent Flip,0,24.759783,7.0358,7.0358,0.4210
DemoGame.exe,7412,0x1F2A3B4C,DXGI,0,0,1,Hardware: Independent Flip,0,24.766913,7.1302,7.1302,0.4210
DemoGame.exe,7412,0x1F2A3B4C,DXGI,0,0,1,Hardware: Independent Flip,0,24.773583,6.6701,6.6701,0.4210
DemoGame.exe,7412,0x1F2A3B4C,DXGI,0,0,1,Hardware: Independent Flip,0,24.780320,6.7364,6.7364,0.4210
DemoGame.exe,7412,0x1F2A3B4C,DXGI,0,0,1,Hardware: Independent Flip,0,24.787335,7.0154,7.0154,0.4210
DemoGame.exe,7412,0x1F2A3B4C,DXGI,0,0,1,Hardware: Independent Flip,0,24.794291,6.9564,6.9564,0.4210
DemoGame.exe,7412,0x1F2A3B4C,DXGI,0,0,1,Hardware: Independent Flip,0,24.801391,7.0991,7.0991,0.4210
DemoGame.exe,7412,0x1F2A3B4C,DXGI,0,0,1,Hardware: Independent Flip,0,24.808229,6.8382,6.8382,0.4210
DemoGame.exe,7412,0x1F2A3B4C,DXGI,0,0,1,Hardware: Independent Flip,0,24.814963,6.7338,6.7338,0.4210
DemoGame.exe,7412,0x1F2A3B4C,DXGI,0,0,1,Hardware: Independent Flip,0,24.821919,6.9563,6.9563,0.4210
DemoGame.exe,7412,0x1F2A3B4C,DXGI,0,0,1,Hardware: Independent Flip,0,24.829131,7.2121,7.2121,0.4210
DemoGame.exe,7412,0x1F2A3B4C,DXGI,0,0,1,Hardware: Independent Flip,0,24.836341,7.2102,7.2102,0.4210
DemoGame.exe,7412,0x1F2A3B4C,DXGI,0,0,1,Hardware: Independent Flip,0,24.843361,7.0196,7.0196,0.4210
DemoGame.exe,7412,0x1F2A3B4C,DXGI,0,0,1,Hardware: Independent Flip,0,24.850192,6.8314,6.8314,0.4210
DemoGame.exe,7412,0x1F2A3B4C,DXGI,0,0,1,Hardware: Independent Flip,0,24.857367,7.1750,7.1750,0.4210
DemoGame.exe,7412,0x1F2A3B4C,DXGI,0,0,1,Hardware: Independent Flip,0,24.864586,7.2191,7.2191,0.4210
DemoGame.exe,7412,0x1F2A3B4C,DXGI,0,0,1,Hardware: Independent Flip,0,24.871682,7.0961,7.0961,0.4210
DemoGame.exe,7412,0x1F2A3B4C,DXGI,0,0,1,Hardware: Independent Flip,0,24.878378,6.6955,6.6955,0.4210
DemoGame.exe,7412,0x1F2A3B4C,DXGI,0,0,1,Hardware: Independent Flip,0,24.885425,7.0475,7.0475,0.4210
DemoGame.exe,7412,0x1F2A3B4C,DXGI,0,0,1,Hardware: Independent Flip,0,24.892635,7.2101,7.2101,0.4210
DemoGame.exe,7412,0x1F2A3B4C,DXGI,0,0,1,Hardware: Independent Flip,0,24.899345,6.7099,6.7099,0.4210
DemoGame.exe,7412,0x1F2A3B4C,DXGI,0,0,1,Hardware: Independent Flip,0,24.906288,6.9425,6.9425,0.4210
DemoGame.exe,7412,0x1F2A3B4C,DXGI,0,0,1,Hardware: Independent Flip,0,24.913284,6.9959,6.9959,0.4210
DemoGame.exe,7412,0x1F2A3B4C,DXGI,0,0,1,Hardware: Independent Flip,0,24.920332,7.0485,7.0485,0.4210
DemoGame.exe,7412,0x1F2A3B4C,DXGI,0,0,1,Hardware: Independent Flip,0,24.927178,6.8455,6.8455,0.4210
DemoGame.exe,7412,0x1F2A3B4C,DXGI,0,0,1,Hardware: Independent Flip,0,24.933992,6.8140,6.8140,0.4210
DemoGame.exe,7412,0x1F2A3B4C,DXGI,0,0,1,Hardware: Independent Flip,0,24.941003,7.0114,7.0114,0.4210
DemoGame.exe,7412,0x1F2A3B4C,DXGI,0,0,1,Hardware: Independent Flip,0,24.947916,6.9131,6.9131,0.4210
DemoGame.exe,7412,0x1F2A3B4C,DXGI,0,0,1,Hardware: Independent Flip,0,24.955051,7.1350,7.1350,0.4210
DemoGame.exe,7412,0x1F2A3B4C,DXGI,0,0,1,Hardware: Independent Flip,0,24.961914,6.8623,6.8623,0.4210
DemoGame.exe,7412,0x1F2A3B4C,DXGI,0,0,1,Hardware: Independent Flip,0,24.968711,6.7970,6.7970,0.4210
DemoGame.exe,7412,0x1F2A3B4C,DXGI,0,0,1,Hardware: Independent Flip,0,24.975509,6.7981,6.7981,0.4210
DemoGame.exe,7412,0x1F2A3B4C,DXGI,0,0,1,Hardware: Independent Flip,0,24.982578,7.0697,7.0697,0.4210
DemoGame.exe,7412,0x1F2A3B4C,DXGI,0,0,1,Hardware: Independent Flip,0,24.989568,6.9901,6.9901,0.4210
DemoGame.exe,7412,0x1F2A3B4C,DXGI,0,0,1,Hardware: Independent Flip,0,24.996768,7.2000,7.2000,0.4210
DemoGame.exe,7412,0x1F2A3B4C,DXGI,0,0,1,Hardware: Independent Flip,0,25.003722,6.9534,6.9534,0.4210
DemoGame.exe,7412,0x1F2A3B4C,DXGI,0,0,1,Hardware: Independent Flip,0,25.010537,6.8150,6.8150,0.4210
DemoGame.exe,7412,0x1F2A3B4C,DXGI,0,0,1,Hardware: Independent Flip,0,25.017742,7.2048,7.2048,0.4210
DemoGame.exe,7412,0x1F2A3B4C,DXGI,0,0,1,Hardware: Independent Flip,0,25.024842,7.1003,7.1003,0.4210
DemoGame.exe,7412,0x1F2A3B4C,DXGI,0,0,1,Hardware: Independent Flip,0,25.031835,6.9927,6.9927,0.4210
DemoGame.exe,7412,0x1F2A3B4C,DXGI,0,0,1,Hardware: Independent Flip,0,25.038713,6.8779,6.8779,0.4210
DemoGame.exe,7412,0x1F2A3B4C,DXGI,0,0,1,Hardware: Independent Flip,0,25.045871,7.1589,7.1589,0.4210
DemoGame.exe,7412,0x1F2A3B4C,DXGI,0,0,1,Hardware: Independent Flip,0,25.052708,6.8370,6.8370,0.4210
DemoGame.exe,7412,0x1F2A3B4C,DXGI,0,0,1,Hardware: Independent Flip,0,25.059599,6.8902,6.8902,0.4210
DemoGame.exe,7412,0x1F2A3B4C,DXGI,0,0,1,Hardware: Independent Flip,0,25.066718,7.1195,7.1195,0.4210
DemoGame.exe,7412,0x1F2A3B4C,DXGI,0,0,1,Hardware: Independent Flip,0,25.073571,6.8527,6.8527,0.4210
DemoGame.exe,7412,0x1F2A3B4C,DXGI,0,0,1,Hardware: Independent Flip,0,25.080474,6.9026,6.9026,0.4210
DemoGame.exe,7412,0x1F2A3B4C,DXGI,0,0,1,Hardware: Independent Flip,0,25.087670,7.1967,7.1967,0.4210
DemoGame.exe,7412,0x1F2A3B4C,DXGI,0,0,1,Hardware: Independent Flip,0,25.094558,6.8875,6.8875,0.4210
DemoGame.exe,7412,0x1F2A3B4C,DXGI,0,0,1,Hardware: Independent Flip,0,25.101282,6.7246,6.7246,0.4210
DemoGame.exe,7412,0x1F2A3B4C,DXGI,0,0,1,Hardware: Independent Flip,0,25.108348,7.0653,7.0653,0.4210
DemoGame.exe,7412,0x1F2A3B4C,DXGI,0,0,1,Hardware: Independent Flip,0,25.115054,6.7062,6.7062,0.4210
DemoGame.exe,7412,0x1F2A3B4C,DXGI,0,0,1,Hardware: Independent Flip,0,25.121955,6.9011,6.9011,0.4210
DemoGame.exe,7412,0x1F2A3B4C,DXGI,0,0,1,Hardware: Independent Flip,0,25.129057,7.1022,7.1022,0.4210
DemoGame.exe,7412,0x1F2A3B4C,DXGI,0,0,1,Hardware: Independent Flip,0,25.136151,7.0934,7.0934,0.4210
DemoGame.exe,7412,0x1F2A3B4C,DXGI,0,0,1,Hardware: Independent Flip,0,25.142888,6.7372,6.7372,0.4210
DemoGame.exe,7412,0x1F2A3B4C,DXGI,0,0,1,Hardware: Independent Flip,0,25.149666,6.7783,6.7783,0.4210
DemoGame.exe,7412,0x1F2A3B4C,DXGI,0,0,1,Hardware: Independent Flip,0,25.156532,6.8655,6.8655,0.4210
DemoGame.exe,7412,0x1F2A3B4C,DXGI,0,0,1,Hardware: Independent Flip,0,25.163667,7.1349,7.1349,0.4210
DemoGame.exe,7412,0x1F2A3B4C,DXGI,0,0,1,Hardware: Independent Flip,0,25.170512,6.8454,6.8454,0.4210
DemoGame.exe,7412,0x1F2A3B4C,DXGI,0,0,1,Hardware: Independent Flip,0,25.177701,7.1890,7.1890,0.4210
DemoGame.exe,7412,0x1F2A3B4C,DXGI,0,0,1,Hardware: Independent Flip,0,25.184531,6.8299,6.8299,0.4210
DemoGame.exe,7412,0x1F2A3B4C,DXGI,0,0,1,Hardware: Independent Flip,0,25.191478,6.9473,6.9473,0.4210
DemoGame.exe,7412,0x1F2A3B4C,DXGI,0,0,1,Hardware: Independent Flip,0,25.198594,7.1155,7.1155,0.4210
DemoGame.exe,7412,0x1F2A3B4C,DXGI,0,0,1,Hardware: Independent Flip,0,25.205397,6.8033,6.8033,0.4210
DemoGame.exe,7412,0x1F2A3B4C,DXGI,0,0,1,Hardware: Independent Flip,0,25.212455,7.0580,7.0580,0.4210
DemoGame.exe,7412,0x1F2A3B4C,DXGI,0,0,1,Hardware: Independent Flip,0,25.219240,6.7845,6.7845,0.4210
DemoGame.exe,7412,0x1F2A3B4C,DXGI,0,0,1,Hardware: Independent Flip,0,25.225913,6.6735,6.6735,0.4210
DemoGame.exe,7412,0x1F2A3B4C,DXGI,0,0,1,Hardware: Independent Flip,0,25.232788,6.8754,6.8754,0.4210
DemoGame.exe,7412,0x1F2A3B4C,DXGI,0,0,1,Hardware: Independent Flip,0,25.239654,6.8656,6.8656,0.4210
DemoGame.exe,7412,0x1F2A3B4C,DXGI,0,0,1,Hardware: Independent Flip,0,25.246702,7.0481,7.0481,0.4210
DemoGame.exe,7412,0x1F2A3B4C,DXGI,0,0,1,Hardware: Independent Flip,0,25.253838,7.1353,7.1353,0.4210
DemoGame.exe,7412,0x1F2A3B4C,DXGI,0,0,1,Hardware: Independent Flip,0,25.260677,6.8391,6.8391,0.4210
DemoGame.exe,7412,0x1F2A3B4C,DXGI,0,0,1,Hardware: Independent Flip,0,25.267375,6.6988,6.6988,0.4210
DemoGame.exe,7412,0x1F2A3B4C,DXGI,0,0,1,Hardware: Independent Flip,0,25.274352,6.9762,6.9762,0.4210
DemoGame.exe,7412,0x1F2A3B4C,DXGI,0,0,1,Hardware: Independent Flip,0,25.281147,6.7950,6.7950,0.4210
DemoGame.exe,7412,0x1F2A3B4C,DXGI,0,0,1,Hardware: Independent Flip,0,25.287896,6.7496,6.7496,0.4210
DemoGame.exe,7412,0x1F2A3B4C,DXGI,0,0,1,Hardware: Independent Flip,0,25.294646,6.7497,6.7497,0.4210
DemoGame.exe,7412,0x1F2A3B4C,DXGI,0,0,1,Hardware: Independent Flip,0,25.301819,7.1730,7.1730,0.4210
DemoGame.exe,7412,0x1F2A3B4C,DXGI,0,0,1,Hardware: Independent Flip,0,25.309056,7.2367,7.2367,0.4210
DemoGame.exe,7412,0x1F2A3B4C,DXGI,0,0,1,Hardware: Independent Flip,0,25.316211,7.1554,7.1554,0.4210
DemoGame.exe,7412,0x1F2A3B4C,DXGI,0,0,1,Hardware: Independent Flip,0,25.323270,7.0586,7.0586,0.4210
DemoGame.exe,7412,0x1F2A3B4C,DXGI,0,0,1,Hardware: Independent Flip,0,25.329939,6.6696,6.6696,0.4210
DemoGame.exe,7412,0x1F2A3B4C,DXGI,0,0,1,Hardware: Independent Flip,0,25.336994,7.0543,7.0543,0.4210
DemoGame.exe,7412,0x1F2A3B4C,DXGI,0,0,1,Hardware: Independent Flip,0,25.344035,7.0410,7.0410,0.4210
DemoGame.exe,7412,0x1F2A3B4C,DXGI,0,0,1,Hardware: Independent Flip,0,25.350769,6.7348,6.7348,0.4210
DemoGame.exe,7412,0x1F2A3B4C,DXGI,0,0,1,Hardware: Independent Flip,0,25.357910,7.1410,7.1410,0.4210
DemoGame.exe,7412,0x1F2A3B4C,DXGI,0,0,1,Hardware: Independent Flip,0,25.365122,7.2114,7.2114,0.4210
DemoGame.exe,7412,0x1F2A3B4C,DXGI,0,0,1,Hardware: Independent Flip,0,25.372263,7.1407,7.1407,0.4210
DemoGame.exe,7412,0x1F2A3B4C,DXGI,0,0,1,Hardware: Independent Flip,0,25.379369,7.1067,7.1067,0.4210
DemoGame.exe,7412,0x1F2A3B4C,DXGI,0,0,1,Hardware: Independent Flip,0,25.386188,6.8191,6.8191,0.4210
DemoGame.exe,7412,0x1F2A3B4C,DXGI,0,0,1,Hardware: Independent Flip,0,25.393382,7.1934,7.1934,0.4210
DemoGame.exe,7412,0x1F2A3B4C,DXGI,0,0,1,Hardware: Independent Flip,0,25.400096,6.7139,6.7139,0.4210
DemoGame.exe,7412,0x1F2A3B4C,DXGI,0,0,1,Hardware: Independent Flip,0,25.406995,6.8990,6.8990,0.4210
DemoGame.exe,7412,0x1F2A3B4C,DXGI,0,0,1,Hardware: Independent Flip,0,25.414042,7.0477,7.0477,0.4210
DemoGame.exe,7412,0x1F2A3B4C,DXGI,0,0,1,Hardware: Independent Flip,0,25.420734,6.6919,6.6919,0.4210
DemoGame.exe,7412,0x1F2A3B4C,DXGI,0,0,1,Hardware: Independent Flip,0,25.427590,6.8557,6.8557,0.4210
DemoGame.exe,7412,0x1F2A3B4C,DXGI,0,0,1,Hardware: Independent Flip,0,25.434555,6.9654,6.9654,0.4210
DemoGame.exe,7412,0x1F2A3B4C,DXGI,0,0,1,Hardware: Independent Flip,0,25.441286,6.7309,6.7309,0.4210
DemoGame.exe,7412,0x1F2A3B4C,DXGI,0,0,1,Hardware: Independent Flip,0,25.447992,6.7055,6.7055,0.4210
DemoGame.exe,7412,0x1F2A3B4C,DXGI,0,0,1,Hardware: Independent Flip,0,25.454704,6.7122,6.7122,0.4210
DemoGame.exe,7412,0x1F2A3B4C,DXGI,0,0,1,Hardware: Independent Flip,0,25.461577,6.8731,6.8731,0.4210
DemoGame.exe,7412,0x1F2A3B4C,DXGI,0,0,1,Hardware: Independent Flip,0,25.468543,6.9653,6.9653,0.4210
DemoGame.exe,7412,0x1F2A3B4C,DXGI,0,0,1,Hardware: Independent Flip,0,25.475208,6.6659,6.6659,0.4210
DemoGame.exe,7412,0x1F2A3B4C,DXGI,0,0,1,Hardware: Independent Flip,0,25.482129,6.9205,6.9205,0.4210
DemoGame.exe,7412,0x1F2A3B4C,DXGI,0,0,1,Hardware: Independent Flip,0,25.489303,7.1740,7.1740,0.4210
DemoGame.exe,7412,0x1F2A3B4C,DXGI,0,0,1,Hardware: Independent Flip,0,25.496414,7.1111,7.1111,0.4210
DemoGame.exe,7412,0x1F2A3B4C,DXGI,0,0,1,Hardware: Independent Flip,0,25.503260,6.8463,6.8463,0.4210
DemoGame.exe,7412,0x1F2A3B4C,DXGI,0,0,1,Hardware: Independent Flip,0,25.510030,6.7700,6.7700,0.4210
DemoGame.exe,7412,0x1F2A3B4C,DXGI,0,0,1,Hardware: Independent Flip,0,25.516973,6.9424,6.9424,0.4210
DemoGame.exe,7412,0x1F2A3B4C,DXGI,0,0,1,Hardware: Independent Flip,0,25.524204,7.2316,7.2316,0.4210
DemoGame.exe,7412,0x1F2A3B4C,DXGI,0,0,1,Hardware: Independent Flip,0,25.530877,6.6726,6.6726,0.4210
DemoGame.exe,7412,0x1F2A3B4C,DXGI,0,0,1,Hardware: Independent Flip,0,25.537814,6.9366,6.9366,0.4210
DemoGame.exe,7412,0x1F2A3B4C,DXGI,0,0,1,Hardware: Independent Flip,0,25.544956,7.1422,7.1422,0.4210
DemoGame.exe,7412,0x1F2A3B4C,DXGI,0,0,1,Hardware: Independent Flip,0,25.551890,6.9340,6.9340,0.4210
DemoGame.exe,7412,0x1F2A3B4C,DXGI,0,0,1,Hardware: Independent Flip,0,25.558664,6.7744,6.7744,0.4210
DemoGame.exe,7412,0x1F2A3B4C,DXGI,0,0,1,Hardware: Independent Flip,0,25.565468,6.8043,6.8043,0.4210
DemoGame.exe,7412,0x1F2A3B4C,DXGI,0,0,1,Hardware: Independent Flip,0,25.572605,7.1369,7.1369,0.4210
DemoGame.exe,7412,0x1F2A3B4C,DXGI,0,0,1,Hardware: Independent Flip,0,25.579324,6.7185,6.7185,0.4210
DemoGame.exe,7412,0x1F2A3B4C,DXGI,0,0,1,Hardware: Independent Flip,0,25.586036,6.7125,6.7125,0.4210
DemoGame.exe,7412,0x1F2A3B4C,DXGI,0,0,1,Hardware: Independent Flip,0,25.593197,7.1611,7.1611,0.4210
DemoGame.exe,7412,0x1F2A3B4C,DXGI,0,0,1,Hardware: Independent Flip,0,25.600014,6.8171,6.8171,0.4210
DemoGame.exe,7412,0x1F2A3B4C,DXGI,0,0,1,Hardware: Independent Flip,0,25.606791,6.7769,6.7769,0.4210
DemoGame.exe,7412,0x1F2A3B4C,DXGI,0,0,1,Hardware: Independent Flip,0,25.613804,7.0127,7.0127,0.4210
DemoGame.exe,7412,0x1F2A3B4C,DXGI,0,0,1,Hardware: Independent Flip,0,25.620494,6.6905,6.6905,0.4210
DemoGame.exe,7412,0x1F2A3B4C,DXGI,0,0,1,Hardware: Independent Flip,0,25.627593,7.0987,7.0987,0.4210
DemoGame.exe,7412,0x1F2A3B4C,DXGI,0,0,1,Hardware: Independent Flip,0,25.634659,7.0654,7.0654,0.4210
DemoGame.exe,7412,0x1F2A3B4C,DXGI,0,0,1,Hardware: Independent Flip,0,25.641843,7.1842,7.1842,0.4210
DemoGame.exe,7412,0x1F2A3B4C,DXGI,0,0,1,Hardware: Independent Flip,0,25.648738,6.8951,6.8951,0.4210
DemoGame.exe,7412,0x1F2A3B4C,DXGI,0,0,1,Hardware: Independent Flip,0,25.655666,6.9283,6.9283,0.4210
DemoGame.exe,7412,0x1F2A3B4C,DXGI,0,0,1,Hardware: Independent Flip,0,25.662849,7.1833,7.1833,0.4210
DemoGame.exe,7412,0x1F2A3B4C,DXGI,0,0,1,Hardware: Independent Flip,0,25.669878,7.0281,7.0281,0.4210
DemoGame.exe,7412,0x1F2A3B4C,DXGI,0,0,1,Hardware: Independent Flip,0,25.676540,6.6628,6.6628,0.4210
DemoGame.exe,7412,0x1F2A3B4C,DXGI,0,0,1,Hardware: Independent Flip,0,25.683652,7.1114,7.1114,0.4210
DemoGame.exe,7412,0x1F2A3B4C,DXGI,0,0,1,Hardware: Independent Flip,0,25.690820,7.1685,7.1685,0.4210
DemoGame.exe,7412,0x1F2A3B4C,DXGI,0,0,1,Hardware: Independent Flip,0,25.697747,6.9263,6.9263,0.4210
DemoGame.exe,7412,0x1F2A3B4C,DXGI,0,0,1,Hardware: Independent Flip,0,25.704484,6.7373,6.7373,0.4210
DemoGame.exe,7412,0x1F2A3B4C,DXGI,0,0,1,Hardware: Independent Flip,0,25.711132,6.6477,6.6477,0.4210
DemoGame.exe,7412,0x1F2A3B4C,DXGI,0,0,1,Hardware: Independent Flip,0,25.717909,6.7778,6.7778,0.4210
DemoGame.exe,7412,0x1F2A3B4C,DXGI,0,0,1,Hardware: Independent Flip,0,25.725020,7.1110,7.1110,0.4210
DemoGame.exe,7412,0x1F2A3B4C,DXGI,0,0,1,Hardware: Independent Flip,0,25.731888,6.8677,6.8677,0.4210
DemoGame.exe,7412,0x1F2A3B4C,DXGI,0,0,1,Hardware: Independent Flip,0,25.738827,6.9387,6.9387,0.4210
DemoGame.exe,7412,0x1F2A3B4C,DXGI,0,0,1,Hardware: Independent Flip,0,25.745912,7.0854,7.0854,0.4210
DemoGame.exe,7412,0x1F2A3B4C,DXGI,0,0,1,Hardware: Independent Flip,0,25.752755,6.8423,6.8423,0.4210
DemoGame.exe,7412,0x1F2A3B4C,DXGI,0,0,1,Hardware: Independent Flip,0,25.759874,7.1191,7.1191,0.4210
DemoGame.exe,7412,0x1F2A3B4C,DXGI,0,0,1,Hardware: Independent Flip,0,25.766664,6.7906,6.7906,0.4210
DemoGame.exe,7412,0x1F2A3B4C,DXGI,0,0,1,Hardware: Independent Flip,0,25.773565,6.9009,6.9009,0.4210
DemoGame.exe,7412,0x1F2A3B4C,DXGI,0,0,1,Hardware: Independent Flip,0,25.780381,6.8157,6.8157,0.4210
DemoGame.exe,7412,0x1F2A3B4C,DXGI,0,0,1,Hardware: Independent Flip,0,25.787590,7.2090,7.2090,0.4210
DemoGame.exe,7412,0x1F2A3B4C,DXGI,0,0,1,Hardware: Independent Flip,0,25.794507,6.9174,6.9174,0.4210
DemoGame.exe,7412,0x1F2A3B4C,DXGI,0,0,1,Hardware: Independent Flip,0,25.801639,7.1316,7.1316,0.4210
DemoGame.exe,7412,0x1F2A3B4C,DXGI,0,0,1,Hardware: Independent Flip,0,25.808601,6.9628,6.9628,0.4210
DemoGame.exe,7412,0x1F2A3B4C,DXGI,0,0,1,Hardware: Independent Flip,0,25.815492,6.8909,6.8909,0.4210
DemoGame.exe,7412,0x1F2A3B4C,DXGI,0,0,1,Hardware: Independent Flip,0,25.822155,6.6625,6.6625,0.4210
DemoGame.exe,7412,0x1F2A3B4C,DXGI,0,0,1,Hardware: Independent Flip,0,25.828943,6.7885,6.7885,0.4210
DemoGame.exe,7412,0x1F2A3B4C,DXGI,0,0,1,Hardware: Independent Flip,0,25.836082,7.1392,7.1392,0.4210
DemoGame.exe,7412,0x1F2A3B4C,DXGI,0,0,1,Hardware: Independent Flip,0,25.842823,6.7402,6.7402,0.4210
DemoGame.exe,7412,0x1F2A3B4C,DXGI,0,0,1,Hardware: Independent Flip,0,25.850019,7.1966,7.1966,0.4210
DemoGame.exe,7412,0x1F2A3B4C,DXGI,0,0,1,Hardware: Independent Flip,0,25.857239,7.2194,7.2194,0.4210
DemoGame.exe,7412,0x1F2A3B4C,DXGI,0,0,1,Hardware: Independent Flip,0,25.864305,7.0658,7.0658,0.4210
DemoGame.exe,7412,0x1F2A3B4C,DXGI,0,0,1,Hardware: Independent Flip,0,25.871057,6.7526,6.7526,0.4210
DemoGame.exe,7412,0x1F2A3B4C,DXGI,0,0,1,Hardware: Independent Flip,0,25.878228,7.1709,7.1709,0.4210
DemoGame.exe,7412,0x1F2A3B4C,DXGI,0,0,1,Hardware: Independent Flip,0,25.885423,7.1952,7.1952,0.4210
DemoGame.exe,7412,0x1F2A3B4C,DXGI,0,0,1,Hardware: Independent Flip,0,25.892509,7.0857,7.0857,0.4210
DemoGame.exe,7412,0x1F2A3B4C,DXGI,0,0,1,Hardware: Independent Flip,0,25.899512,7.0031,7.0031,0.4210
DemoGame.exe,7412,0x1F2A3B4C,DXGI,0,0,1,Hardware: Independent Flip,0,25.906360,6.8475,6.8475,0.4210
DemoGame.exe,7412,0x1F2A3B4C,DXGI,0,0,1,Hardware: Independent Flip,0,25.913013,6.6538,6.6538,0.4210
DemoGame.exe,7412,0x1F2A3B4C,DXGI,0,0,1,Hardware: Independent Flip,0,25.920083,7.0691,7.0691,0.4210
DemoGame.exe,7412,0x1F2A3B4C,DXGI,0,0,1,Hardware: Independent Flip,0,25.927300,7.2177,7.2177,0.4210
DemoGame.exe,7412,0x1F2A3B4C,DXGI,0,0,1,Hardware: Independent Flip,0,25.933952,6.6516,6.6516,0.4210
DemoGame.exe,7412,0x1F2A3B4C,DXGI,0,0,1,Hardware: Independent Flip,0,25.940633,6.6810,6.6810,0.4210
DemoGame.exe,7412,0x1F2A3B4C,DXGI,0,0,1,Hardware: Independent Flip,0,25.947434,6.8006,6.8006,0.4210
DemoGame.exe,7412,0x1F2A3B4C,DXGI,0,0,1,Hardware: Independent Flip,0,25.954437,7.0031,7.0031,0.4210
DemoGame.exe,7412,0x1F2A3B4C,DXGI,0,0,1,Hardware: Independent Flip,0,25.961288,6.8516,6.8516,0.4210
DemoGame.exe,7412,0x1F2A3B4C,DXGI,0,0,1,Hardware: Independent Flip,0,25.968377,7.0887,7.0887,0.4210
DemoGame.exe,7412,0x1F2A3B4C,DXGI,0,0,1,Hardware: Independent Flip,0,25.975243,6.8664,6.8664,0.4210
DemoGame.exe,7412,0x1F2A3B4C,DXGI,0,0,1,Hardware: Independent Flip,0,25.982219,6.9756,6.9756,0.4210
DemoGame.exe,7412,0x1F2A3B4C,DXGI,0,0,1,Hardware: Independent Flip,0,25.989398,7.1786,7.1786,0.4210
DemoGame.exe,7412,0x1F2A3B4C,DXGI,0,0,1,Hardware: Independent Flip,0,25.996535,7.1376,7.1376,0.4210
DemoGame.exe,7412,0x1F2A3B4C,DXGI,0,0,1,Hardware: Independent Flip,0,26.003679,7.1439,7.1439,0.4210
DemoGame.exe,7412,0x1F2A3B4C,DXGI,0,0,1,Hardware: Independent Flip,0,26.010521,6.8418,6.8418,0.4210
DemoGame.exe,7412,0x1F2A3B4C,DXGI,0,0,1,Hardware: Independent Flip,0,26.017415,6.8937,6.8937,0.4210
DemoGame.exe,7412,0x1F2A3B4C,DXGI,0,0,1,Hardware: Independent Flip,0,26.024634,7.2192,7.2192,0.4210
DemoGame.exe,7412,0x1F2A3B4C,DXGI,0,0,1,Hardware: Independent Flip,0,26.031855,7.2217,7.2217,0.4210
DemoGame.exe,7412,0x1F2A3B4C,DXGI,0,0,1,Hardware: Independent Flip,0,26.038896,7.0406,7.0406,0.4210
DemoGame.exe,7412,0x1F2A3B4C,DXGI,0,0,1,Hardware: Independent Flip,0,26.045761,6.8645,6.8645,0.4210
DemoGame.exe,7412,0x1F2A3B4C,DXGI,0,0,1,Hardware: Independent Flip,0,26.052542,6.7812,6.7812,0.4210
DemoGame.exe,7412,0x1F2A3B4C,DXGI,0,0,1,Hardware: Independent Flip,0,26.059186,6.6443,6.6443,0.4210
DemoGame.exe,7412,0x1F2A3B4C,DXGI,0,0,1,Hardware: Independent Flip,0,26.066153,6.9670,6.9670,0.4210
DemoGame.exe,7412,0x1F2A3B4C,DXGI,0,0,1,Hardware: Independent Flip,0,26.072827,6.6734,6.6734,0.4210
DemoGame.exe,7412,0x1F2A3B4C,DXGI,0,0,1,Hardware: Independent Flip,0,26.079657,6.8301,6.8301,0.4210
DemoGame.exe,7412,0x1F2A3B4C,DXGI,0,0,1,Hardware: Independent Flip,0,26.086441,6.7848,6.7848,0.4210
DemoGame.exe,7412,0x1F2A3B4C,DXGI,0,0,1,Hardware: Independent Flip,0,26.093114,6.6723,6.6723,0.4210
DemoGame.exe,7412,0x1F2A3B4C,DXGI,0,0,1,Hardware: Independent Flip,0,26.100070,6.9560,6.9560,0.4210
DemoGame.exe,7412,0x1F2A3B4C,DXGI,0,0,1,Hardware: Independent Flip,0,26.107072,7.0024,7.0024,0.4210
DemoGame.exe,7412,0x1F2A3B4C,DXGI,0,0,1,Hardware: Independent Flip,0,26.114013,6.9408,6.9408,0.4210
DemoGame.exe,7412,0x1F2A3B4C,DXGI,0,0,1,Hardware: Independent Flip,0,26.121000,6.9875,6.9875,0.4210
DemoGame.exe,7412,0x1F2A3B4C,DXGI,0,0,1,Hardware: Independent Flip,0,26.128244,7.2437,7.2437,0.4210
DemoGame.exe,7412,0x1F2A3B4C,DXGI,0,0,1,Hardware: Independent Flip,0,26.135327,7.0831,7.0831,0.4210
DemoGame.exe,7412,0x1F2A3B4C,DXGI,0,0,1,Hardware: Independent Flip,0,26.142243,6.9156,6.9156,0.4210
DemoGame.exe,7412,0x1F2A3B4C,DXGI,0,0,1,Hardware: Independent Flip,0,26.149023,6.7807,6.7807,0.4210
DemoGame.exe,7412,0x1F2A3B4C,DXGI,0,0,1,Hardware: Independent Flip,0,26.156099,7.0757,7.0757,0.4210
DemoGame.exe,7412,0x1F2A3B4C,DXGI,0,0,1,Hardware: Independent Flip,0,26.162941,6.8420,6.8420,0.4210
DemoGame.exe,7412,0x1F2A3B4C,DXGI,0,0,1,Hardware: Independent Flip,0,26.170143,7.2014,7.2014,0.4210
DemoGame.exe,7412,0x1F2A3B4C,DXGI,0,0,1,Hardware: Independent Flip,0,26.177023,6.8804,6.8804,0.4210
DemoGame.exe,7412,0x1F2A3B4C,DXGI,0,0,1,Hardware: Independent Flip,0,26.183998,6.9750,6.9750,0.4210
DemoGame.exe,7412,0x1F2A3B4C,DXGI,0,0,1,Hardware: Independent Flip,0,26.191202,7.2037,7.2037,0.4210
DemoGame.exe,7412,0x1F2A3B4C,DXGI,0,0,1,Hardware: Independent Flip,0,26.197885,6.6834,6.6834,0.4210
DemoGame.exe,7412,0x1F2A3B4C,DXGI,0,0,1,Hardware: Independent Flip,0,26.204703,6.8177,6.8177,0.4210
DemoGame.exe,7412,0x1F2A3B4C,DXGI,0,0,1,Hardware: Independent Flip,0,26.211869,7.1661,7.1661,0.4210
DemoGame.exe,7412,0x1F2A3B4C,DXGI,0,0,1,Hardware: Independent Flip,0,26.218676,6.8075,6.8075,0.4210
DemoGame.exe,7412,0x1F2A3B4C,DXGI,0,0,1,Hardware: Independent Flip,0,26.225482,6.8056,6.8056,0.4210
DemoGame.exe,7412,0x1F2A3B4C,DXGI,0,0,1,Hardware: Independent Flip,0,26.232185,6.7030,6.7030,0.4210
DemoGame.exe,7412,0x1F2A3B4C,DXGI,0,0,1,Hardware: Independent Flip,0,26.238904,6.7195,6.7195,0.4210
DemoGame.exe,7412,0x1F2A3B4C,DXGI,0,0,1,Hardware: Independent Flip,0,26.245772,6.8680,6.8680,0.4210
DemoGame.exe,7412,0x1F2A3B4C,DXGI,0,0,1,Hardware: Independent Flip,0,26.252875,7.1029,7.1029,0.4210
DemoGame.exe,7412,0x1F2A3B4C,DXGI,0,0,1,Hardware: Independent Flip,0,26.260071,7.1957,7.1957,0.4210
DemoGame.exe,7412,0x1F2A3B4C,DXGI,0,0,1,Hardware: Independent Flip,0,26.267289,7.2175,7.2175,0.4210
DemoGame.exe,7412,0x1F2A3B4C,DXGI,0,0,1,Hardware: Independent Flip,0,26.273978,6.6891,6.6891,0.4210
DemoGame.exe,7412,0x1F2A3B4C,DXGI,0,0,1,Hardware: Independent Flip,0,26.280760,6.7826,6.7826,0.4210
DemoGame.exe,7412,0x1F2A3B4C,DXGI,0,0,1,Hardware: Independent Flip,0,26.287471,6.7103,6.7103,0.4210
DemoGame.exe,7412,0x1F2A3B4C,DXGI,0,0,1,Hardware: Independent Flip,0,26.294124,6.6535,6.6535,0.4210
DemoGame.exe,7412,0x1F2A3B4C,DXGI,0,0,1,Hardware: Independent Flip,0,26.300870,6.7461,6.7461,0.4210
DemoGame.exe,7412,0x1F2A3B4C,DXGI,0,0,1,Hardware: Independent Flip,0,26.308059,7.1883,7.1883,0.4210
DemoGame.exe,7412,0x1F2A3B4C,DXGI,0,0,1,Hardware: Independent Flip,0,26.315124,7.0656,7.0656,0.4210
DemoGame.exe,7412,0x1F2A3B4C,DXGI,0,0,1,Hardware: Independent Flip,0,26.322264,7.1403,7.1403,0.4210
DemoGame.exe,7412,0x1F2A3B4C,DXGI,0,0,1,Hardware: Independent Flip,0,26.329037,6.7724,6.7724,0.4210
DemoGame.exe,7412,0x1F2A3B4C,DXGI,0,0,1,Hardware: Independent Flip,0,26.335728,6.6911,6.6911,0.4210
DemoGame.exe,7412,0x1F2A3B4C,DXGI,0,0,1,Hardware: Independent Flip,0,26.342821,7.0932,7.0932,0.4210
DemoGame.exe,7412,0x1F2A3B4C,DXGI,0,0,1,Hardware: Independent Flip,0,26.359335,16.5135,16.5135,0.4210
DemoGame.exe,7412,0x1F2A3B4C,DXGI,0,0,1,Hardware: Independent Flip,0,26.366457,7.1229,7.1229,0.4210
DemoGame.exe,7412,0x1F2A3B4C,DXGI,0,0,1,Hardware: Independent Flip,0,26.373433,6.9759,6.9759,0.4210
DemoGame.exe,7412,0x1F2A3B4C,DXGI,0,0,1,Hardware: Independent Flip,0,26.380173,6.7395,6.7395,0.4210
DemoGame.exe,7412,0x1F2A3B4C,DXGI,0,0,1,Hardware: Independent Flip,0,26.387039,6.8660,6.8660,0.4210
DemoGame.exe,7412,0x1F2A3B4C,DXGI,0,0,1,Hardware: Independent Flip,0,26.394046,7.0072,7.0072,0.4210
DemoGame.exe,7412,0x1F2A3B4C,DXGI,0,0,1,Hardware: Independent Flip,0,26.401056,7.0101,7.0101,0.4210
DemoGame.exe,7412,0x1F2A3B4C,DXGI,0,0,1,Hardware: Independent Flip,0,26.407752,6.6957,6.6957,0.4210
DemoGame.exe,7412,0x1F2A3B4C,DXGI,0,0,1,Hardware: Independent Flip,0,26.414414,6.6618,6.6618,0.4210
DemoGame.exe,7412,0x1F2A3B4C,DXGI,0,0,1,Hardware: Independent Flip,0,26.421399,6.9853,6.9853,0.4210
DemoGame.exe,7412,0x1F2A3B4C,DXGI,0,0,1,Hardware: Independent Flip,0,26.428109,6.7096,6.7096,0.4210
DemoGame.exe,7412,0x1F2A3B4C,DXGI,0,0,1,Hardware: Independent Flip,0,26.435013,6.9049,6.9049,0.4210
DemoGame.exe,7412,0x1F2A3B4C,DXGI,0,0,1,Hardware: Independent Flip,0,26.441755,6.7419,6.7419,0.4210
DemoGame.exe,7412,0x1F2A3B4C,DXGI,0,0,1,Hardware: Independent Flip,0,26.448826,7.0706,7.0706,0.4210
DemoGame.exe,7412,0x1F2A3B4C,DXGI,0,0,1,Hardware: Independent Flip,0,26.455871,7.0449,7.0449,0.4210
DemoGame.exe,7412,0x1F2A3B4C,DXGI,0,0,1,Hardware: Independent Flip,0,26.462981,7.1098,7.1098,0.4210
DemoGame.exe,7412,0x1F2A3B4C,DXGI,0,0,1,Hardware: Independent Flip,0,26.469649,6.6684,6.6684,0.4210
DemoGame.exe,7412,0x1F2A3B4C,DXGI,0,0,1,Hardware: Independent Flip,0,26.476375,6.7257,6.7257,0.4210
DemoGame.exe,7412,0x1F2A3B4C,DXGI,0,0,1,Hardware: Independent Flip,0,26.483571,7.1967,7.1967,0.4210
DemoGame.exe,7412,0x1F2A3B4C,DXGI,0,0,1,Hardware: Independent Flip,0,26.490303,6.7320,6.7320,0.4210
DemoGame.exe,7412,0x1F2A3B4C,DXGI,0,0,1,Hardware: Independent Flip,0,26.497447,7.1435,7.1435,0.4210
DemoGame.exe,7412,0x1F2A3B4C,DXGI,0,0,1,Hardware: Independent Flip,0,26.504436,6.9891,6.9891,0.4210
DemoGame.exe,7412,0x1F2A3B4C,DXGI,0,0,1,Hardware: Independent Flip,0,26.511450,7.0139,7.0139,0.4210
DemoGame.exe,7412,0x1F2A3B4C,DXGI,0,0,1,Hardware: Independent Flip,0,26.518649,7.1987,7.1987,0.4210
DemoGame.exe,7412,0x1F2A3B4C,DXGI,0,0,1,Hardware: Independent Flip,0,26.525593,6.9445,6.9445,0.4210
DemoGame.exe,7412,0x1F2A3B4C,DXGI,0,0,1,Hardware: Independent Flip,0,26.532442,6.8494,6.8494,0.4210
DemoGame.exe,7412,0x1F2A3B4C,DXGI,0,0,1,Hardware: Independent Flip,0,26.539214,6.7713,6.7713,0.4210
DemoGame.exe,7412,0x1F2A3B4C,DXGI,0,0,1,Hardware: Independent Flip,0,26.546187,6.9736,6.9736,0.4210
DemoGame.exe,7412,0x1F2A3B4C,DXGI,0,0,1,Hardware: Independent Flip,0,26.553085,6.8977,6.8977,0.4210
DemoGame.exe,7412,0x1F2A3B4C,DXGI,0,0,1,Hardware: Independent Flip,0,26.559865,6.7798,6.7798,0.4210
DemoGame.exe,7412,0x1F2A3B4C,DXGI,0,0,1,Hardware: Independent Flip,0,26.566849,6.9841,6.9841,0.4210
DemoGame.exe,7412,0x1F2A3B4C,DXGI,0,0,1,Hardware: Independent Flip,0,26.573696,6.8466,6.8466,0.4210
DemoGame.exe,7412,0x1F2A3B4C,DXGI,0,0,1,Hardware: Independent Flip,0,26.580852,7.1565,7.1565,0.4210
DemoGame.exe,7412,0x1F2A3B4C,DXGI,0,0,1,Hardware: Independent Flip,0,26.587686,6.8341,6.8341,0.4210
DemoGame.exe,7412,0x1F2A3B4C,DXGI,0,0,1,Hardware: Independent Flip,0,26.594356,6.6699,6.6699,0.4210
DemoGame.exe,7412,0x1F2A3B4C,DXGI,0,0,1,Hardware: Independent Flip,0,26.601043,6.6872,6.6872,0.4210
DemoGame.exe,7412,0x1F2A3B4C,DXGI,0,0,1,Hardware: Independent Flip,0,26.608119,7.0756,7.0756,0.4210
DemoGame.exe,7412,0x1F2A3B4C,DXGI,0,0,1,Hardware: Independent Flip,0,26.614829,6.7102,6.7102,0.4210
DemoGame.exe,7412,0x1F2A3B4C,DXGI,0,0,1,Hardware: Independent Flip,0,26.621910,7.0810,7.0810,0.4210
DemoGame.exe,7412,0x1F2A3B4C,DXGI,0,0,1,Hardware: Independent Flip,0,26.628866,6.9563,6.9563,0.4210
DemoGame.exe,7412,0x1F2A3B4C,DXGI,0,0,1,Hardware: Independent Flip,0,26.635968,7.1019,7.1019,0.4210
DemoGame.exe,7412,0x1F2A3B4C,DXGI,0,0,1,Hardware: Independent Flip,0,26.643020,7.0512,7.0512,0.4210
DemoGame.exe,7412,0x1F2A3B4C,DXGI,0,0,1,Hardware: Independent Flip,0,26.650197,7.1779,7.1779,0.4210
DemoGame.exe,7412,0x1F2A3B4C,DXGI,0,0,1,Hardware: Independent Flip,0,26.657074,6.8762,6.8762,0.4210
DemoGame.exe,7412,0x1F2A3B4C,DXGI,0,0,1,Hardware: Independent Flip,0,26.664297,7.2234,7.2234,0.4210
DemoGame.exe,7412,0x1F2A3B4C,DXGI,0,0,1,Hardware: Independent Flip,0,26.671419,7.1217,7.1217,0.4210
DemoGame.exe,7412,0x1F2A3B4C,DXGI,0,0,1,Hardware: Independent Flip,0,26.678631,7.2124,7.2124,0.4210
DemoGame.exe,7412,0x1F2A3B4C,DXGI,0,0,1,Hardware: Independent Flip,0,26.685458,6.8269,6.8269,0.4210
DemoGame.exe,7412,0x1F2A3B4C,DXGI,0,0,1,Hardware: Independent Flip,0,26.692403,6.9453,6.9453,0.4210
DemoGame.exe,7412,0x1F2A3B4C,DXGI,0,0,1,Hardware: Independent Flip,0,26.699126,6.7225,6.7225,0.4210
DemoGame.exe,7412,0x1F2A3B4C,DXGI,0,0,1,Hardware: Independent Flip,0,26.706167,7.0411,7.0411,0.4210
DemoGame.exe,7412,0x1F2A3B4C,DXGI,0,0,1,Hardware: Independent Flip,0,26.713226,7.0585,7.0585,0.4210
DemoGame.exe,7412,0x1F2A3B4C,DXGI,0,0,1,Hardware: Independent Flip,0,26.720045,6.8196,6.8196,0.4210
DemoGame.exe,7412,0x1F2A3B4C,DXGI,0,0,1,Hardware: Independent Flip,0,26.727248,7.2032,7.2032,0.4210
DemoGame.exe,7412,0x1F2A3B4C,DXGI,0,0,1,Hardware: Independent Flip,0,26.734442,7.1937,7.1937,0.4210
DemoGame.exe,7412,0x1F2A3B4C,DXGI,0,0,1,Hardware: Independent Flip,0,26.741489,7.0468,7.0468,0.4210
DemoGame.exe,7412,0x1F2A3B4C,DXGI,0,0,1,Hardware: Independent Flip,0,26.884637,143.1481,143.1481,0.4210
DemoGame.exe,7412,0x1F2A3B4C,DXGI,0,0,1,Hardware: Independent Flip,0,26.891676,7.0390,7.0390,0.4210
DemoGame.exe,7412,0x1F2A3B4C,DXGI,0,0,1,Hardware: Independent Flip,0,26.898337,6.6606,6.6606,0.4210
DemoGame.exe,7412,0x1F2A3B4C,DXGI,0,0,1,Hardware: Independent Flip,0,26.905217,6.8799,6.8799,0.4210
DemoGame.exe,7412,0x1F2A3B4C,DXGI,0,0,1,Hardware: Independent Flip,0,26.911897,6.6805,6.6805,0.4210
DemoGame.exe,7412,0x1F2A3B4C,DXGI,0,0,1,Hardware: Independent Flip,0,26.918939,7.0420,7.0420,0.4210
DemoGame.exe,7412,0x1F2A3B4C,DXGI,0,0,1,Hardware: Independent Flip,0,26.926065,7.1260,7.1260,0.4210
DemoGame.exe,7412,0x1F2A3B4C,DXGI,0,0,1,Hardware: Independent Flip,0,26.932710,6.6452,6.6452,0.4210
DemoGame.exe,7412,0x1F2A3B4C,DXGI,0,0,1,Hardware: Independent Flip,0,26.939817,7.1070,7.1070,0.4210
DemoGame.exe,7412,0x1F2A3B4C,DXGI,0,0,1,Hardware: Independent Flip,0,26.946810,6.9923,6.9923,0.4210
DemoGame.exe,7412,0x1F2A3B4C,DXGI,0,0,1,Hardware: Independent Flip,0,26.953961,7.1517,7.1517,0.4210
DemoGame.exe,7412,0x1F2A3B4C,DXGI,0,0,1,Hardware: Independent Flip,0,26.961006,7.0447,7.0447,0.4210
DemoGame.exe,7412,0x1F2A3B4C,DXGI,0,0,1,Hardware: Independent Flip,0,26.968008,7.0017,7.0017,0.4210
DemoGame.exe,7412,0x1F2A3B4C,DXGI,0,0,1,Hardware: Independent Flip,0,26.974686,6.6782,6.6782,0.4210
DemoGame.exe,7412,0x1F2A3B4C,DXGI,0,0,1,Hardware: Independent Flip,0,26.981888,7.2023,7.2023,0.4210
DemoGame.exe,7412,0x1F2A3B4C,DXGI,0,0,1,Hardware: Independent Flip,0,26.988777,6.8887,6.8887,0.4210
DemoGame.exe,7412,0x1F2A3B4C,DXGI,0,0,1,Hardware: Independent Flip,0,26.995661,6.8844,6.8844,0.4210
DemoGame.exe,7412,0x1F2A3B4C,DXGI,0,0,1,Hardware: Independent Flip,0,27.002535,6.8740,6.8740,0.4210
DemoGame.exe,7412,0x1F2A3B4C,DXGI,0,0,1,Hardware: Independent Flip,0,27.009272,6.7363,6.7363,0.4210
DemoGame.exe,7412,0x1F2A3B4C,DXGI,0,0,1,Hardware: Independent Flip,0,27.016327,7.0552,7.0552,0.4210
DemoGame.exe,7412,0x1F2A3B4C,DXGI,0,0,1,Hardware: Independent Flip,0,27.023109,6.7817,6.7817,0.4210
DemoGame.exe,7412,0x1F2A3B4C,DXGI,0,0,1,Hardware: Independent Flip,0,27.030328,7.2192,7.2192,0.4210
DemoGame.exe,7412,0x1F2A3B4C,DXGI,0,0,1,Hardware: Independent Flip,0,27.037395,7.0667,7.0667,0.4210
DemoGame.exe,7412,0x1F2A3B4C,DXGI,0,0,1,Hardware: Independent Flip,0,27.044275,6.8810,6.8810,0.4210
DemoGame.exe,7412,0x1F2A3B4C,DXGI,0,0,1,Hardware: Independent Flip,0,27.051464,7.1883,7.1883,0.4210
DemoGame.exe,7412,0x1F2A3B4C,DXGI,0,0,1,Hardware: Independent Flip,0,27.058136,6.6723,6.6723,0.4210
DemoGame.exe,7412,0x1F2A3B4C,DXGI,0,0,1,Hardware: Independent Flip,0,27.064955,6.8192,6.8192,0.4210
DemoGame.exe,7412,0x1F2A3B4C,DXGI,0,0,1,Hardware: Independent Flip,0,27.071938,6.9827,6.9827,0.4210
DemoGame.exe,7412,0x1F2A3B4C,DXGI,0,0,1,Hardware: Independent Flip,0,27.079108,7.1696,7.1696,0.4210
DemoGame.exe,7412,0x1F2A3B4C,DXGI,0,0,1,Hardware: Independent Flip,0,27.085779,6.6710,6.6710,0.4210
DemoGame.exe,7412,0x1F2A3B4C,DXGI,0,0,1,Hardware: Independent Flip,0,27.092976,7.1973,7.1973,0.4210
DemoGame.exe,7412,0x1F2A3B4C,DXGI,0,0,1,Hardware: Independent Flip,0,27.099860,6.8844,6.8844,0.4210
DemoGame.exe,7412,0x1F2A3B4C,DXGI,0,0,1,Hardware: Independent Flip,0,27.106727,6.8671,6.8671,0.4210
DemoGame.exe,7412,0x1F2A3B4C,DXGI,0,0,1,Hardware: Independent Flip,0,27.113906,7.1782,7.1782,0.4210
DemoGame.exe,7412,0x1F2A3B4C,DXGI,0,0,1,Hardware: Independent Flip,0,27.120604,6.6984,6.6984,0.4210
DemoGame.exe,7412,0x1F2A3B4C,DXGI,0,0,1,Hardware: Independent Flip,0,27.127519,6.9152,6.9152,0.4210
DemoGame.exe,7412,0x1F2A3B4C,DXGI,0,0,1,Hardware: Independent Flip,0,27.134584,7.0644,7.0644,0.4210
DemoGame.exe,7412,0x1F2A3B4C,DXGI,0,0,1,Hardware: Independent Flip,0,27.141304,6.7204,6.7204,0.4210
DemoGame.exe,7412,0x1F2A3B4C,DXGI,0,0,1,Hardware: Independent Flip,0,27.148370,7.0655,7.0655,0.4210
DemoGame.exe,7412,0x1F2A3B4C,DXGI,0,0,1,Hardware: Independent Flip,0,27.155023,6.6531,6.6531,0.4210
DemoGame.exe,7412,0x1F2A3B4C,DXGI,0,0,1,Hardware: Independent Flip,0,27.161719,6.6959,6.6959,0.4210
DemoGame.exe,7412,0x1F2A3B4C,DXGI,0,0,1,Hardware: Independent Flip,0,27.168594,6.8750,6.8750,0.4210
DemoGame.exe,7412,0x1F2A3B4C,DXGI,0,0,1,Hardware: Independent Flip,0,27.175354,6.7605,6.7605,0.4210
DemoGame.exe,7412,0x1F2A3B4C,DXGI,0,0,1,Hardware: Independent Flip,0,27.182127,6.7734,6.7734,0.4210
DemoGame.exe,7412,0x1F2A3B4C,DXGI,0,0,1,Hardware: Independent Flip,0,27.188832,6.7046,6.7046,0.4210
DemoGame.exe,7412,0x1F2A3B4C,DXGI,0,0,1,Hardware: Independent Flip,0,27.195858,7.0262,7.0262,0.4210
DemoGame.exe,7412,0x1F2A3B4C,DXGI,0,0,1,Hardware: Independent Flip,0,27.203046,7.1876,7.1876,0.4210
DemoGame.exe,7412,0x1F2A3B4C,DXGI,0,0,1,Hardware: Independent Flip,0,27.209734,6.6883,6.6883,0.4210
DemoGame.exe,7412,0x1F2A3B4C,DXGI,0,0,1,Hardware: Independent Flip,0,27.216817,7.0829,7.0829,0.4210
DemoGame.exe,7412,0x1F2A3B4C,DXGI,0,0,1,Hardware: Independent Flip,0,27.223631,6.8138,6.8138,0.4210
DemoGame.exe,7412,0x1F2A3B4C,DXGI,0,0,1,Hardware: Independent Flip,0,27.230810,7.1792,7.1792,0.4210
DemoGame.exe,7412,0x1F2A3B4C,DXGI,0,0,1,Hardware: Independent Flip,0,27.237783,6.9732,6.9732,0.4210
DemoGame.exe,7412,0x1F2A3B4C,DXGI,0,0,1,Hardware: Independent Flip,0,27.244885,7.1014,7.1014,0.4210
DemoGame.exe,7412,0x1F2A3B4C,DXGI,0,0,1,Hardware: Independent Flip,0,27.252120,7.2356,7.2356,0.4210
DemoGame.exe,7412,0x1F2A3B4C,DXGI,0,0,1,Hardware: Independent Flip,0,27.259336,7.2153,7.2153,0.4210
DemoGame.exe,7412,0x1F2A3B4C,DXGI,0,0,1,Hardware: Independent Flip,0,27.266382,7.0460,7.0460,0.4210
DemoGame.exe,7412,0x1F2A3B4C,DXGI,0,0,1,Hardware: Independent Flip,0,27.273598,7.2162,7.2162,0.4210
DemoGame.exe,7412,0x1F2A3B4C,DXGI,0,0,1,Hardware: Independent Flip,0,27.280621,7.0236,7.0236,0.4210
DemoGame.exe,7412,0x1F2A3B4C,DXGI,0,0,1,Hardware: Independent Flip,0,27.287557,6.9356,6.9356,0.4210
DemoGame.exe,7412,0x1F2A3B4C,DXGI,0,0,1,Hardware: Independent Flip,0,27.294209,6.6522,6.6522,0.4210
DemoGame.exe,7412,0x1F2A3B4C,DXGI,0,0,1,Hardware: Independent Flip,0,27.301076,6.8669,6.8669,0.4210
DemoGame.exe,7412,0x1F2A3B4C,DXGI,0,0,1,Hardware: Independent Flip,0,27.307863,6.7873,6.7873,0.4210
DemoGame.exe,7412,0x1F2A3B4C,DXGI,0,0,1,Hardware: Independent Flip,0,27.314583,6.7196,6.7196,0.4210
DemoGame.exe,7412,0x1F2A3B4C,DXGI,0,0,1,Hardware: Independent Flip,0,27.321663,7.0800,7.0800,0.4210
DemoGame.exe,7412,0x1F2A3B4C,DXGI,0,0,1,Hardware: Independent Flip,0,27.328702,7.0390,7.0390,0.4210
DemoGame.exe,7412,0x1F2A3B4C,DXGI,0,0,1,Hardware: Independent Flip,0,27.335613,6.9113,6.9113,0.4210
DemoGame.exe,7412,0x1F2A3B4C,DXGI,0,0,1,Hardware: Independent Flip,0,27.342435,6.8216,6.8216,0.4210
DemoGame.exe,7412,0x1F2A3B4C,DXGI,0,0,1,Hardware: Independent Flip,0,27.349502,7.0674,7.0674,0.4210
DemoGame.exe,7412,0x1F2A3B4C,DXGI,0,0,1,Hardware: Independent Flip,0,27.356726,7.2238,7.2238,0.4210
DemoGame.exe,7412,0x1F2A3B4C,DXGI,0,0,1,Hardware: Independent Flip,0,27.363657,6.9311,6.9311,0.4210
DemoGame.exe,7412,0x1F2A3B4C,DXGI,0,0,1,Hardware: Independent Flip,0,27.370725,7.0682,7.0682,0.4210
DemoGame.exe,7412,0x1F2A3B4C,DXGI,0,0,1,Hardware: Independent Flip,0,27.377533,6.8080,6.8080,0.4210
DemoGame.exe,7412,0x1F2A3B4C,DXGI,0,0,1,Hardware: Independent Flip,0,27.384586,7.0525,7.0525,0.4210
DemoGame.exe,7412,0x1F2A3B4C,DXGI,0,0,1,Hardware: Independent Flip,0,27.391313,6.7272,6.7272,0.4210
DemoGame.exe,7412,0x1F2A3B4C,DXGI,0,0,1,Hardware: Independent Flip,0,27.398316,7.0032,7.0032,0.4210
DemoGame.exe,7412,0x1F2A3B4C,DXGI,0,0,1,Hardware: Independent Flip,0,27.405467,7.1507,7.1507,0.4210
DemoGame.exe,7412,0x1F2A3B4C,DXGI,0,0,1,Hardware: Independent Flip,0,27.412570,7.1028,7.1028,0.4210
DemoGame.exe,7412,0x1F2A3B4C,DXGI,0,0,1,Hardware: Independent Flip,0,27.419507,6.9373,6.9373,0.4210
DemoGame.exe,7412,0x1F2A3B4C,DXGI,0,0,1,Hardware: Independent Flip,0,27.426328,6.8204,6.8204,0.4210
DemoGame.exe,7412,0x1F2A3B4C,DXGI,0,0,1,Hardware: Independent Flip,0,27.433134,6.8062,6.8062,0.4210
DemoGame.exe,7412,0x1F2A3B4C,DXGI,0,0,1,Hardware: Independent Flip,0,27.439863,6.7287,6.7287,0.4210
DemoGame.exe,7412,0x1F2A3B4C,DXGI,0,0,1,Hardware: Independent Flip,0,27.446637,6.7749,6.7749,0.4210
DemoGame.exe,7412,0x1F2A3B4C,DXGI,0,0,1,Hardware: Independent Flip,0,27.453781,7.1438,7.1438,0.4210
DemoGame.exe,7412,0x1F2A3B4C,DXGI,0,0,1,Hardware: Independent Flip,0,27.460781,6.9997,6.9997,0.4210
DemoGame.exe,7412,0x1F2A3B4C,DXGI,0,0,1,Hardware: Independent Flip,0,27.467517,6.7358,6.7358,0.4210
DemoGame.exe,7412,0x1F2A3B4C,DXGI,0,0,1,Hardware: Independent Flip,0,27.474385,6.8682,6.8682,0.4210
DemoGame.exe,7412,0x1F2A3B4C,DXGI,0,0,1,Hardware: Independent Flip,0,27.481412,7.0270,7.0270,0.4210
DemoGame.exe,7412,0x1F2A3B4C,DXGI,0,0,1,Hardware: Independent Flip,0,27.488287,6.8755,6.8755,0.4210
DemoGame.exe,7412,0x1F2A3B4C,DXGI,0,0,1,Hardware: Independent Flip,0,27.495494,7.2070,7.2070,0.4210
DemoGame.exe,7412,0x1F2A3B4C,DXGI,0,0,1,Hardware: Independent Flip,0,27.502391,6.8964,6.8964,0.4210
DemoGame.exe,7412,0x1F2A3B4C,DXGI,0,0,1,Hardware: Independent Flip,0,27.509334,6.9430,6.9430,0.4210
DemoGame.exe,7412,0x1F2A3B4C,DXGI,0,0,1,Hardware: Independent Flip,0,27.516019,6.6848,6.6848,0.4210
DemoGame.exe,7412,0x1F2A3B4C,DXGI,0,0,1,Hardware: Independent Flip,0,27.523047,7.0288,7.0288,0.4210
DemoGame.exe,7412,0x1F2A3B4C,DXGI,0,0,1,Hardware: Independent Flip,0,27.530105,7.0573,7.0573,0.4210
DemoGame.exe,7412,0x1F2A3B4C,DXGI,0,0,1,Hardware: Independent Flip,0,27.537135,7.0302,7.0302,0.4210
DemoGame.exe,7412,0x1F2A3B4C,DXGI,0,0,1,Hardware: Independent Flip,0,27.544288,7.1526,7.1526,0.4210
DemoGame.exe,7412,0x1F2A3B4C,DXGI,0,0,1,Hardware: Independent Flip,0,27.551087,6.7994,6.7994,0.4210
DemoGame.exe,7412,0x1F2A3B4C,DXGI,0,0,1,Hardware: Independent Flip,0,27.558011,6.9245,6.9245,0.4210
DemoGame.exe,7412,0x1F2A3B4C,DXGI,0,0,1,Hardware: Independent Flip,0,27.564990,6.9784,6.9784,0.4210
DemoGame.exe,7412,0x1F2A3B4C,DXGI,0,0,1,Hardware: Independent Flip,0,27.572027,7.0373,7.0373,0.4210
DemoGame.exe,7412,0x1F2A3B4C,DXGI,0,0,1,Hardware: Independent Flip,0,27.578876,6.8485,6.8485,0.4210
DemoGame.exe,7412,0x1F2A3B4C,DXGI,0,0,1,Hardware: Independent Flip,0,27.585640,6.7642,6.7642,0.4210
DemoGame.exe,7412,0x1F2A3B4C,DXGI,0,0,1,Hardware: Independent Flip,0,27.592348,6.7085,6.7085,0.4210
DemoGame.exe,7412,0x1F2A3B4C,DXGI,0,0,1,Hardware: Independent Flip,0,27.599144,6.7958,6.7958,0.4210
DemoGame.exe,7412,0x1F2A3B4C,DXGI,0,0,1,Hardware: Independent Flip,0,27.606134,6.9896,6.9896,0.4210
DemoGame.exe,7412,0x1F2A3B4C,DXGI,0,0,1,Hardware: Independent Flip,0,27.613149,7.0152,7.0152,0.4210
DemoGame.exe,7412,0x1F2A3B4C,DXGI,0,0,1,Hardware: Independent Flip,0,27.620314,7.1646,7.1646,0.4210
DemoGame.exe,7412,0x1F2A3B4C,DXGI,0,0,1,Hardware: Independent Flip,0,27.627332,7.0182,7.0182,0.4210
DemoGame.exe,7412,0x1F2A3B4C,DXGI,0,0,1,Hardware: Independent Flip,0,27.634208,6.8764,6.8764,0.4210
DemoGame.exe,7412,0x1F2A3B4C,DXGI,0,0,1,Hardware: Independent Flip,0,27.640917,6.7086,6.7086,0.4210
DemoGame.exe,7412,0x1F2A3B4C,DXGI,0,0,1,Hardware: Independent Flip,0,27.648104,7.1872,7.1872,0.4210
DemoGame.exe,7412,0x1F2A3B4C,DXGI,0,0,1,Hardware: Independent Flip,0,27.655027,6.9229,6.9229,0.4210
DemoGame.exe,7412,0x1F2A3B4C,DXGI,0,0,1,Hardware: Independent Flip,0,27.661874,6.8473,6.8473,0.4210
DemoGame.exe,7412,0x1F2A3B4C,DXGI,0,0,1,Hardware: Independent Flip,0,27.668647,6.7734,6.7734,0.4210
DemoGame.exe,7412,0x1F2A3B4C,DXGI,0,0,1,Hardware: Independent Flip,0,27.675815,7.1674,7.1674,0.4210
DemoGame.exe,7412,0x1F2A3B4C,DXGI,0,0,1,Hardware: Independent Flip,0,27.682551,6.7360,6.7360,0.4210
DemoGame.exe,7412,0x1F2A3B4C,DXGI,0,0,1,Hardware: Independent Flip,0,27.689438,6.8876,6.8876,0.4210
DemoGame.exe,7412,0x1F2A3B4C,DXGI,0,0,1,Hardware: Independent Flip,0,27.696402,6.9639,6.9639,0.4210
DemoGame.exe,7412,0x1F2A3B4C,DXGI,0,0,1,Hardware: Independent Flip,0,27.703390,6.9881,6.9881,0.4210
DemoGame.exe,7412,0x1F2A3B4C,DXGI,0,0,1,Hardware: Independent Flip,0,27.710205,6.8148,6.8148,0.4210
DemoGame.exe,7412,0x1F2A3B4C,DXGI,0,0,1,Hardware: Independent Flip,0,27.717334,7.1283,7.1283,0.4210
DemoGame.exe,7412,0x1F2A3B4C,DXGI,0,0,1,Hardware: Independent Flip,0,27.724524,7.1902,7.1902,0.4210
DemoGame.exe,7412,0x1F2A3B4C,DXGI,0,0,1,Hardware: Independent Flip,0,27.731628,7.1045,7.1045,0.4210
DemoGame.exe,7412,0x1F2A3B4C,DXGI,0,0,1,Hardware: Independent Flip,0,27.738600,6.9714,6.9714,0.4210
DemoGame.exe,7412,0x1F2A3B4C,DXGI,0,0,1,Hardware: Independent Flip,0,27.745832,7.2321,7.2321,0.4210
DemoGame.exe,7412,0x1F2A3B4C,DXGI,0,0,1,Hardware: Independent Flip,0,27.752859,7.0274,7.0274,0.4210
DemoGame.exe,7412,0x1F2A3B4C,DXGI,0,0,1,Hardware: Independent Flip,0,27.759882,7.0233,7.0233,0.4210
DemoGame.exe,7412,0x1F2A3B4C,DXGI,0,0,1,Hardware: Independent Flip,0,27.767122,7.2392,7.2392,0.4210
DemoGame.exe,7412,0x1F2A3B4C,DXGI,0,0,1,Hardware: Independent Flip,0,27.774063,6.9410,6.9410,0.4210
DemoGame.exe,7412,0x1F2A3B4C,DXGI,0,0,1,Hardware: Independent Flip,0,27.781157,7.0946,7.0946,0.4210
DemoGame.exe,7412,0x1F2A3B4C,DXGI,0,0,1,Hardware: Independent Flip,0,27.788153,6.9954,6.9954,0.4210
DemoGame.exe,7412,0x1F2A3B4C,DXGI,0,0,1,Hardware: Independent Flip,0,27.794975,6.8223,6.8223,0.4210
DemoGame.exe,7412,0x1F2A3B4C,DXGI,0,0,1,Hardware: Independent Flip,0,27.802178,7.2029,7.2029,0.4210
DemoGame.exe,7412,0x1F2A3B4C,DXGI,0,0,1,Hardware: Independent Flip,0,27.809205,7.0271,7.0271,0.4210
DemoGame.exe,7412,0x1F2A3B4C,DXGI,0,0,1,Hardware: Independent Flip,0,27.816406,7.2016,7.2016,0.4210
DemoGame.exe,7412,0x1F2A3B4C,DXGI,0,0,1,Hardware: Independent Flip,0,27.823615,7.2085,7.2085,0.4210
DemoGame.exe,7412,0x1F2A3B4C,DXGI,0,0,1,Hardware: Independent Flip,0,27.830325,6.7104,6.7104,0.4210
DemoGame.exe,7412,0x1F2A3B4C,DXGI,0,0,1,Hardware: Independent Flip,0,27.837317,6.9920,6.9920,0.4210
DemoGame.exe,7412,0x1F2A3B4C,DXGI,0,0,1,Hardware: Independent Flip,0,27.843971,6.6541,6.6541,0.4210
DemoGame.exe,7412,0x1F2A3B4C,DXGI,0,0,1,Hardware: Independent Flip,0,27.850936,6.9647,6.9647,0.4210
DemoGame.exe,7412,0x1F2A3B4C,DXGI,0,0,1,Hardware: Independent Flip,0,27.857884,6.9476,6.9476,0.4210
DemoGame.exe,7412,0x1F2A3B4C,DXGI,0,0,1,Hardware: Independent Flip,0,27.864537,6.6528,6.6528,0.4210
DemoGame.exe,7412,0x1F2A3B4C,DXGI,0,0,1,Hardware: Independent Flip,0,27.871780,7.2431,7.2431,0.4210
DemoGame.exe,7412,0x1F2A3B4C,DXGI,0,0,1,Hardware: Independent Flip,0,27.878922,7.1424,7.1424,0.4210
DemoGame.exe,7412,0x1F2A3B4C,DXGI,0,0,1,Hardware: Independent Flip,0,27.885875,6.9532,6.9532,0.4210
DemoGame.exe,7412,0x1F2A3B4C,DXGI,0,0,1,Hardware: Independent Flip,0,27.892539,6.6641,6.6641,0.4210
DemoGame.exe,7412,0x1F2A3B4C,DXGI,0,0,1,Hardware: Independent Flip,0,27.899621,7.0816,7.0816,0.4210
DemoGame.exe,7412,0x1F2A3B4C,DXGI,0,0,1,Hardware: Independent Flip,0,27.906520,6.8994,6.8994,0.4210
DemoGame.exe,7412,0x1F2A3B4C,DXGI,0,0,1,Hardware: Independent Flip,0,27.913654,7.1339,7.1339,0.4210
DemoGame.exe,7412,0x1F2A3B4C,DXGI,0,0,1,Hardware: Independent Flip,0,27.920592,6.9382,6.9382,0.4210
DemoGame.exe,7412,0x1F2A3B4C,DXGI,0,0,1,Hardware: Independent Flip,0,27.927501,6.9091,6.9091,0.4210
DemoGame.exe,7412,0x1F2A3B4C,DXGI,0,0,1,Hardware: Independent Flip,0,27.934581,7.0795,7.0795,0.4210
DemoGame.exe,7412,0x1F2A3B4C,DXGI,0,0,1,Hardware: Independent Flip,0,27.941761,7.1804,7.1804,0.4210
DemoGame.exe,7412,0x1F2A3B4C,DXGI,0,0,1,Hardware: Independent Flip,0,27.948569,6.8076,6.8076,0.4210
DemoGame.exe,7412,0x1F2A3B4C,DXGI,0,0,1,Hardware: Independent Flip,0,27.955722,7.1530,7.1530,0.4210
DemoGame.exe,7412,0x1F2A3B4C,DXGI,0,0,1,Hardware: Independent Flip,0,27.962624,6.9024,6.9024,0.4210
DemoGame.exe,7412,0x1F2A3B4C,DXGI,0,0,1,Hardware: Independent Flip,0,27.969528,6.9037,6.9037,0.4210
DemoGame.exe,7412,0x1F2A3B4C,DXGI,0,0,1,Hardware: Independent Flip,0,27.976509,6.9812,6.9812,0.4210
DemoGame.exe,7412,0x1F2A3B4C,DXGI,0,0,1,Hardware: Independent Flip,0,27.983317,6.8077,6.8077,0.4210
DemoGame.exe,7412,0x1F2A3B4C,DXGI,0,0,1,Hardware: Independent Flip,0,27.990523,7.2062,7.2062,0.4210
DemoGame.exe,7412,0x1F2A3B4C,DXGI,0,0,1,Hardware: Independent Flip,0,27.997759,7.2359,7.2359,0.4210
DemoGame.exe,7412,0x1F2A3B4C,DXGI,0,0,1,Hardware: Independent Flip,0,28.004928,7.1694,7.1694,0.4210
DemoGame.exe,7412,0x1F2A3B4C,DXGI,0,0,1,Hardware: Independent Flip,0,28.011649,6.7212,6.7212,0.4210
DemoGame.exe,7412,0x1F2A3B4C,DXGI,0,0,1,Hardware: Independent Flip,0,28.018675,7.0258,7.0258,0.4210
DemoGame.exe,7412,0x1F2A3B4C,DXGI,0,0,1,Hardware: Independent Flip,0,28.025632,6.9572,6.9572,0.4210
DemoGame.exe,7412,0x1F2A3B4C,DXGI,0,0,1,Hardware: Independent Flip,0,28.032641,7.0089,7.0089,0.4210
DemoGame.exe,7412,0x1F2A3B4C,DXGI,0,0,1,Hardware: Independent Flip,0,28.039605,6.9640,6.9640,0.4210
DemoGame.exe,7412,0x1F2A3B4C,DXGI,0,0,1,Hardware: Independent Flip,0,28.046669,7.0642,7.0642,0.4210
DemoGame.exe,7412,0x1F2A3B4C,DXGI,0,0,1,Hardware: Independent Flip,0,28.053485,6.8158,6.8158,0.4210
DemoGame.exe,7412,0x1F2A3B4C,DXGI,0,0,1,Hardware: Independent Flip,0,28.060688,7.2029,7.2029,0.4210
DemoGame.exe,7412,0x1F2A3B4C,DXGI,0,0,1,Hardware: Independent Flip,0,28.067358,6.6696,6.6696,0.4210
DemoGame.exe,7412,0x1F2A3B4C,DXGI,0,0,1,Hardware: Independent Flip,0,28.074497,7.1396,7.1396,0.4210
DemoGame.exe,7412,0x1F2A3B4C,DXGI,0,0,1,Hardware: Independent Flip,0,28.081451,6.9538,6.9538,0.4210
DemoGame.exe,7412,0x1F2A3B4C,DXGI,0,0,1,Hardware: Independent Flip,0,28.088119,6.6675,6.6675,0.4210
DemoGame.exe,7412,0x1F2A3B4C,DXGI,0,0,1,Hardware: Independent Flip,0,28.095230,7.1113,7.1113,0.4210
DemoGame.exe,7412,0x1F2A3B4C,DXGI,0,0,1,Hardware: Independent Flip,0,28.102349,7.1195,7.1195,0.4210
DemoGame.exe,7412,0x1F2A3B4C,DXGI,0,0,1,Hardware: Independent Flip,0,28.109540,7.1911,7.1911,0.4210
DemoGame.exe,7412,0x1F2A3B4C,DXGI,0,0,1,Hardware: Independent Flip,0,28.116746,7.2061,7.2061,0.4210
DemoGame.exe,7412,0x1F2A3B4C,DXGI,0,0,1,Hardware: Independent Flip,0,28.123409,6.6621,6.6621,0.4210
DemoGame.exe,7412,0x1F2A3B4C,DXGI,0,0,1,Hardware: Independent Flip,0,28.130621,7.2121,7.2121,0.4210
DemoGame.exe,7412,0x1F2A3B4C,DXGI,0,0,1,Hardware: Independent Flip,0,28.137811,7.1899,7.1899,0.4210
DemoGame.exe,7412,0x1F2A3B4C,DXGI,0,0,1,Hardware: Independent Flip,0,28.144578,6.7679,6.7679,0.4210
DemoGame.exe,7412,0x1F2A3B4C,DXGI,0,0,1,Hardware: Independent Flip,0,28.151328,6.7494,6.7494,0.4210
DemoGame.exe,7412,0x1F2A3B4C,DXGI,0,0,1,Hardware: Independent Flip,0,28.157975,6.6467,6.6467,0.4210
DemoGame.exe,7412,0x1F2A3B4C,DXGI,0,0,1,Hardware: Independent Flip,0,28.164804,6.8295,6.8295,0.4210
DemoGame.exe,7412,0x1F2A3B4C,DXGI,0,0,1,Hardware: Independent Flip,0,28.171964,7.1599,7.1599,0.4210
DemoGame.exe,7412,0x1F2A3B4C,DXGI,0,0,1,Hardware: Independent Flip,0,28.178850,6.8859,6.8859,0.4210
DemoGame.exe,7412,0x1F2A3B4C,DXGI,0,0,1,Hardware: Independent Flip,0,28.185889,7.0393,7.0393,0.4210
DemoGame.exe,7412,0x1F2A3B4C,DXGI,0,0,1,Hardware: Independent Flip,0,28.193007,7.1181,7.1181,0.4210
DemoGame.exe,7412,0x1F2A3B4C,DXGI,0,0,1,Hardware: Independent Flip,0,28.199951,6.9433,6.9433,0.4210
DemoGame.exe,7412,0x1F2A3B4C,DXGI,0,0,1,Hardware: Independent Flip,0,28.206899,6.9489,6.9489,0.4210
DemoGame.exe,7412,0x1F2A3B4C,DXGI,0,0,1,Hardware: Independent Flip,0,28.213873,6.9732,6.9732,0.4210
DemoGame.exe,7412,0x1F2A3B4C,DXGI,0,0,1,Hardware: Independent Flip,0,28.220701,6.8283,6.8283,0.4210
DemoGame.exe,7412,0x1F2A3B4C,DXGI,0,0,1,Hardware: Independent Flip,0,28.227393,6.6920,6.6920,0.4210
DemoGame.exe,7412,0x1F2A3B4C,DXGI,0,0,1,Hardware: Independent Flip,0,28.234366,6.9728,6.9728,0.4210
DemoGame.exe,7412,0x1F2A3B4C,DXGI,0,0,1,Hardware: Independent Flip,0,28.241388,7.0222,7.0222,0.4210
DemoGame.exe,7412,0x1F2A3B4C,DXGI,0,0,1,Hardware: Independent Flip,0,28.248563,7.1756,7.1756,0.4210
DemoGame.exe,7412,0x1F2A3B4C,DXGI,0,0,1,Hardware: Independent Flip,0,28.255425,6.8613,6.8613,0.4210
DemoGame.exe,7412,0x1F2A3B4C,DXGI,0,0,1,Hardware: Independent Flip,0,28.262254,6.8292,6.8292,0.4210
DemoGame.exe,7412,0x1F2A3B4C,DXGI,0,0,1,Hardware: Independent Flip,0,28.269442,7.1883,7.1883,0.4210
DemoGame.exe,7412,0x1F2A3B4C,DXGI,0,0,1,Hardware: Independent Flip,0,28.276386,6.9441,6.9441,0.4210
DemoGame.exe,7412,0x1F2A3B4C,DXGI,0,0,1,Hardware: Independent Flip,0,28.283048,6.6614,6.6614,0.4210
DemoGame.exe,7412,0x1F2A3B4C,DXGI,0,0,1,Hardware: Independent Flip,0,28.289775,6.7276,6.7276,0.4210
DemoGame.exe,7412,0x1F2A3B4C,DXGI,0,0,1,Hardware: Independent Flip,0,28.296950,7.1750,7.1750,0.4210
DemoGame.exe,7412,0x1F2A3B4C,DXGI,0,0,1,Hardware: Independent Flip,0,28.303863,6.9126,6.9126,0.4210
DemoGame.exe,7412,0x1F2A3B4C,DXGI,0,0,1,Hardware: Independent Flip,0,28.310876,7.0135,7.0135,0.4210
DemoGame.exe,7412,0x1F2A3B4C,DXGI,0,0,1,Hardware: Independent Flip,0,28.317646,6.7697,6.7697,0.4210
DemoGame.exe,7412,0x1F2A3B4C,DXGI,0,0,1,Hardware: Independent Flip,0,28.324803,7.1569,7.1569,0.4210
DemoGame.exe,7412,0x1F2A3B4C,DXGI,0,0,1,Hardware: Independent Flip,0,28.331743,6.9403,6.9403,0.4210
DemoGame.exe,7412,0x1F2A3B4C,DXGI,0,0,1,Hardware: Independent Flip,0,28.338421,6.6775,6.6775,0.4210
DemoGame.exe,7412,0x1F2A3B4C,DXGI,0,0,1,Hardware: Independent Flip,0,28.345376,6.9553,6.9553,0.4210
DemoGame.exe,7412,0x1F2A3B4C,DXGI,0,0,1,Hardware: Independent Flip,0,28.352318,6.9416,6.9416,0.4210
DemoGame.exe,7412,0x1F2A3B4C,DXGI,0,0,1,Hardware: Independent Flip,0,28.359281,6.9630,6.9630,0.4210
DemoGame.exe,7412,0x1F2A3B4C,DXGI,0,0,1,Hardware: Independent Flip,0,28.366120,6.8396,6.8396,0.4210
DemoGame.exe,7412,0x1F2A3B4C,DXGI,0,0,1,Hardware: Independent Flip,0,28.372781,6.6603,6.6603,0.4210
DemoGame.exe,7412,0x1F2A3B4C,DXGI,0,0,1,Hardware: Independent Flip,0,28.379893,7.1120,7.1120,0.4210
DemoGame.exe,7412,0x1F2A3B4C,DXGI,0,0,1,Hardware: Independent Flip,0,28.386957,7.0640,7.0640,0.4210
DemoGame.exe,7412,0x1F2A3B4C,DXGI,0,0,1,Hardware: Independent Flip,0,28.393675,6.7185,6.7185,0.4210
DemoGame.exe,7412,0x1F2A3B4C,DXGI,0,0,1,Hardware: Independent Flip,0,28.400515,6.8402,6.8402,0.4210
DemoGame.exe,7412,0x1F2A3B4C,DXGI,0,0,1,Hardware: Independent Flip,0,28.407557,7.0413,7.0413,0.4210
DemoGame.exe,7412,0x1F2A3B4C,DXGI,0,0,1,Hardware: Independent Flip,0,28.414324,6.7670,6.7670,0.4210
DemoGame.exe,7412,0x1F2A3B4C,DXGI,0,0,1,Hardware: Independent Flip,0,28.421492,7.1686,7.1686,0.4210
DemoGame.exe,7412,0x1F2A3B4C,DXGI,0,0,1,Hardware: Independent Flip,0,28.428682,7.1901,7.1901,0.4210
DemoGame.exe,7412,0x1F2A3B4C,DXGI,0,0,1,Hardware: Independent Flip,0,28.435799,7.1165,7.1165,0.4210
DemoGame.exe,7412,0x1F2A3B4C,DXGI,0,0,1,Hardware: Independent Flip,0,28.442697,6.8980,6.8980,0.4210
DemoGame.exe,7412,0x1F2A3B4C,DXGI,0,0,1,Hardware: Independent Flip,0,28.449637,6.9404,6.9404,0.4210
DemoGame.exe,7412,0x1F2A3B4C,DXGI,0,0,1,Hardware: Independent Flip,0,28.456593,6.9553,6.9553,0.4210
DemoGame.exe,7412,0x1F2A3B4C,DXGI,0,0,1,Hardware: Independent Flip,0,28.463498,6.9058,6.9058,0.4210
DemoGame.exe,7412,0x1F2A3B4C,DXGI,0,0,1,Hardware: Independent Flip,0,28.470437,6.9387,6.9387,0.4210
DemoGame.exe,7412,0x1F2A3B4C,DXGI,0,0,1,Hardware: Independent Flip,0,28.477170,6.7331,6.7331,0.4210
DemoGame.exe,7412,0x1F2A3B4C,DXGI,0,0,1,Hardware: Independent Flip,0,28.484358,7.1879,7.1879,0.4210
DemoGame.exe,7412,0x1F2A3B4C,DXGI,0,0,1,Hardware: Independent Flip,0,28.491332,6.9738,6.9738,0.4210
DemoGame.exe,7412,0x1F2A3B4C,DXGI,0,0,1,Hardware: Independent Flip,0,28.508074,16.7425,16.7425,0.4210
DemoGame.exe,7412,0x1F2A3B4C,DXGI,0,0,1,Hardware: Independent Flip,0,28.514792,6.7178,6.7178,0.4210
DemoGame.exe,7412,0x1F2A3B4C,DXGI,0,0,1,Hardware: Independent Flip,0,28.521704,6.9120,6.9120,0.4210
DemoGame.exe,7412,0x1F2A3B4C,DXGI,0,0,1,Hardware: Independent Flip,0,28.528877,7.1725,7.1725,0.4210
DemoGame.exe,7412,0x1F2A3B4C,DXGI,0,0,1,Hardware: Independent Flip,0,28.535561,6.6843,6.6843,0.4210
DemoGame.exe,7412,0x1F2A3B4C,DXGI,0,0,1,Hardware: Independent Flip,0,28.542379,6.8184,6.8184,0.4210
DemoGame.exe,7412,0x1F2A3B4C,DXGI,0,0,1,Hardware: Independent Flip,0,28.549358,6.9781,6.9781,0.4210
DemoGame.exe,7412,0x1F2A3B4C,DXGI,0,0,1,Hardware: Independent Flip,0,28.556418,7.0601,7.0601,0.4210
DemoGame.exe,7412,0x1F2A3B4C,DXGI,0,0,1,Hardware: Independent Flip,0,28.563452,7.0342,7.0342,0.4210
DemoGame.exe,7412,0x1F2A3B4C,DXGI,0,0,1,Hardware: Independent Flip,0,28.570425,6.9730,6.9730,0.4210
DemoGame.exe,7412,0x1F2A3B4C,DXGI,0,0,1,Hardware: Independent Flip,0,28.577168,6.7430,6.7430,0.4210
DemoGame.exe,7412,0x1F2A3B4C,DXGI,0,0,1,Hardware: Independent Flip,0,28.584252,7.0846,7.0846,0.4210
DemoGame.exe,7412,0x1F2A3B4C,DXGI,0,0,1,Hardware: Independent Flip,0,28.591484,7.2320,7.2320,0.4210
DemoGame.exe,7412,0x1F2A3B4C,DXGI,0,0,1,Hardware: Independent Flip,0,28.598136,6.6513,6.6513,0.4210
DemoGame.exe,7412,0x1F2A3B4C,DXGI,0,0,1,Hardware: Independent Flip,0,28.604790,6.6542,6.6542,0.4210
DemoGame.exe,7412,0x1F2A3B4C,DXGI,0,0,1,Hardware: Independent Flip,0,28.612022,7.2327,7.2327,0.4210
DemoGame.exe,7412,0x1F2A3B4C,DXGI,0,0,1,Hardware: Independent Flip,0,28.618698,6.6757,6.6757,0.4210
DemoGame.exe,7412,0x1F2A3B4C,DXGI,0,0,1,Hardware: Independent Flip,0,28.625803,7.1048,7.1048,0.4210
DemoGame.exe,7412,0x1F2A3B4C,DXGI,0,0,1,Hardware: Independent Flip,0,28.633005,7.2022,7.2022,0.4210
DemoGame.exe,7412,0x1F2A3B4C,DXGI,0,0,1,Hardware: Independent Flip,0,28.640106,7.1011,7.1011,0.4210
DemoGame.exe,7412,0x1F2A3B4C,DXGI,0,0,1,Hardware: Independent Flip,0,28.646771,6.6650,6.6650,0.4210
DemoGame.exe,7412,0x1F2A3B4C,DXGI,0,0,1,Hardware: Independent Flip,0,28.653803,7.0319,7.0319,0.4210
DemoGame.exe,7412,0x1F2A3B4C,DXGI,0,0,1,Hardware: Independent Flip,0,28.660869,7.0654,7.0654,0.4210
DemoGame.exe,7412,0x1F2A3B4C,DXGI,0,0,1,Hardware: Independent Flip,0,28.667888,7.0194,7.0194,0.4210
DemoGame.exe,7412,0x1F2A3B4C,DXGI,0,0,1,Hardware: Independent Flip,0,28.674603,6.7152,6.7152,0.4210
DemoGame.exe,7412,0x1F2A3B4C,DXGI,0,0,1,Hardware: Independent Flip,0,28.681458,6.8551,6.8551,0.4210
DemoGame.exe,7412,0x1F2A3B4C,DXGI,0,0,1,Hardware: Independent Flip,0,28.688379,6.9209,6.9209,0.4210
DemoGame.exe,7412,0x1F2A3B4C,DXGI,0,0,1,Hardware: Independent Flip,0,28.695595,7.2162,7.2162,0.4210
DemoGame.exe,7412,0x1F2A3B4C,DXGI,0,0,1,Hardware: Independent Flip,0,28.702298,6.7022,6.7022,0.4210
DemoGame.exe,7412,0x1F2A3B4C,DXGI,0,0,1,Hardware: Independent Flip,0,28.709405,7.1079,7.1079,0.4210
DemoGame.exe,7412,0x1F2A3B4C,DXGI,0,0,1,Hardware: Independent Flip,0,28.716268,6.8622,6.8622,0.4210
DemoGame.exe,7412,0x1F2A3B4C,DXGI,0,0,1,Hardware: Independent Flip,0,28.723119,6.8512,6.8512,0.4210
DemoGame.exe,7412,0x1F2A3B4C,DXGI,0,0,1,Hardware: Independent Flip,0,28.729853,6.7336,6.7336,0.4210
DemoGame.exe,7412,0x1F2A3B4C,DXGI,0,0,1,Hardware: Independent Flip,0,28.737078,7.2254,7.2254,0.4210
DemoGame.exe,7412,0x1F2A3B4C,DXGI,0,0,1,Hardware: Independent Flip,0,28.744243,7.1647,7.1647,0.4210
DemoGame.exe,7412,0x1F2A3B4C,DXGI,0,0,1,Hardware: Independent Flip,0,28.751132,6.8893,6.8893,0.4210
DemoGame.exe,7412,0x1F2A3B4C,DXGI,0,0,1,Hardware: Independent Flip,0,28.758304,7.1717,7.1717,0.4210
DemoGame.exe,7412,0x1F2A3B4C,DXGI,0,0,1,Hardware: Independent Flip,0,28.765035,6.7318,6.7318,0.4210
DemoGame.exe,7412,0x1F2A3B4C,DXGI,0,0,1,Hardware: Independent Flip,0,28.772107,7.0716,7.0716,0.4210
DemoGame.exe,7412,0x1F2A3B4C,DXGI,0,0,1,Hardware: Independent Flip,0,28.778997,6.8896,6.8896,0.4210
DemoGame.exe,7412,0x1F2A3B4C,DXGI,0,0,1,Hardware: Independent Flip,0,28.785981,6.9844,6.9844,0.4210
DemoGame.exe,7412,0x1F2A3B4C,DXGI,0,0,1,Hardware: Independent Flip,0,28.793005,7.0242,7.0242,0.4210
DemoGame.exe,7412,0x1F2A3B4C,DXGI,0,0,1,Hardware: Independent Flip,0,28.799656,6.6511,6.6511,0.4210
DemoGame.exe,7412,0x1F2A3B4C,DXGI,0,0,1,Hardware: Independent Flip,0,28.806694,7.0380,7.0380,0.4210
DemoGame.exe,7412,0x1F2A3B4C,DXGI,0,0,1,Hardware: Independent Flip,0,28.813764,7.0697,7.0697,0.4210
DemoGame.exe,7412,0x1F2A3B4C,DXGI,0,0,1,Hardware: Independent Flip,0,28.820514,6.7496,6.7496,0.4210
DemoGame.exe,7412,0x1F2A3B4C,DXGI,0,0,1,Hardware: Independent Flip,0,28.827642,7.1285,7.1285,0.4210
DemoGame.exe,7412,0x1F2A3B4C,DXGI,0,0,1,Hardware: Independent Flip,0,28.834533,6.8908,6.8908,0.4210
DemoGame.exe,7412,0x1F2A3B4C,DXGI,0,0,1,Hardware: Independent Flip,0,28.841463,6.9302,6.9302,0.4210
DemoGame.exe,7412,0x1F2A3B4C,DXGI,0,0,1,Hardware: Independent Flip,0,28.848430,6.9666,6.9666,0.4210
DemoGame.exe,7412,0x1F2A3B4C,DXGI,0,0,1,Hardware: Independent Flip,0,28.855304,6.8741,6.8741,0.4210
DemoGame.exe,7412,0x1F2A3B4C,DXGI,0,0,1,Hardware: Independent Flip,0,28.862382,7.0779,7.0779,0.4210
DemoGame.exe,7412,0x1F2A3B4C,DXGI,0,0,1,Hardware: Independent Flip,0,28.869157,6.7749,6.7749,0.4210
DemoGame.exe,7412,0x1F2A3B4C,DXGI,0,0,1,Hardware: Independent Flip,0,28.875887,6.7308,6.7308,0.4210
DemoGame.exe,7412,0x1F2A3B4C,DXGI,0,0,1,Hardware: Independent Flip,0,28.882840,6.9528,6.9528,0.4210
DemoGame.exe,7412,0x1F2A3B4C,DXGI,0,0,1,Hardware: Independent Flip,0,28.890073,7.2330,7.2330,0.4210
DemoGame.exe,7412,0x1F2A3B4C,DXGI,0,0,1,Hardware: Independent Flip,0,28.896970,6.8964,6.8964,0.4210
DemoGame.exe,7412,0x1F2A3B4C,DXGI,0,0,1,Hardware: Independent Flip,0,28.904106,7.1365,7.1365,0.4210
DemoGame.exe,7412,0x1F2A3B4C,DXGI,0,0,1,Hardware: Independent Flip,0,28.911207,7.1013,7.1013,0.4210
DemoGame.exe,7412,0x1F2A3B4C,DXGI,0,0,1,Hardware: Independent Flip,0,28.918281,7.0733,7.0733,0.4210
DemoGame.exe,7412,0x1F2A3B4C,DXGI,0,0,1,Hardware: Independent Flip,0,28.925422,7.1415,7.1415,0.4210
DemoGame.exe,7412,0x1F2A3B4C,DXGI,0,0,1,Hardware: Independent Flip,0,28.932428,7.0059,7.0059,0.4210
DemoGame.exe,7412,0x1F2A3B4C,DXGI,0,0,1,Hardware: Independent Flip,0,28.939430,7.0019,7.0019,0.4210
DemoGame.exe,7412,0x1F2A3B4C,DXGI,0,0,1,Hardware: Independent Flip,0,28.946600,7.1703,7.1703,0.4210
DemoGame.exe,7412,0x1F2A3B4C,DXGI,0,0,1,Hardware: Independent Flip,0,28.953355,6.7548,6.7548,0.4210
DemoGame.exe,7412,0x1F2A3B4C,DXGI,0,0,1,Hardware: Independent Flip,0,28.960491,7.1357,7.1357,0.4210
DemoGame.exe,7412,0x1F2A3B4C,DXGI,0,0,1,Hardware: Independent Flip,0,28.967486,6.9950,6.9950,0.4210
DemoGame.exe,7412,0x1F2A3B4C,DXGI,0,0,1,Hardware: Independent Flip,0,28.974136,6.6506,6.6506,0.4210
DemoGame.exe,7412,0x1F2A3B4C,DXGI,0,0,1,Hardware: Independent Flip,0,28.980867,6.7306,6.7306,0.4210
DemoGame.exe,7412,0x1F2A3B4C,DXGI,0,0,1,Hardware: Independent Flip,0,28.987876,7.0089,7.0089,0.4210
DemoGame.exe,7412,0x1F2A3B4C,DXGI,0,0,1,Hardware: Independent Flip,0,28.994581,6.7050,6.7050,0.4210
DemoGame.exe,7412,0x1F2A3B4C,DXGI,0,0,1,Hardware: Independent Flip,0,29.001769,7.1878,7.1878,0.4210
DemoGame.exe,7412,0x1F2A3B4C,DXGI,0,0,1,Hardware: Independent Flip,0,29.008446,6.6772,6.6772,0.4210
DemoGame.exe,7412,0x1F2A3B4C,DXGI,0,0,1,Hardware: Independent Flip,0,29.015402,6.9566,6.9566,0.4210
DemoGame.exe,7412,0x1F2A3B4C,DXGI,0,0,1,Hardware: Independent Flip,0,29.022163,6.7607,6.7607,0.4210
DemoGame.exe,7412,0x1F2A3B4C,DXGI,0,0,1,Hardware: Independent Flip,0,29.029048,6.8849,6.8849,0.4210
DemoGame.exe,7412,0x1F2A3B4C,DXGI,0,0,1,Hardware: Independent Flip,0,29.036073,7.0248,7.0248,0.4210
DemoGame.exe,7412,0x1F2A3B4C,DXGI,0,0,1,Hardware: Independent Flip,0,29.042744,6.6714,6.6714,0.4210
DemoGame.exe,7412,0x1F2A3B4C,DXGI,0,0,1,Hardware: Independent Flip,0,29.049938,7.1938,7.1938,0.4210
DemoGame.exe,7412,0x1F2A3B4C,DXGI,0,0,1,Hardware: Independent Flip,0,29.057148,7.2096,7.2096,0.4210
DemoGame.exe,7412,0x1F2A3B4C,DXGI,0,0,1,Hardware: Independent Flip,0,29.064118,6.9706,6.9706,0.4210
DemoGame.exe,7412,0x1F2A3B4C,DXGI,0,0,1,Hardware: Independent Flip,0,29.070792,6.6742,6.6742,0.4210
DemoGame.exe,7412,0x1F2A3B4C,DXGI,0,0,1,Hardware: Independent Flip,0,29.077722,6.9300,6.9300,0.4210
DemoGame.exe,7412,0x1F2A3B4C,DXGI,0,0,1,Hardware: Independent Flip,0,29.084702,6.9796,6.9796,0.4210
DemoGame.exe,7412,0x1F2A3B4C,DXGI,0,0,1,Hardware: Independent Flip,0,29.091580,6.8778,6.8778,0.4210
DemoGame.exe,7412,0x1F2A3B4C,DXGI,0,0,1,Hardware: Independent Flip,0,29.098608,7.0284,7.0284,0.4210
DemoGame.exe,7412,0x1F2A3B4C,DXGI,0,0,1,Hardware: Independent Flip,0,29.105328,6.7203,6.7203,0.4210
DemoGame.exe,7412,0x1F2A3B4C,DXGI,0,0,1,Hardware: Independent Flip,0,29.111975,6.6468,6.6468,0.4210
DemoGame.exe,7412,0x1F2A3B4C,DXGI,0,0,1,Hardware: Independent Flip,0,29.118892,6.9167,6.9167,0.4210
DemoGame.exe,7412,0x1F2A3B4C,DXGI,0,0,1,Hardware: Independent Flip,0,29.126067,7.1757,7.1757,0.4210
DemoGame.exe,7412,0x1F2A3B4C,DXGI,0,0,1,Hardware: Independent Flip,0,29.133304,7.2369,7.2369,0.4210
DemoGame.exe,7412,0x1F2A3B4C,DXGI,0,0,1,Hardware: Independent Flip,0,29.139983,6.6791,6.6791,0.4210
DemoGame.exe,7412,0x1F2A3B4C,DXGI,0,0,1,Hardware: Independent Flip,0,29.146858,6.8746,6.8746,0.4210
DemoGame.exe,7412,0x1F2A3B4C,DXGI,0,0,1,Hardware: Independent Flip,0,29.154100,7.2424,7.2424,0.4210
DemoGame.exe,7412,0x1F2A3B4C,DXGI,0,0,1,Hardware: Independent Flip,0,29.161092,6.9920,6.9920,0.4210
DemoGame.exe,7412,0x1F2A3B4C,DXGI,0,0,1,Hardware: Independent Flip,0,29.168315,7.2225,7.2225,0.4210
DemoGame.exe,7412,0x1F2A3B4C,DXGI,0,0,1,Hardware: Independent Flip,0,29.174981,6.6663,6.6663,0.4210
DemoGame.exe,7412,0x1F2A3B4C,DXGI,0,0,1,Hardware: Independent Flip,0,29.181706,6.7248,6.7248,0.4210
DemoGame.exe,7412,0x1F2A3B4C,DXGI,0,0,1,Hardware: Independent Flip,0,29.188633,6.9272,6.9272,0.4210
DemoGame.exe,7412,0x1F2A3B4C,DXGI,0,0,1,Hardware: Independent Flip,0,29.195811,7.1779,7.1779,0.4210
DemoGame.exe,7412,0x1F2A3B4C,DXGI,0,0,1,Hardware: Independent Flip,0,29.202810,6.9986,6.9986,0.4210
DemoGame.exe,7412,0x1F2A3B4C,DXGI,0,0,1,Hardware: Independent Flip,0,29.209932,7.1219,7.1219,0.4210
DemoGame.exe,7412,0x1F2A3B4C,DXGI,0,0,1,Hardware: Independent Flip,0,29.216736,6.8042,6.8042,0.4210
DemoGame.exe,7412,0x1F2A3B4C,DXGI,0,0,1,Hardware: Independent Flip,0,29.223901,7.1653,7.1653,0.4210
DemoGame.exe,7412,0x1F2A3B4C,DXGI,0,0,1,Hardware: Independent Flip,0,29.230807,6.9056,6.9056,0.4210
DemoGame.exe,7412,0x1F2A3B4C,DXGI,0,0,1,Hardware: Independent Flip,0,29.237737,6.9303,6.9303,0.4210
DemoGame.exe,7412,0x1F2A3B4C,DXGI,0,0,1,Hardware: Independent Flip,0,29.244782,7.0447,7.0447,0.4210
DemoGame.exe,7412,0x1F2A3B4C,DXGI,0,0,1,Hardware: Independent Flip,0,29.251844,7.0623,7.0623,0.4210
DemoGame.exe,7412,0x1F2A3B4C,DXGI,0,0,1,Hardware: Independent Flip,0,29.259058,7.2140,7.2140,0.4210
DemoGame.exe,7412,0x1F2A3B4C,DXGI,0,0,1,Hardware: Independent Flip,0,29.265770,6.7119,6.7119,0.4210
DemoGame.exe,7412,0x1F2A3B4C,DXGI,0,0,1,Hardware: Independent Flip,0,29.272622,6.8522,6.8522,0.4210
DemoGame.exe,7412,0x1F2A3B4C,DXGI,0,0,1,Hardware: Independent Flip,0,29.279491,6.8690,6.8690,0.4210
DemoGame.exe,7412,0x1F2A3B4C,DXGI,0,0,1,Hardware: Independent Flip,0,29.286678,7.1867,7.1867,0.4210
DemoGame.exe,7412,0x1F2A3B4C,DXGI,0,0,1,Hardware: Independent Flip,0,29.293814,7.1357,7.1357,0.4210
DemoGame.exe,7412,0x1F2A3B4C,DXGI,0,0,1,Hardware: Independent Flip,0,29.300560,6.7467,6.7467,0.4210
DemoGame.exe,7412,0x1F2A3B4C,DXGI,0,0,1,Hardware: Independent Flip,0,29.307672,7.1114,7.1114,0.4210
DemoGame.exe,7412,0x1F2A3B4C,DXGI,0,0,1,Hardware: Independent Flip,0,29.314392,6.7199,6.7199,0.4210
DemoGame.exe,7412,0x1F2A3B4C,DXGI,0,0,1,Hardware: Independent Flip,0,29.321058,6.6663,6.6663,0.4210
DemoGame.exe,7412,0x1F2A3B4C,DXGI,0,0,1,Hardware: Independent Flip,0,29.327994,6.9365,6.9365,0.4210
DemoGame.exe,7412,0x1F2A3B4C,DXGI,0,0,1,Hardware: Independent Flip,0,29.334965,6.9704,6.9704,0.4210
DemoGame.exe,7412,0x1F2A3B4C,DXGI,0,0,1,Hardware: Independent Flip,0,29.342024,7.0594,7.0594,0.4210
DemoGame.exe,7412,0x1F2A3B4C,DXGI,0,0,1,Hardware: Independent Flip,0,29.349016,6.9921,6.9921,0.4210
DemoGame.exe,7412,0x1F2A3B4C,DXGI,0,0,1,Hardware: Independent Flip,0,29.355994,6.9779,6.9779,0.4210
DemoGame.exe,7412,0x1F2A3B4C,DXGI,0,0,1,Hardware: Independent Flip,0,29.362793,6.7989,6.7989,0.4210
DemoGame.exe,7412,0x1F2A3B4C,DXGI,0,0,1,Hardware: Independent Flip,0,29.369809,7.0160,7.0160,0.4210
DemoGame.exe,7412,0x1F2A3B4C,DXGI,0,0,1,Hardware: Independent Flip,0,29.376479,6.6699,6.6699,0.4210
DemoGame.exe,7412,0x1F2A3B4C,DXGI,0,0,1,Hardware: Independent Flip,0,29.383436,6.9573,6.9573,0.4210
DemoGame.exe,7412,0x1F2A3B4C,DXGI,0,0,1,Hardware: Independent Flip,0,29.390115,6.6788,6.6788,0.4210
DemoGame.exe,7412,0x1F2A3B4C,DXGI,0,0,1,Hardware: Independent Flip,0,29.397324,7.2086,7.2086,0.4210
DemoGame.exe,7412,0x1F2A3B4C,DXGI,0,0,1,Hardware: Independent Flip,0,29.404106,6.7822,6.7822,0.4210
DemoGame.exe,7412,0x1F2A3B4C,DXGI,0,0,1,Hardware: Independent Flip,0,29.410969,6.8625,6.8625,0.4210
DemoGame.exe,7412,0x1F2A3B4C,DXGI,0,0,1,Hardware: Independent Flip,0,29.417913,6.9440,6.9440,0.4210
DemoGame.exe,7412,0x1F2A3B4C,DXGI,0,0,1,Hardware: Independent Flip,0,29.424901,6.9883,6.9883,0.4210
DemoGame.exe,7412,0x1F2A3B4C,DXGI,0,0,1,Hardware: Independent Flip,0,29.431561,6.6598,6.6598,0.4210
DemoGame.exe,7412,0x1F2A3B4C,DXGI,0,0,1,Hardware: Independent Flip,0,29.438416,6.8550,6.8550,0.4210
DemoGame.exe,7412,0x1F2A3B4C,DXGI,0,0,1,Hardware: Independent Flip,0,29.445508,7.0926,7.0926,0.4210
DemoGame.exe,7412,0x1F2A3B4C,DXGI,0,0,1,Hardware: Independent Flip,0,29.452622,7.1140,7.1140,0.4210
DemoGame.exe,7412,0x1F2A3B4C,DXGI,0,0,1,Hardware: Independent Flip,0,29.459631,7.0087,7.0087,0.4210
DemoGame.exe,7412,0x1F2A3B4C,DXGI,0,0,1,Hardware: Independent Flip,0,29.466349,6.7180,6.7180,0.4210
DemoGame.exe,7412,0x1F2A3B4C,DXGI,0,0,1,Hardware: Independent Flip,0,29.473540,7.1915,7.1915,0.4210
DemoGame.exe,7412,0x1F2A3B4C,DXGI,0,0,1,Hardware: Independent Flip,0,29.480768,7.2276,7.2276,0.4210
DemoGame.exe,7412,0x1F2A3B4C,DXGI,0,0,1,Hardware: Independent Flip,0,29.487670,6.9020,6.9020,0.4210
DemoGame.exe,7412,0x1F2A3B4C,DXGI,0,0,1,Hardware: Independent Flip,0,29.494347,6.6768,6.6768,0.4210
DemoGame.exe,7412,0x1F2A3B4C,DXGI,0,0,1,Hardware: Independent Flip,0,29.501196,6.8488,6.8488,0.4210
DemoGame.exe,7412,0x1F2A3B4C,DXGI,0,0,1,Hardware: Independent Flip,0,29.508163,6.9675,6.9675,0.4210
DemoGame.exe,7412,0x1F2A3B4C,DXGI,0,0,1,Hardware: Independent Flip,0,29.515175,7.0119,7.0119,0.4210
DemoGame.exe,7412,0x1F2A3B4C,DXGI,0,0,1,Hardware: Independent Flip,0,29.521911,6.7364,6.7364,0.4210
DemoGame.exe,7412,0x1F2A3B4C,DXGI,0,0,1,Hardware: Independent Flip,0,29.528894,6.9829,6.9829,0.4210
DemoGame.exe,7412,0x1F2A3B4C,DXGI,0,0,1,Hardware: Independent Flip,0,29.536034,7.1396,7.1396,0.4210
DemoGame.exe,7412,0x1F2A3B4C,DXGI,0,0,1,Hardware: Independent Flip,0,29.543159,7.1247,7.1247,0.4210
DemoGame.exe,7412,0x1F2A3B4C,DXGI,0,0,1,Hardware: Independent Flip,0,29.550305,7.1466,7.1466,0.4210
DemoGame.exe,7412,0x1F2A3B4C,DXGI,0,0,1,Hardware: Independent Flip,0,29.556949,6.6440,6.6440,0.4210
DemoGame.exe,7412,0x1F2A3B4C,DXGI,0,0,1,Hardware: Independent Flip,0,29.563982,7.0323,7.0323,0.4210
DemoGame.exe,7412,0x1F2A3B4C,DXGI,0,0,1,Hardware: Independent Flip,0,29.571182,7.2008,7.2008,0.4210
DemoGame.exe,7412,0x1F2A3B4C,DXGI,0,0,1,Hardware: Independent Flip,0,29.577945,6.7625,6.7625,0.4210
DemoGame.exe,7412,0x1F2A3B4C,DXGI,0,0,1,Hardware: Independent Flip,0,29.584595,6.6505,6.6505,0.4210
DemoGame.exe,7412,0x1F2A3B4C,DXGI,0,0,1,Hardware: Independent Flip,0,29.591383,6.7880,6.7880,0.4210
DemoGame.exe,7412,0x1F2A3B4C,DXGI,0,0,1,Hardware: Independent Flip,0,29.598033,6.6492,6.6492,0.4210
DemoGame.exe,7412,0x1F2A3B4C,DXGI,0,0,1,Hardware: Independent Flip,0,29.604826,6.7933,6.7933,0.4210
DemoGame.exe,7412,0x1F2A3B4C,DXGI,0,0,1,Hardware: Independent Flip,0,29.611706,6.8797,6.8797,0.4210
DemoGame.exe,7412,0x1F2A3B4C,DXGI,0,0,1,Hardware: Independent Flip,0,29.618923,7.2170,7.2170,0.4210
DemoGame.exe,7412,0x1F2A3B4C,DXGI,0,0,1,Hardware: Independent Flip,0,29.625933,7.0099,7.0099,0.4210
DemoGame.exe,7412,0x1F2A3B4C,DXGI,0,0,1,Hardware: Independent Flip,0,29.633030,7.0978,7.0978,0.4210
DemoGame.exe,7412,0x1F2A3B4C,DXGI,0,0,1,Hardware: Independent Flip,0,29.640106,7.0758,7.0758,0.4210
DemoGame.exe,7412,0x1F2A3B4C,DXGI,0,0,1,Hardware: Independent Flip,0,29.647199,7.0934,7.0934,0.4210
DemoGame.exe,7412,0x1F2A3B4C,DXGI,0,0,1,Hardware: Independent Flip,0,29.654352,7.1522,7.1522,0.4210
DemoGame.exe,7412,0x1F2A3B4C,DXGI,0,0,1,Hardware: Independent Flip,0,29.661476,7.1247,7.1247,0.4210
DemoGame.exe,7412,0x1F2A3B4C,DXGI,0,0,1,Hardware: Independent Flip,0,29.668647,7.1709,7.1709,0.4210
DemoGame.exe,7412,0x1F2A3B4C,DXGI,0,0,1,Hardware: Independent Flip,0,29.675572,6.9246,6.9246,0.4210
DemoGame.exe,7412,0x1F2A3B4C,DXGI,0,0,1,Hardware: Independent Flip,0,29.682470,6.8981,6.8981,0.4210
DemoGame.exe,7412,0x1F2A3B4C,DXGI,0,0,1,Hardware: Independent Flip,0,29.689711,7.2414,7.2414,0.4210
DemoGame.exe,7412,0x1F2A3B4C,DXGI,0,0,1,Hardware: Independent Flip,0,29.696667,6.9552,6.9552,0.4210
DemoGame.exe,7412,0x1F2A3B4C,DXGI,0,0,1,Hardware: Independent Flip,0,29.703859,7.1923,7.1923,0.4210
DemoGame.exe,7412,0x1F2A3B4C,DXGI,0,0,1,Hardware: Independent Flip,0,29.710848,6.9890,6.9890,0.4210
DemoGame.exe,7412,0x1F2A3B4C,DXGI,0,0,1,Hardware: Independent Flip,0,29.717835,6.9868,6.9868,0.4210
DemoGame.exe,7412,0x1F2A3B4C,DXGI,0,0,1,Hardware: Independent Flip,0,29.724636,6.8014,6.8014,0.4210
DemoGame.exe,7412,0x1F2A3B4C,DXGI,0,0,1,Hardware: Independent Flip,0,29.731595,6.9594,6.9594,0.4210
DemoGame.exe,7412,0x1F2A3B4C,DXGI,0,0,1,Hardware: Independent Flip,0,29.738369,6.7731,6.7731,0.4210
DemoGame.exe,7412,0x1F2A3B4C,DXGI,0,0,1,Hardware: Independent Flip,0,29.745444,7.0755,7.0755,0.4210
DemoGame.exe,7412,0x1F2A3B4C,DXGI,0,0,1,Hardware: Independent Flip,0,29.752092,6.6481,6.6481,0.4210
DemoGame.exe,7412,0x1F2A3B4C,DXGI,0,0,1,Hardware: Independent Flip,0,29.759270,7.1775,7.1775,0.4210
DemoGame.exe,7412,0x1F2A3B4C,DXGI,0,0,1,Hardware: Independent Flip,0,29.766488,7.2184,7.2184,0.4210
DemoGame.exe,7412,0x1F2A3B4C,DXGI,0,0,1,Hardware: Independent Flip,0,29.773271,6.7832,6.7832,0.4210
DemoGame.exe,7412,0x1F2A3B4C,DXGI,0,0,1,Hardware: Independent Flip,0,29.779999,6.7279,6.7279,0.4210
DemoGame.exe,7412,0x1F2A3B4C,DXGI,0,0,1,Hardware: Independent Flip,0,29.786879,6.8796,6.8796,0.4210
DemoGame.exe,7412,0x1F2A3B4C,DXGI,0,0,1,Hardware: Independent Flip,0,29.793741,6.8625,6.8625,0.4210
DemoGame.exe,7412,0x1F2A3B4C,DXGI,0,0,1,Hardware: Independent Flip,0,29.800897,7.1556,7.1556,0.4210
DemoGame.exe,7412,0x1F2A3B4C,DXGI,0,0,1,Hardware: Independent Flip,0,29.807928,7.0315,7.0315,0.4210
DemoGame.exe,7412,0x1F2A3B4C,DXGI,0,0,1,Hardware: Independent Flip,0,29.815070,7.1413,7.1413,0.4210
DemoGame.exe,7412,0x1F2A3B4C,DXGI,0,0,1,Hardware: Independent Flip,0,29.821918,6.8485,6.8485,0.4210
DemoGame.exe,7412,0x1F2A3B4C,DXGI,0,0,1,Hardware: Independent Flip,0,29.828867,6.9486,6.9486,0.4210
DemoGame.exe,7412,0x1F2A3B4C,DXGI,0,0,1,Hardware: Independent Flip,0,29.835976,7.1088,7.1088,0.4210
DemoGame.exe,7412,0x1F2A3B4C,DXGI,0,0,1,Hardware: Independent Flip,0,29.842835,6.8594,6.8594,0.4210
DemoGame.exe,7412,0x1F2A3B4C,DXGI,0,0,1,Hardware: Independent Flip,0,29.849917,7.0822,7.0822,0.4210
DemoGame.exe,7412,0x1F2A3B4C,DXGI,0,0,1,Hardware: Independent Flip,0,29.857136,7.2185,7.2185,0.4210
DemoGame.exe,7412,0x1F2A3B4C,DXGI,0,0,1,Hardware: Independent Flip,0,29.863997,6.8617,6.8617,0.4210
DemoGame.exe,7412,0x1F2A3B4C,DXGI,0,0,1,Hardware: Independent Flip,0,29.871046,7.0483,7.0483,0.4210
DemoGame.exe,7412,0x1F2A3B4C,DXGI,0,0,1,Hardware: Independent Flip,0,29.877891,6.8450,6.8450,0.4210
DemoGame.exe,7412,0x1F2A3B4C,DXGI,0,0,1,Hardware: Independent Flip,0,29.884890,6.9994,6.9994,0.4210
DemoGame.exe,7412,0x1F2A3B4C,DXGI,0,0,1,Hardware: Independent Flip,0,29.891949,7.0592,7.0592,0.4210
DemoGame.exe,7412,0x1F2A3B4C,DXGI,0,0,1,Hardware: Independent Flip,0,29.899080,7.1312,7.1312,0.4210
DemoGame.exe,7412,0x1F2A3B4C,DXGI,0,0,1,Hardware: Independent Flip,0,29.905890,6.8095,6.8095,0.4210
DemoGame.exe,7412,0x1F2A3B4C,DXGI,0,0,1,Hardware: Independent Flip,0,29.912592,6.7023,6.7023,0.4210
DemoGame.exe,7412,0x1F2A3B4C,DXGI,0,0,1,Hardware: Independent Flip,0,29.919478,6.8855,6.8855,0.4210
DemoGame.exe,7412,0x1F2A3B4C,DXGI,0,0,1,Hardware: Independent Flip,0,29.926605,7.1273,7.1273,0.4210
DemoGame.exe,7412,0x1F2A3B4C,DXGI,0,0,1,Hardware: Independent Flip,0,29.933440,6.8354,6.8354,0.4210
DemoGame.exe,7412,0x1F2A3B4C,DXGI,0,0,1,Hardware: Independent Flip,0,29.940136,6.6957,6.6957,0.4210
DemoGame.exe,7412,0x1F2A3B4C,DXGI,0,0,1,Hardware: Independent Flip,0,29.946823,6.6874,6.6874,0.4210
DemoGame.exe,7412,0x1F2A3B4C,DXGI,0,0,1,Hardware: Independent Flip,0,29.953681,6.8580,6.8580,0.4210
DemoGame.exe,7412,0x1F2A3B4C,DXGI,0,0,1,Hardware: Independent Flip,0,29.960887,7.2051,7.2051,0.4210
DemoGame.exe,7412,0x1F2A3B4C,DXGI,0,0,1,Hardware: Independent Flip,0,29.967822,6.9351,6.9351,0.4210
DemoGame.exe,7412,0x1F2A3B4C,DXGI,0,0,1,Hardware: Independent Flip,0,29.974481,6.6589,6.6589,0.4210
DemoGame.exe,7412,0x1F2A3B4C,DXGI,0,0,1,Hardware: Independent Flip,0,29.981298,6.8178,6.8178,0.4210
DemoGame.exe,7412,0x1F2A3B4C,DXGI,0,0,1,Hardware: Independent Flip,0,29.988088,6.7892,6.7892,0.4210
DemoGame.exe,7412,0x1F2A3B4C,DXGI,0,0,1,Hardware: Independent Flip,0,29.995034,6.9462,6.9462,0.4210
DemoGame.exe,7412,0x1F2A3B4C,DXGI,0,0,1,Hardware: Independent Flip,0,30.002276,7.2426,7.2426,0.4210
DemoGame.exe,7412,0x1F2A3B4C,DXGI,0,0,1,Hardware: Independent Flip,0,30.009147,6.8708,6.8708,0.4210
DemoGame.exe,7412,0x1F2A3B4C,DXGI,0,0,1,Hardware: Independent Flip,0,30.016161,7.0139,7.0139,0.4210
DemoGame.exe,7412,0x1F2A3B4C,DXGI,0,0,1,Hardware: Independent Flip,0,30.023001,6.8402,6.8402,0.4210
DemoGame.exe,7412,0x1F2A3B4C,DXGI,0,0,1,Hardware: Independent Flip,0,30.029876,6.8749,6.8749,0.4210
DemoGame.exe,7412,0x1F2A3B4C,DXGI,0,0,1,Hardware: Independent Flip,0,30.037117,7.2406,7.2406,0.4210
DemoGame.exe,7412,0x1F2A3B4C,DXGI,0,0,1,Hardware: Independent Flip,0,30.043854,6.7372,6.7372,0.4210
DemoGame.exe,7412,0x1F2A3B4C,DXGI,0,0,1,Hardware: Independent Flip,0,30.050527,6.6736,6.6736,0.4210
DemoGame.exe,7412,0x1F2A3B4C,DXGI,0,0,1,Hardware: Independent Flip,0,30.057248,6.7201,6.7201,0.4210
DemoGame.exe,7412,0x1F2A3B4C,DXGI,0,0,1,Hardware: Independent Flip,0,30.064441,7.1935,7.1935,0.4210
DemoGame.exe,7412,0x1F2A3B4C,DXGI,0,0,1,Hardware: Independent Flip,0,30.071218,6.7766,6.7766,0.4210
DemoGame.exe,7412,0x1F2A3B4C,DXGI,0,0,1,Hardware: Independent Flip,0,30.077958,6.7399,6.7399,0.4210
DemoGame.exe,7412,0x1F2A3B4C,DXGI,0,0,1,Hardware: Independent Flip,0,30.084712,6.7541,6.7541,0.4210
DemoGame.exe,7412,0x1F2A3B4C,DXGI,0,0,1,Hardware: Independent Flip,0,30.091726,7.0145,7.0145,0.4210
DemoGame.exe,7412,0x1F2A3B4C,DXGI,0,0,1,Hardware: Independent Flip,0,30.098495,6.7691,6.7691,0.4210
DemoGame.exe,7412,0x1F2A3B4C,DXGI,0,0,1,Hardware: Independent Flip,0,30.105492,6.9972,6.9972,0.4210
DemoGame.exe,7412,0x1F2A3B4C,DXGI,0,0,1,Hardware: Independent Flip,0,30.112251,6.7584,6.7584,0.4210
DemoGame.exe,7412,0x1F2A3B4C,DXGI,0,0,1,Hardware: Independent Flip,0,30.119268,7.0177,7.0177,0.4210
DemoGame.exe,7412,0x1F2A3B4C,DXGI,0,0,1,Hardware: Independent Flip,0,30.125929,6.6602,6.6602,0.4210
DemoGame.exe,7412,0x1F2A3B4C,DXGI,0,0,1,Hardware: Independent Flip,0,30.132690,6.7609,6.7609,0.4210
DemoGame.exe,7412,0x1F2A3B4C,DXGI,0,0,1,Hardware: Independent Flip,0,30.139702,7.0120,7.0120,0.4210
DemoGame.exe,7412,0x1F2A3B4C,DXGI,0,0,1,Hardware: Independent Flip,0,30.146862,7.1601,7.1601,0.4210
DemoGame.exe,7412,0x1F2A3B4C,DXGI,0,0,1,Hardware: Independent Flip,0,30.154003,7.1416,7.1416,0.4210
DemoGame.exe,7412,0x1F2A3B4C,DXGI,0,0,1,Hardware: Independent Flip,0,30.160848,6.8446,6.8446,0.4210
DemoGame.exe,7412,0x1F2A3B4C,DXGI,0,0,1,Hardware: Independent Flip,0,30.167536,6.6883,6.6883,0.4210
DemoGame.exe,7412,0x1F2A3B4C,DXGI,0,0,1,Hardware: Independent Flip,0,30.174347,6.8108,6.8108,0.4210
DemoGame.exe,7412,0x1F2A3B4C,DXGI,0,0,1,Hardware: Independent Flip,0,30.181459,7.1123,7.1123,0.4210
DemoGame.exe,7412,0x1F2A3B4C,DXGI,0,0,1,Hardware: Independent Flip,0,30.188277,6.8175,6.8175,0.4210
DemoGame.exe,7412,0x1F2A3B4C,DXGI,0,0,1,Hardware: Independent Flip,0,30.195457,7.1802,7.1802,0.4210
DemoGame.exe,7412,0x1F2A3B4C,DXGI,0,0,1,Hardware: Independent Flip,0,30.202614,7.1574,7.1574,0.4210
DemoGame.exe,7412,0x1F2A3B4C,DXGI,0,0,1,Hardware: Independent Flip,0,30.209548,6.9337,6.9337,0.4210
DemoGame.exe,7412,0x1F2A3B4C,DXGI,0,0,1,Hardware: Independent Flip,0,30.216483,6.9350,6.9350,0.4210
DemoGame.exe,7412,0x1F2A3B4C,DXGI,0,0,1,Hardware: Independent Flip,0,30.223197,6.7142,6.7142,0.4210
DemoGame.exe,7412,0x1F2A3B4C,DXGI,0,0,1,Hardware: Independent Flip,0,30.229977,6.7800,6.7800,0.4210
DemoGame.exe,7412,0x1F2A3B4C,DXGI,0,0,1,Hardware: Independent Flip,0,30.237197,7.2199,7.2199,0.4210
DemoGame.exe,7412,0x1F2A3B4C,DXGI,0,0,1,Hardware: Independent Flip,0,30.244432,7.2349,7.2349,0.4210
DemoGame.exe,7412,0x1F2A3B4C,DXGI,0,0,1,Hardware: Independent Flip,0,30.251110,6.6784,6.6784,0.4210
DemoGame.exe,7412,0x1F2A3B4C,DXGI,0,0,1,Hardware: Independent Flip,0,30.257759,6.6488,6.6488,0.4210
DemoGame.exe,7412,0x1F2A3B4C,DXGI,0,0,1,Hardware: Independent Flip,0,30.264528,6.7685,6.7685,0.4210
DemoGame.exe,7412,0x1F2A3B4C,DXGI,0,0,1,Hardware: Independent Flip,0,30.271590,7.0627,7.0627,0.4210
DemoGame.exe,7412,0x1F2A3B4C,DXGI,0,0,1,Hardware: Independent Flip,0,30.278628,7.0380,7.0380,0.4210
DemoGame.exe,7412,0x1F2A3B4C,DXGI,0,0,1,Hardware: Independent Flip,0,30.285408,6.7799,6.7799,0.4210
DemoGame.exe,7412,0x1F2A3B4C,DXGI,0,0,1,Hardware: Independent Flip,0,30.292634,7.2261,7.2261,0.4210
DemoGame.exe,7412,0x1F2A3B4C,DXGI,0,0,1,Hardware: Independent Flip,0,30.299570,6.9360,6.9360,0.4210
DemoGame.exe,7412,0x1F2A3B4C,DXGI,0,0,1,Hardware: Independent Flip,0,30.306565,6.9947,6.9947,0.4210
DemoGame.exe,7412,0x1F2A3B4C,DXGI,0,0,1,Hardware: Independent Flip,0,30.313305,6.7395,6.7395,0.4210
DemoGame.exe,7412,0x1F2A3B4C,DXGI,0,0,1,Hardware: Independent Flip,0,30.320490,7.1855,7.1855,0.4210
DemoGame.exe,7412,0x1F2A3B4C,DXGI,0,0,1,Hardware: Independent Flip,0,30.327407,6.9169,6.9169,0.4210
DemoGame.exe,7412,0x1F2A3B4C,DXGI,0,0,1,Hardware: Independent Flip,0,30.334140,6.7329,6.7329,0.4210
DemoGame.exe,7412,0x1F2A3B4C,DXGI,0,0,1,Hardware: Independent Flip,0,30.340992,6.8520,6.8520,0.4210
DemoGame.exe,7412,0x1F2A3B4C,DXGI,0,0,1,Hardware: Independent Flip,0,30.347813,6.8207,6.8207,0.4210
DemoGame.exe,7412,0x1F2A3B4C,DXGI,0,0,1,Hardware: Independent Flip,0,30.354698,6.8852,6.8852,0.4210
DemoGame.exe,7412,0x1F2A3B4C,DXGI,0,0,1,Hardware: Independent Flip,0,30.361499,6.8015,6.8015,0.4210
DemoGame.exe,7412,0x1F2A3B4C,DXGI,0,0,1,Hardware: Independent Flip,0,30.368172,6.6723,6.6723,0.4210
DemoGame.exe,7412,0x1F2A3B4C,DXGI,0,0,1,Hardware: Independent Flip,0,30.375350,7.1782,7.1782,0.4210
DemoGame.exe,7412,0x1F2A3B4C,DXGI,0,0,1,Hardware: Independent Flip,0,30.382077,6.7265,6.7265,0.4210
DemoGame.exe,7412,0x1F2A3B4C,DXGI,0,0,1,Hardware: Independent Flip,0,30.389050,6.9732,6.9732,0.4210
DemoGame.exe,7412,0x1F2A3B4C,DXGI,0,0,1,Hardware: Independent Flip,0,30.395863,6.8133,6.8133,0.4210
DemoGame.exe,7412,0x1F2A3B4C,DXGI,0,0,1,Hardware: Independent Flip,0,30.402659,6.7959,6.7959,0.4210
DemoGame.exe,7412,0x1F2A3B4C,DXGI,0,0,1,Hardware: Independent Flip,0,30.409367,6.7080,6.7080,0.4210
DemoGame.exe,7412,0x1F2A3B4C,DXGI,0,0,1,Hardware: Independent Flip,0,30.416139,6.7723,6.7723,0.4210
DemoGame.exe,7412,0x1F2A3B4C,DXGI,0,0,1,Hardware: Independent Flip,0,30.423303,7.1637,7.1637,0.4210
DemoGame.exe,7412,0x1F2A3B4C,DXGI,0,0,1,Hardware: Independent Flip,0,30.430040,6.7374,6.7374,0.4210
DemoGame.exe,7412,0x1F2A3B4C,DXGI,0,0,1,Hardware: Independent Flip,0,30.436847,6.8067,6.8067,0.4210
DemoGame.exe,7412,0x1F2A3B4C,DXGI,0,0,1,Hardware: Independent Flip,0,30.443751,6.9039,6.9039,0.4210
DemoGame.exe,7412,0x1F2A3B4C,DXGI,0,0,1,Hardware: Independent Flip,0,30.450836,7.0856,7.0856,0.4210
DemoGame.exe,7412,0x1F2A3B4C,DXGI,0,0,1,Hardware: Independent Flip,0,30.457506,6.6697,6.6697,0.4210
DemoGame.exe,7412,0x1F2A3B4C,DXGI,0,0,1,Hardware: Independent Flip,0,30.464724,7.2182,7.2182,0.4210
DemoGame.exe,7412,0x1F2A3B4C,DXGI,0,0,1,Hardware: Independent Flip,0,30.471763,7.0386,7.0386,0.4210
DemoGame.exe,7412,0x1F2A3B4C,DXGI,0,0,1,Hardware: Independent Flip,0,30.478541,6.7781,6.7781,0.4210
DemoGame.exe,7412,0x1F2A3B4C,DXGI,0,0,1,Hardware: Independent Flip,0,30.485504,6.9628,6.9628,0.4210
DemoGame.exe,7412,0x1F2A3B4C,DXGI,0,0,1,Hardware: Independent Flip,0,30.492257,6.7536,6.7536,0.4210
DemoGame.exe,7412,0x1F2A3B4C,DXGI,0,0,1,Hardware: Independent Flip,0,30.499151,6.8932,6.8932,0.4210
